system time,ID,DLC,CAN-FD,data
15:43:57.705,0x124,8,CAN,x| 68 0E 10 1D D8 13 23 00 
15:43:57.705,0x120,6,CAN,x| 02 43 0A A4 5D 03 
15:43:57.705,0x122,8,CAN,x| B0 00 00 03 13 00 00 00 
15:43:57.715,0x124,8,CAN,x| 68 0E 10 1D D8 13 20 00 
15:43:57.715,0x120,6,CAN,x| 02 43 0C A4 60 00 
15:43:57.715,0x122,8,CAN,x| B0 00 00 00 13 00 00 00 
15:43:57.717,0x13F,8,CAN,x| 00 0E 10 00 00 00 00 00 
15:43:57.725,0x124,8,CAN,x| 68 0E 10 1D D8 08 21 00 
15:43:57.725,0x120,6,CAN,x| 02 43 0C A4 60 01 
15:43:57.725,0x122,8,CAN,x| B0 00 00 01 08 00 00 00 
15:43:57.735,0x124,8,CAN,x| 68 0E 10 1D D8 13 22 00 
15:43:57.735,0x120,6,CAN,x| 02 43 0C A4 60 02 
15:43:57.735,0x122,8,CAN,x| B0 00 00 02 13 00 00 00 
15:43:57.737,0x13F,8,CAN,x| 00 0E 10 00 00 00 00 00 
15:43:57.745,0x124,8,CAN,x| 68 0E 10 1D D8 13 23 00 
15:43:57.745,0x120,6,CAN,x| 02 43 08 A4 60 03 
15:43:57.745,0x122,8,CAN,x| B0 00 00 03 13 00 00 00 
15:43:57.747,0x314,8,CAN,x| 00 00 00 00 00 00 91 01 
15:43:57.747,0x32E,8,CAN,x| 00 00 00 00 64 00 00 00 
15:43:57.755,0x124,8,CAN,x| 68 0E 10 1D D8 12 20 00 
15:43:57.755,0x120,6,CAN,x| 02 43 08 A4 5F 00 
15:43:57.755,0x122,8,CAN,x| B0 00 00 00 12 00 00 00 
15:43:57.757,0x13F,8,CAN,x| 00 0E 10 00 00 00 00 00 
15:43:57.765,0x124,8,CAN,x| 68 0E 10 1D D8 13 21 00 
15:43:57.765,0x120,6,CAN,x| 02 43 08 A4 5F 01 
15:43:57.765,0x122,8,CAN,x| B0 00 00 01 13 00 00 00 
15:43:57.775,0x124,8,CAN,x| 68 0E 10 1D D8 13 22 00 
15:43:57.775,0x120,6,CAN,x| 02 43 08 A4 5F 02 
15:43:57.775,0x122,8,CAN,x| B0 00 00 02 13 00 00 00 
15:43:57.775,0x310,8,CAN,x| 01 3B 00 00 00 00 08 00 
15:43:57.775,0x318,8,CAN,x| 01 41 FF 00 00 00 10 80 
15:43:57.777,0x13F,8,CAN,x| 00 0E 10 00 00 00 00 00 
15:43:57.785,0x124,8,CAN,x| 68 0E 10 1D D8 13 23 00 
15:43:57.785,0x120,6,CAN,x| 02 43 08 A4 60 03 
15:43:57.785,0x122,8,CAN,x| B0 00 00 03 13 00 00 00 
15:43:57.795,0x124,8,CAN,x| 68 0E 10 1D D8 12 20 00 
15:43:57.795,0x120,6,CAN,x| 02 43 08 A4 61 00 
15:43:57.795,0x122,8,CAN,x| B0 00 00 00 12 00 00 00 
15:43:57.797,0x13F,8,CAN,x| 00 0E 10 00 00 00 00 00 
15:43:57.805,0x124,8,CAN,x| 68 0E 10 1D D8 13 21 00 
15:43:57.805,0x120,6,CAN,x| 02 43 08 A4 61 01 
15:43:57.805,0x122,8,CAN,x| B0 00 00 01 13 00 00 00 
15:43:57.815,0x124,8,CAN,x| 68 0E 10 1D D8 12 22 00 
15:43:57.815,0x120,6,CAN,x| 02 43 02 A4 5F 02 
15:43:57.815,0x122,8,CAN,x| B0 00 00 02 12 00 00 00 
15:43:57.817,0x13F,8,CAN,x| 00 0E 10 00 00 00 00 00 
15:43:57.825,0x124,8,CAN,x| 68 0E 10 1D D8 0D 23 00 
15:43:57.825,0x120,6,CAN,x| 02 43 02 A4 5F 03 
15:43:57.825,0x122,8,CAN,x| B0 00 00 03 0D 00 00 00 
15:43:57.835,0x124,8,CAN,x| 68 0E 10 1D D8 12 20 00 
15:43:57.835,0x120,6,CAN,x| 02 43 02 A4 5F 00 
15:43:57.835,0x122,8,CAN,x| B0 00 00 00 12 00 00 00 
15:43:57.837,0x13F,8,CAN,x| 00 0E 10 00 00 00 00 00 
15:43:57.845,0x124,8,CAN,x| 68 0E 10 1D D8 12 21 00 
15:43:57.845,0x120,6,CAN,x| 02 43 01 A4 60 01 
15:43:57.845,0x122,8,CAN,x| B0 00 00 01 12 00 00 00 
15:43:57.847,0x314,8,CAN,x| 00 00 00 00 00 00 7B 01 
15:43:57.847,0x500,8,CAN,x| 75 03 3F 3F 3F 3F 3F 3F 
15:43:57.847,0x32E,8,CAN,x| 00 00 00 01 64 00 00 00 
15:43:57.855,0x124,8,CAN,x| 68 0E 10 1D D8 0F 22 00 
15:43:57.855,0x120,6,CAN,x| 02 43 01 A4 60 02 
15:43:57.855,0x122,8,CAN,x| B0 00 00 02 0F 00 00 00 
15:43:57.857,0x13F,8,CAN,x| 00 0E 10 00 00 00 00 00 
15:43:57.865,0x124,8,CAN,x| 68 0E 10 1D D8 12 23 00 
15:43:57.865,0x120,6,CAN,x| 02 43 01 A4 63 03 
15:43:57.865,0x122,8,CAN,x| B0 00 00 03 12 00 00 00 
15:43:57.875,0x124,8,CAN,x| 68 0E 10 1D D8 12 20 00 
15:43:57.875,0x120,6,CAN,x| 02 43 01 A4 63 00 
15:43:57.875,0x122,8,CAN,x| B0 00 00 00 12 00 00 00 
15:43:57.875,0x310,8,CAN,x| 01 3B 00 00 00 00 08 00 
15:43:57.877,0x318,8,CAN,x| 01 41 FF 00 00 00 10 80 
15:43:57.877,0x13F,8,CAN,x| 00 0E 10 00 00 00 00 00 
15:43:57.885,0x124,8,CAN,x| 68 0E 10 1D D8 12 21 00 
15:43:57.885,0x120,6,CAN,x| 02 42 FC A4 61 01 
15:43:57.885,0x122,8,CAN,x| B0 00 00 01 12 00 00 00 
15:43:57.895,0x124,8,CAN,x| 68 0E 10 1D D8 12 22 00 
15:43:57.895,0x120,6,CAN,x| 02 42 FC A4 61 02 
15:43:57.895,0x122,8,CAN,x| B0 00 00 02 12 00 00 00 
15:43:57.897,0x13F,8,CAN,x| 00 0E 10 00 00 00 00 00 
15:43:57.905,0x124,8,CAN,x| 68 0E 10 1D D8 12 23 00 
15:43:57.905,0x120,6,CAN,x| 02 42 FC A4 62 03 
15:43:57.905,0x122,8,CAN,x| B0 00 00 03 12 00 00 00 
15:43:57.915,0x124,8,CAN,x| 68 0E 10 1D D8 12 20 00 
15:43:57.915,0x120,6,CAN,x| 02 42 FF A4 60 00 
15:43:57.915,0x122,8,CAN,x| B0 00 00 00 12 00 00 00 
15:43:57.917,0x13F,8,CAN,x| 00 0E 10 00 00 00 00 00 
15:43:57.925,0x124,8,CAN,x| 68 0E 10 1D D8 0A 21 00 
15:43:57.925,0x120,6,CAN,x| 02 42 FF A4 63 01 
15:43:57.925,0x122,8,CAN,x| B0 00 00 01 0A 00 00 00 
15:43:57.935,0x124,8,CAN,x| 68 0E 10 1D D8 12 22 00 
15:43:57.935,0x120,6,CAN,x| 02 42 FF A4 63 02 
15:43:57.935,0x122,8,CAN,x| B0 00 00 02 12 00 00 00 
15:43:57.937,0x13F,8,CAN,x| 00 0E 10 00 00 00 00 00 
15:43:57.945,0x124,8,CAN,x| 68 0E 10 1D D8 12 23 00 
15:43:57.945,0x120,6,CAN,x| 02 43 00 A4 64 03 
15:43:57.945,0x122,8,CAN,x| B0 00 00 03 12 00 00 00 
15:43:57.947,0x314,8,CAN,x| 00 00 00 00 00 00 6F 01 
15:43:57.947,0x32E,8,CAN,x| 00 00 00 02 64 00 00 00 
15:43:57.955,0x124,8,CAN,x| 68 0E 10 1D D8 12 20 00 
15:43:57.955,0x120,6,CAN,x| 02 43 00 A4 60 00 
15:43:57.955,0x122,8,CAN,x| B0 00 00 00 12 00 00 00 
15:43:57.957,0x13F,8,CAN,x| 00 0E 10 00 00 00 00 00 
15:43:57.965,0x124,8,CAN,x| 68 0E 10 1D D8 13 21 00 
15:43:57.965,0x120,6,CAN,x| 02 43 00 A4 60 01 
15:43:57.965,0x122,8,CAN,x| B0 00 00 01 13 00 00 00 
15:43:57.975,0x124,8,CAN,x| 68 0E 10 1D D8 13 22 00 
15:43:57.975,0x120,6,CAN,x| 02 43 00 A4 60 02 
15:43:57.975,0x122,8,CAN,x| B0 00 00 02 13 00 00 00 
15:43:57.975,0x310,8,CAN,x| 01 3B 00 00 00 00 08 00 
15:43:57.977,0x318,8,CAN,x| 01 41 FF 00 00 00 10 80 
15:43:57.977,0x13F,8,CAN,x| 00 0E 10 00 00 00 00 00 
15:43:57.985,0x124,8,CAN,x| 68 0E 10 1D D8 13 23 00 
15:43:57.985,0x120,6,CAN,x| 02 43 04 A4 60 03 
15:43:57.985,0x122,8,CAN,x| B0 00 00 03 13 00 00 00 
15:43:57.995,0x124,8,CAN,x| 68 0E 10 1D D8 12 20 00 
15:43:57.995,0x120,6,CAN,x| 02 43 04 A4 60 00 
15:43:57.995,0x122,8,CAN,x| B0 00 00 00 12 00 00 00 
15:43:57.997,0x13F,8,CAN,x| 00 0E 10 00 00 00 00 00 
15:43:58.005,0x124,8,CAN,x| 68 0E 10 1D D8 13 21 00 
15:43:58.005,0x120,6,CAN,x| 02 43 04 A4 60 01 
15:43:58.005,0x122,8,CAN,x| B0 00 00 01 13 00 00 00 
15:43:58.015,0x124,8,CAN,x| 68 0E 10 1D D8 13 22 00 
15:43:58.015,0x120,6,CAN,x| 02 43 04 A4 5F 02 
15:43:58.015,0x122,8,CAN,x| B0 00 00 02 13 00 00 00 
15:43:58.017,0x13F,8,CAN,x| 00 0E 10 00 00 00 00 00 
15:43:58.025,0x124,8,CAN,x| 68 0E 10 1D D8 0E 23 00 
15:43:58.025,0x120,6,CAN,x| 02 43 04 A4 5E 03 
15:43:58.025,0x122,8,CAN,x| B0 00 00 03 0E 00 00 00 
15:43:58.035,0x124,8,CAN,x| 68 0E 10 1D D8 13 20 00 
15:43:58.035,0x120,6,CAN,x| 02 43 04 A4 5D 00 
15:43:58.035,0x122,8,CAN,x| B0 00 00 00 13 00 00 00 
15:43:58.037,0x13F,8,CAN,x| 00 0E 10 00 00 00 00 00 
15:43:58.045,0x124,8,CAN,x| 68 0E 10 1D D8 13 21 00 
15:43:58.045,0x120,6,CAN,x| 02 43 08 A4 5C 01 
15:43:58.045,0x122,8,CAN,x| B0 00 00 01 13 00 00 00 
15:43:58.047,0x314,8,CAN,x| 00 00 00 00 00 00 89 01 
15:43:58.047,0x500,8,CAN,x| 75 01 00 3F 3F 3F 3F 3F 
15:43:58.047,0x32E,8,CAN,x| 00 00 00 03 64 00 00 00 
15:43:58.055,0x124,8,CAN,x| 68 0E 10 1D D8 13 22 00 
15:43:58.055,0x120,6,CAN,x| 02 43 08 A4 5F 02 
15:43:58.055,0x122,8,CAN,x| B0 00 00 02 13 00 00 00 
15:43:58.057,0x13F,8,CAN,x| 00 0E 10 00 00 00 00 00 
15:43:58.065,0x124,8,CAN,x| 68 0E 10 1D D8 13 23 00 
15:43:58.065,0x120,6,CAN,x| 02 43 08 A4 5F 03 
15:43:58.065,0x122,8,CAN,x| B0 00 00 03 13 00 00 00 
15:43:58.075,0x124,8,CAN,x| 68 0E 10 1D D8 13 20 00 
15:43:58.075,0x120,6,CAN,x| 02 43 08 A4 5E 00 
15:43:58.075,0x122,8,CAN,x| B0 00 00 00 13 00 00 00 
15:43:58.075,0x310,8,CAN,x| 01 3B 00 00 00 00 08 00 
15:43:58.077,0x318,8,CAN,x| 01 41 FF 00 00 00 10 80 
15:43:58.077,0x13F,8,CAN,x| 00 0E 10 00 00 00 00 00 
15:43:58.085,0x124,8,CAN,x| 68 0E 10 1D D8 13 21 00 
15:43:58.087,0x120,6,CAN,x| 02 43 08 A4 5E 01 
15:43:58.087,0x122,8,CAN,x| B0 00 00 01 13 00 00 00 
15:43:58.095,0x124,8,CAN,x| 68 0E 10 1D D8 13 22 00 
15:43:58.095,0x120,6,CAN,x| 02 43 08 A4 5D 02 
15:43:58.095,0x122,8,CAN,x| B0 00 00 02 13 00 00 00 
15:43:58.097,0x13F,8,CAN,x| 00 0E 10 00 00 00 00 00 
15:43:58.105,0x124,8,CAN,x| 68 0E 10 1D D8 13 23 00 
15:43:58.105,0x120,6,CAN,x| 02 43 08 A4 5C 03 
15:43:58.107,0x122,8,CAN,x| B0 00 00 03 13 00 00 00 
15:43:58.115,0x124,8,CAN,x| 68 0E 10 1D D8 14 20 00 
15:43:58.115,0x120,6,CAN,x| 02 43 0B A4 5F 00 
15:43:58.115,0x122,8,CAN,x| B0 00 00 00 14 00 00 00 
15:43:58.117,0x13F,8,CAN,x| 00 0E 10 00 00 00 00 00 
15:43:58.125,0x124,8,CAN,x| 68 0E 10 1D D8 0A 21 00 
15:43:58.125,0x120,6,CAN,x| 02 43 0B A4 5E 01 
15:43:58.125,0x122,8,CAN,x| B0 00 00 01 0A 00 00 00 
15:43:58.135,0x124,8,CAN,x| 68 0E 10 1D D8 14 22 00 
15:43:58.135,0x120,6,CAN,x| 02 43 0B A4 5E 02 
15:43:58.135,0x122,8,CAN,x| B0 00 00 02 14 00 00 00 
15:43:58.137,0x13F,8,CAN,x| 00 0E 10 00 00 00 00 00 
15:43:58.145,0x124,8,CAN,x| 68 0E 10 1D D8 14 23 00 
15:43:58.145,0x120,6,CAN,x| 02 43 0A A4 5E 03 
15:43:58.145,0x122,8,CAN,x| B0 00 00 03 14 00 00 00 
15:43:58.147,0x314,8,CAN,x| 00 00 00 00 00 00 95 01 
15:43:58.147,0x32E,8,CAN,x| 00 00 00 00 64 00 00 00 
15:43:58.155,0x124,8,CAN,x| 68 0E 10 1D D8 14 20 00 
15:43:58.155,0x120,6,CAN,x| 02 43 0A A4 5E 00 
15:43:58.155,0x122,8,CAN,x| B0 00 00 00 14 00 00 00 
15:43:58.157,0x13F,8,CAN,x| 00 0E 10 00 00 00 00 00 
15:43:58.165,0x124,8,CAN,x| 68 0E 10 1D D8 14 21 00 
15:43:58.165,0x120,6,CAN,x| 02 43 0A A4 5D 01 
15:43:58.165,0x122,8,CAN,x| B0 00 00 01 14 00 00 00 
15:43:58.175,0x124,8,CAN,x| 68 0E 10 1D D8 14 22 00 
15:43:58.175,0x120,6,CAN,x| 02 43 0A A4 5C 02 
15:43:58.175,0x122,8,CAN,x| B0 00 00 02 14 00 00 00 
15:43:58.177,0x310,8,CAN,x| 01 3B 00 00 00 00 08 00 
15:43:58.177,0x318,8,CAN,x| 01 41 FF 00 00 00 10 80 
15:43:58.177,0x13F,8,CAN,x| 00 0E 10 00 00 00 00 00 
15:43:58.185,0x124,8,CAN,x| 68 0E 10 1D D8 14 23 00 
15:43:58.185,0x120,6,CAN,x| 02 43 0D A4 60 03 
15:43:58.185,0x122,8,CAN,x| B0 00 00 03 14 00 00 00 
15:43:58.194,0x124,8,CAN,x| 68 0E 10 1D D8 13 20 00 
15:43:58.194,0x120,6,CAN,x| 02 43 0D A4 60 00 
15:43:58.194,0x122,8,CAN,x| B0 00 00 00 13 00 00 00 
15:43:58.197,0x13F,8,CAN,x| 00 0E 10 00 00 00 00 00 
15:43:58.204,0x124,8,CAN,x| 68 0E 10 1D D8 14 21 00 
15:43:58.204,0x120,6,CAN,x| 02 43 0D A4 60 01 
15:43:58.206,0x122,8,CAN,x| B0 00 00 01 14 00 00 00 
15:43:58.214,0x124,8,CAN,x| 68 0E 10 1D D8 14 22 00 
15:43:58.214,0x120,6,CAN,x| 02 43 0A A4 5F 02 
15:43:58.214,0x122,8,CAN,x| B0 00 00 02 14 00 00 00 
15:43:58.216,0x13F,8,CAN,x| 00 0E 10 00 00 00 00 00 
15:43:58.224,0x124,8,CAN,x| 68 0E 10 1D D8 0E 23 00 
15:43:58.224,0x120,6,CAN,x| 02 43 0A A4 5E 03 
15:43:58.224,0x122,8,CAN,x| B0 00 00 03 0E 00 00 00 
15:43:58.234,0x124,8,CAN,x| 68 0E 10 1D D8 13 20 00 
15:43:58.234,0x120,6,CAN,x| 02 43 0A A4 5D 00 
15:43:58.234,0x122,8,CAN,x| B0 00 00 00 13 00 00 00 
15:43:58.236,0x13F,8,CAN,x| 00 0E 10 00 00 00 00 00 
15:43:58.244,0x124,8,CAN,x| 68 0E 10 1D D8 13 21 00 
15:43:58.244,0x120,6,CAN,x| 02 43 0C A4 5D 01 
15:43:58.244,0x122,8,CAN,x| B0 00 00 01 13 00 00 00 
15:43:58.246,0x314,8,CAN,x| 00 00 00 00 00 00 97 01 
15:43:58.246,0x500,8,CAN,x| 75 02 3F 3F 3F 3F 3F 3F 
15:43:58.246,0x32E,8,CAN,x| 00 00 00 01 64 00 00 00 
15:43:58.254,0x124,8,CAN,x| 68 0E 10 1D D8 11 22 00 
15:43:58.254,0x120,6,CAN,x| 02 43 0C A4 5F 02 
15:43:58.254,0x122,8,CAN,x| B0 00 00 02 11 00 00 00 
15:43:58.256,0x13F,8,CAN,x| 00 0E 10 00 00 00 00 00 
15:43:58.264,0x124,8,CAN,x| 68 0E 10 1D D8 13 23 00 
15:43:58.264,0x120,6,CAN,x| 02 43 0C A4 60 03 
15:43:58.264,0x122,8,CAN,x| B0 00 00 03 13 00 00 00 
15:43:58.274,0x124,8,CAN,x| 68 0E 10 1D D8 13 20 00 
15:43:58.274,0x120,6,CAN,x| 02 43 0C A4 60 00 
15:43:58.274,0x122,8,CAN,x| B0 00 00 00 13 00 00 00 
15:43:58.276,0x310,8,CAN,x| 01 3B 00 00 00 00 08 00 
15:43:58.276,0x318,8,CAN,x| 01 41 FF 00 00 00 10 80 
15:43:58.276,0x13F,8,CAN,x| 00 0E 10 00 00 00 00 00 
15:43:58.284,0x124,8,CAN,x| 68 0E 10 1D D8 13 21 00 
15:43:58.284,0x120,6,CAN,x| 02 43 09 A4 5F 01 
15:43:58.284,0x122,8,CAN,x| B0 00 00 01 13 00 00 00 
15:43:58.294,0x124,8,CAN,x| 68 0E 10 1D D8 13 22 00 
15:43:58.294,0x120,6,CAN,x| 02 43 09 A4 5F 02 
15:43:58.294,0x122,8,CAN,x| B0 00 00 02 13 00 00 00 
15:43:58.296,0x13F,8,CAN,x| 00 0E 10 00 00 00 00 00 
15:43:58.304,0x124,8,CAN,x| 68 0E 10 1D D8 13 23 00 
15:43:58.304,0x120,6,CAN,x| 02 43 09 A4 5F 03 
15:43:58.306,0x122,8,CAN,x| B0 00 00 03 13 00 00 00 
15:43:58.314,0x124,8,CAN,x| 68 0E 10 1D D8 13 20 00 
15:43:58.314,0x120,6,CAN,x| 02 43 08 A4 60 00 
15:43:58.314,0x122,8,CAN,x| B0 00 00 00 13 00 00 00 
15:43:58.316,0x13F,8,CAN,x| 00 0E 10 00 00 00 00 00 
15:43:58.324,0x124,8,CAN,x| 68 0E 10 1D D8 08 21 00 
15:43:58.324,0x120,6,CAN,x| 02 43 08 A4 61 01 
15:43:58.324,0x122,8,CAN,x| B0 00 00 01 08 00 00 00 
15:43:58.334,0x124,8,CAN,x| 68 0E 10 1D D8 13 22 00 
15:43:58.334,0x120,6,CAN,x| 02 43 08 A4 61 02 
15:43:58.334,0x122,8,CAN,x| B0 00 00 02 13 00 00 00 
15:43:58.336,0x13F,8,CAN,x| 00 0E 10 00 00 00 00 00 
15:43:58.344,0x124,8,CAN,x| 68 0E 10 1D D8 12 23 00 
15:43:58.344,0x120,6,CAN,x| 02 43 02 A4 62 03 
15:43:58.344,0x122,8,CAN,x| B0 00 00 03 12 00 00 00 
15:43:58.346,0x314,8,CAN,x| 00 00 00 00 00 00 7F 01 
15:43:58.346,0x32E,8,CAN,x| 00 00 00 02 64 00 00 00 
15:43:58.354,0x124,8,CAN,x| 68 0E 10 1D D8 11 20 00 
15:43:58.354,0x120,6,CAN,x| 02 43 02 A4 60 00 
15:43:58.354,0x122,8,CAN,x| B0 00 00 00 11 00 00 00 
15:43:58.356,0x13F,8,CAN,x| 00 0E 10 00 00 00 00 00 
15:43:58.364,0x124,8,CAN,x| 68 0E 10 1D D8 12 21 00 
15:43:58.364,0x120,6,CAN,x| 02 43 02 A4 60 01 
15:43:58.364,0x122,8,CAN,x| B0 00 00 01 12 00 00 00 
15:43:58.374,0x124,8,CAN,x| 68 0E 10 1D D8 12 22 00 
15:43:58.374,0x120,6,CAN,x| 02 43 02 A4 60 02 
15:43:58.374,0x122,8,CAN,x| B0 00 00 02 12 00 00 00 
15:43:58.376,0x310,8,CAN,x| 01 3B 00 00 00 00 08 00 
15:43:58.376,0x318,8,CAN,x| 01 41 FF 00 00 00 10 80 
15:43:58.376,0x13F,8,CAN,x| 00 0E 10 00 00 00 00 00 
15:43:58.384,0x124,8,CAN,x| 68 0E 10 1D D8 12 23 00 
15:43:58.384,0x120,6,CAN,x| 02 43 00 A4 60 03 
15:43:58.384,0x122,8,CAN,x| B0 00 00 03 12 00 00 00 
15:43:58.394,0x124,8,CAN,x| 68 0E 10 1D D8 12 20 00 
15:43:58.394,0x120,6,CAN,x| 02 43 00 A4 63 00 
15:43:58.394,0x122,8,CAN,x| B0 00 00 00 12 00 00 00 
15:43:58.396,0x13F,8,CAN,x| 00 0E 10 00 00 00 00 00 
15:43:58.404,0x124,8,CAN,x| 68 0E 10 1D D8 12 21 00 
15:43:58.404,0x120,6,CAN,x| 02 43 00 A4 63 01 
15:43:58.406,0x122,8,CAN,x| B0 00 00 01 12 00 00 00 
15:43:58.414,0x124,8,CAN,x| 68 0E 10 1D D8 12 22 00 
15:43:58.414,0x120,6,CAN,x| 02 42 FC A4 61 02 
15:43:58.414,0x122,8,CAN,x| B0 00 00 02 12 00 00 00 
15:43:58.416,0x13F,8,CAN,x| 00 0E 10 00 00 00 00 00 
15:43:58.424,0x124,8,CAN,x| 68 0E 10 1D D8 0C 23 00 
15:43:58.424,0x120,6,CAN,x| 02 42 FC A4 61 03 
15:43:58.424,0x122,8,CAN,x| B0 00 00 03 0C 00 00 00 
15:43:58.434,0x124,8,CAN,x| 68 0E 10 1D D8 12 20 00 
15:43:58.434,0x120,6,CAN,x| 02 42 FC A4 63 00 
15:43:58.434,0x122,8,CAN,x| B0 00 00 00 12 00 00 00 
15:43:58.436,0x13F,8,CAN,x| 00 0E 10 00 00 00 00 00 
15:43:58.444,0x124,8,CAN,x| 68 0E 10 1D D8 12 21 00 
15:43:58.444,0x120,6,CAN,x| 02 42 FE A4 63 01 
15:43:58.446,0x122,8,CAN,x| B0 00 00 01 12 00 00 00 
15:43:58.446,0x314,8,CAN,x| 00 00 00 00 00 00 6F 01 
15:43:58.446,0x500,8,CAN,x| 75 03 3F 3F 3F 3F 3F 3F 
15:43:58.446,0x32E,8,CAN,x| 00 00 00 03 64 00 00 00 
15:43:58.454,0x124,8,CAN,x| 68 0E 10 1D D8 12 22 00 
15:43:58.454,0x120,6,CAN,x| 02 42 FE A4 62 02 
15:43:58.454,0x122,8,CAN,x| B0 00 00 02 12 00 00 00 
15:43:58.456,0x13F,8,CAN,x| 00 0E 10 00 00 00 00 00 
15:43:58.464,0x124,8,CAN,x| 68 0E 10 1D D8 12 23 00 
15:43:58.464,0x120,6,CAN,x| 02 42 FE A4 62 03 
15:43:58.464,0x122,8,CAN,x| B0 00 00 03 12 00 00 00 
15:43:58.474,0x124,8,CAN,x| 68 0E 10 1D D8 12 20 00 
15:43:58.474,0x120,6,CAN,x| 02 42 FE A4 64 00 
15:43:58.476,0x122,8,CAN,x| B0 00 00 00 12 00 00 00 
15:43:58.476,0x310,8,CAN,x| 01 3B 00 00 00 00 08 00 
15:43:58.476,0x318,8,CAN,x| 01 41 FF 00 00 00 10 80 
15:43:58.476,0x13F,8,CAN,x| 00 0E 10 00 00 00 00 00 
15:43:58.484,0x124,8,CAN,x| 68 0E 10 1D D8 12 21 00 
15:43:58.484,0x120,6,CAN,x| 02 42 FF A4 60 01 
15:43:58.484,0x122,8,CAN,x| B0 00 00 01 12 00 00 00 
15:43:58.494,0x124,8,CAN,x| 68 0E 10 1D D8 12 22 00 
15:43:58.494,0x120,6,CAN,x| 02 42 FF A4 60 02 
15:43:58.494,0x122,8,CAN,x| B0 00 00 02 12 00 00 00 
15:43:58.496,0x13F,8,CAN,x| 00 0E 10 00 00 00 00 00 
15:43:58.504,0x124,8,CAN,x| 68 0E 10 1D D8 13 23 00 
15:43:58.506,0x120,6,CAN,x| 02 42 FF A4 60 03 
15:43:58.506,0x122,8,CAN,x| B0 00 00 03 13 00 00 00 
15:43:58.514,0x124,8,CAN,x| 68 0E 10 1D D8 13 20 00 
15:43:58.514,0x120,6,CAN,x| 02 43 04 A4 60 00 
15:43:58.514,0x122,8,CAN,x| B0 00 00 00 13 00 00 00 
15:43:58.516,0x13F,8,CAN,x| 00 0E 10 00 00 00 00 00 
15:43:58.524,0x124,8,CAN,x| 68 0E 10 1D D8 09 21 00 
15:43:58.524,0x120,6,CAN,x| 02 43 04 A4 60 01 
15:43:58.524,0x122,8,CAN,x| B0 00 00 01 09 00 00 00 
15:43:58.534,0x124,8,CAN,x| 68 0E 10 1D D8 13 22 00 
15:43:58.534,0x120,6,CAN,x| 02 43 04 A4 60 02 
15:43:58.534,0x122,8,CAN,x| B0 00 00 02 13 00 00 00 
15:43:58.536,0x13F,8,CAN,x| 00 0E 10 00 00 00 00 00 
15:43:58.544,0x124,8,CAN,x| 68 0E 10 1D D8 13 23 00 
15:43:58.544,0x120,6,CAN,x| 02 43 04 A4 60 03 
15:43:58.546,0x122,8,CAN,x| B0 00 00 03 13 00 00 00 
15:43:58.546,0x314,8,CAN,x| 00 00 00 00 00 00 7F 01 
15:43:58.546,0x32E,8,CAN,x| 00 00 00 00 64 00 00 00 
15:43:58.554,0x124,8,CAN,x| 68 0E 10 1D D8 12 20 00 
15:43:58.554,0x120,6,CAN,x| 02 43 04 A4 5F 00 
15:43:58.554,0x122,8,CAN,x| B0 00 00 00 12 00 00 00 
15:43:58.556,0x13F,8,CAN,x| 00 0E 10 00 00 00 00 00 
15:43:58.564,0x124,8,CAN,x| 68 0E 10 1D D8 13 21 00 
15:43:58.564,0x120,6,CAN,x| 02 43 04 A4 5E 01 
15:43:58.564,0x122,8,CAN,x| B0 00 00 01 13 00 00 00 
15:43:58.574,0x124,8,CAN,x| 68 0E 10 1D D8 13 22 00 
15:43:58.574,0x120,6,CAN,x| 02 43 04 A4 5D 02 
15:43:58.576,0x122,8,CAN,x| B0 00 00 02 13 00 00 00 
15:43:58.576,0x310,8,CAN,x| 01 3B 00 00 00 00 08 00 
15:43:58.576,0x318,8,CAN,x| 01 41 FF 00 00 00 10 80 
15:43:58.576,0x13F,8,CAN,x| 00 0E 10 00 00 00 00 00 
15:43:58.584,0x124,8,CAN,x| 68 0E 10 1D D8 13 23 00 
15:43:58.584,0x120,6,CAN,x| 02 43 08 A4 60 03 
15:43:58.584,0x122,8,CAN,x| B0 00 00 03 13 00 00 00 
15:43:58.594,0x124,8,CAN,x| 68 0E 10 1D D8 13 20 00 
15:43:58.594,0x120,6,CAN,x| 02 43 08 A4 5F 00 
15:43:58.594,0x122,8,CAN,x| B0 00 00 00 13 00 00 00 
15:43:58.596,0x13F,8,CAN,x| 00 0E 10 00 00 00 00 00 
15:43:58.604,0x124,8,CAN,x| 68 0E 10 1D D8 13 21 00 
15:43:58.606,0x120,6,CAN,x| 02 43 08 A4 5F 01 
15:43:58.606,0x122,8,CAN,x| B0 00 00 01 13 00 00 00 
15:43:58.614,0x124,8,CAN,x| 68 0E 10 1D D8 13 22 00 
15:43:58.614,0x120,6,CAN,x| 02 43 08 A4 5E 02 
15:43:58.614,0x122,8,CAN,x| B0 00 00 02 13 00 00 00 
15:43:58.616,0x13F,8,CAN,x| 00 0E 10 00 00 00 00 00 
15:43:58.624,0x124,8,CAN,x| 68 0E 10 1D D8 0E 23 00 
15:43:58.624,0x120,6,CAN,x| 02 43 08 A4 5D 03 
15:43:58.624,0x122,8,CAN,x| B0 00 00 03 0E 00 00 00 
15:43:58.634,0x124,8,CAN,x| 68 0E 10 1D D8 14 20 00 
15:43:58.634,0x120,6,CAN,x| 02 43 08 A4 5C 00 
15:43:58.634,0x122,8,CAN,x| B0 00 00 00 14 00 00 00 
15:43:58.636,0x13F,8,CAN,x| 00 0E 10 00 00 00 00 00 
15:43:58.644,0x124,8,CAN,x| 68 0E 10 1D D8 13 21 00 
15:43:58.644,0x120,6,CAN,x| 02 43 0B A4 5C 01 
15:43:58.646,0x122,8,CAN,x| B0 00 00 01 13 00 00 00 
15:43:58.646,0x314,8,CAN,x| 00 00 00 00 00 00 95 01 
15:43:58.646,0x500,8,CAN,x| 75 01 00 3F 3F 3F 3F 3F 
15:43:58.648,0x32E,8,CAN,x| 00 00 00 01 64 00 00 00 
15:43:58.654,0x124,8,CAN,x| 68 0E 10 1D D8 13 22 00 
15:43:58.654,0x120,6,CAN,x| 02 43 0B A4 5E 02 
15:43:58.654,0x122,8,CAN,x| B0 00 00 02 13 00 00 00 
15:43:58.656,0x13F,8,CAN,x| 00 0E 10 00 00 00 00 00 
15:43:58.664,0x124,8,CAN,x| 68 0E 10 1D D8 14 23 00 
15:43:58.664,0x120,6,CAN,x| 02 43 0B A4 5E 03 
15:43:58.664,0x122,8,CAN,x| B0 00 00 03 14 00 00 00 
15:43:58.674,0x124,8,CAN,x| 68 0E 10 1D D8 14 20 00 
15:43:58.674,0x120,6,CAN,x| 02 43 0B A4 5D 00 
15:43:58.676,0x122,8,CAN,x| B0 00 00 00 14 00 00 00 
15:43:58.676,0x310,8,CAN,x| 01 3B 00 00 00 00 08 00 
15:43:58.676,0x318,8,CAN,x| 01 41 FF 00 00 00 10 80 
15:43:58.676,0x13F,8,CAN,x| 00 0E 10 00 00 00 00 00 
15:43:58.684,0x124,8,CAN,x| 68 0E 10 1D D8 14 21 00 
15:43:58.684,0x120,6,CAN,x| 02 43 0A A4 5E 01 
15:43:58.684,0x122,8,CAN,x| B0 00 00 01 14 00 00 00 
15:43:58.694,0x124,8,CAN,x| 68 0E 10 1D D8 13 22 00 
15:43:58.694,0x120,6,CAN,x| 02 43 0A A4 5D 02 
15:43:58.694,0x122,8,CAN,x| B0 00 00 02 13 00 00 00 
15:43:58.696,0x13F,8,CAN,x| 00 0E 10 00 00 00 00 00 
15:43:58.704,0x124,8,CAN,x| 68 0E 10 1D D8 14 23 00 
15:43:58.706,0x120,6,CAN,x| 02 43 0A A4 5C 03 
15:43:58.706,0x122,8,CAN,x| B0 00 00 03 14 00 00 00 
15:43:58.714,0x124,8,CAN,x| 68 0E 10 1D D8 14 20 00 
15:43:58.714,0x120,6,CAN,x| 02 43 0D A4 60 00 
15:43:58.714,0x122,8,CAN,x| B0 00 00 00 14 00 00 00 
15:43:58.716,0x13F,8,CAN,x| 00 0E 10 00 00 00 00 00 
15:43:58.724,0x124,8,CAN,x| 68 0E 10 1D D8 09 21 00 
15:43:58.724,0x120,6,CAN,x| 02 43 0D A4 60 01 
15:43:58.724,0x122,8,CAN,x| B0 00 00 01 09 00 00 00 
15:43:58.734,0x124,8,CAN,x| 68 0E 10 1D D8 14 22 00 
15:43:58.734,0x120,6,CAN,x| 02 43 0D A4 60 02 
15:43:58.736,0x122,8,CAN,x| B0 00 00 02 14 00 00 00 
15:43:58.736,0x13F,8,CAN,x| 00 0E 10 00 00 00 00 00 
15:43:58.744,0x124,8,CAN,x| 68 0E 10 1D D8 14 23 00 
15:43:58.746,0x120,6,CAN,x| 02 43 0A A4 61 03 
15:43:58.746,0x122,8,CAN,x| B0 00 00 03 14 00 00 00 
15:43:58.746,0x314,8,CAN,x| 00 00 00 00 00 00 95 01 
15:43:58.748,0x32E,8,CAN,x| 00 00 00 02 64 00 00 00 
15:43:58.754,0x124,8,CAN,x| 68 0E 10 1D D8 14 20 00 
15:43:58.754,0x120,6,CAN,x| 02 43 0A A4 5F 00 
15:43:58.754,0x122,8,CAN,x| B0 00 00 00 14 00 00 00 
15:43:58.756,0x13F,8,CAN,x| 00 0E 10 00 00 00 00 00 
15:43:58.764,0x124,8,CAN,x| 68 0E 10 1D D8 13 21 00 
15:43:58.764,0x120,6,CAN,x| 02 43 0A A4 5E 01 
15:43:58.764,0x122,8,CAN,x| B0 00 00 01 13 00 00 00 
15:43:58.774,0x124,8,CAN,x| 68 0E 10 1D D8 13 22 00 
15:43:58.774,0x120,6,CAN,x| 02 43 0A A4 5D 02 
15:43:58.776,0x122,8,CAN,x| B0 00 00 02 13 00 00 00 
15:43:58.776,0x310,8,CAN,x| 01 3B 00 00 00 00 08 00 
15:43:58.776,0x318,8,CAN,x| 01 41 FF 00 00 00 10 80 
15:43:58.776,0x13F,8,CAN,x| 00 0E 10 00 00 00 00 00 
15:43:58.784,0x124,8,CAN,x| 68 0E 10 1D D8 13 23 00 
15:43:58.784,0x120,6,CAN,x| 02 43 0C A4 60 03 
15:43:58.784,0x122,8,CAN,x| B0 00 00 03 13 00 00 00 
15:43:58.794,0x124,8,CAN,x| 68 0E 10 1D D8 13 20 00 
15:43:58.794,0x120,6,CAN,x| 02 43 0C A4 60 00 
15:43:58.794,0x122,8,CAN,x| B0 00 00 00 13 00 00 00 
15:43:58.796,0x13F,8,CAN,x| 00 0E 10 00 00 00 00 00 
15:43:58.806,0x124,8,CAN,x| 68 0E 10 1D D8 13 21 00 
15:43:58.806,0x120,6,CAN,x| 02 43 0C A4 61 01 
15:43:58.806,0x122,8,CAN,x| B0 00 00 01 13 00 00 00 
15:43:58.814,0x124,8,CAN,x| 68 0E 10 1D D8 13 22 00 
15:43:58.814,0x120,6,CAN,x| 02 43 08 A4 5F 02 
15:43:58.814,0x122,8,CAN,x| B0 00 00 02 13 00 00 00 
15:43:58.816,0x13F,8,CAN,x| 00 0E 10 00 00 00 00 00 
15:43:58.824,0x124,8,CAN,x| 68 0E 10 1D D8 0E 23 00 
15:43:58.824,0x120,6,CAN,x| 02 43 08 A4 5F 03 
15:43:58.824,0x122,8,CAN,x| B0 00 00 03 0E 00 00 00 
15:43:58.834,0x124,8,CAN,x| 68 0E 10 1D D8 13 20 00 
15:43:58.834,0x120,6,CAN,x| 02 43 08 A4 5E 00 
15:43:58.836,0x122,8,CAN,x| B0 00 00 00 13 00 00 00 
15:43:58.836,0x13F,8,CAN,x| 00 0E 10 00 00 00 00 00 
15:43:58.844,0x124,8,CAN,x| 68 0E 10 1D D8 13 21 00 
15:43:58.846,0x120,6,CAN,x| 02 43 08 A4 5E 01 
15:43:58.846,0x122,8,CAN,x| B0 00 00 01 13 00 00 00 
15:43:58.846,0x314,8,CAN,x| 00 00 00 00 00 00 8E 01 
15:43:58.846,0x500,8,CAN,x| 75 02 3F 3F 3F 3F 3F 3F 
15:43:58.848,0x32E,8,CAN,x| 00 00 00 03 64 00 00 00 
15:43:58.848,0x7E0,8,CAN,x| 01 3E 00 00 00 00 00 00 
15:43:58.852,0x7E8,8,CAN,x| 01 7E 00 00 00 00 00 00 
15:43:58.854,0x124,8,CAN,x| 68 0E 10 1D D8 12 22 00 
15:43:58.854,0x120,6,CAN,x| 02 43 08 A4 5F 02 
15:43:58.854,0x122,8,CAN,x| B0 00 00 02 12 00 00 00 
15:43:58.856,0x13F,8,CAN,x| 00 0E 10 00 00 00 00 00 
15:43:58.864,0x124,8,CAN,x| 68 0E 10 1D D8 13 23 00 
15:43:58.864,0x120,6,CAN,x| 02 43 08 A4 61 03 
15:43:58.864,0x122,8,CAN,x| B0 00 00 03 13 00 00 00 
15:43:58.874,0x124,8,CAN,x| 68 0E 10 1D D8 13 20 00 
15:43:58.874,0x120,6,CAN,x| 02 43 08 A4 61 00 
15:43:58.876,0x122,8,CAN,x| B0 00 00 00 13 00 00 00 
15:43:58.876,0x310,8,CAN,x| 01 3B 00 00 00 00 08 00 
15:43:58.876,0x318,8,CAN,x| 01 41 FF 00 00 00 10 80 
15:43:58.876,0x13F,8,CAN,x| 00 0E 10 00 00 00 00 00 
15:43:58.884,0x124,8,CAN,x| 68 0E 10 1D D8 12 21 00 
15:43:58.884,0x120,6,CAN,x| 02 43 02 A4 60 01 
15:43:58.884,0x122,8,CAN,x| B0 00 00 01 12 00 00 00 
15:43:58.894,0x124,8,CAN,x| 68 0E 10 1D D8 12 22 00 
15:43:58.894,0x120,6,CAN,x| 02 43 02 A4 60 02 
15:43:58.894,0x122,8,CAN,x| B0 00 00 02 12 00 00 00 
15:43:58.896,0x13F,8,CAN,x| 00 0E 10 00 00 00 00 00 
15:43:58.902,0x7E0,8,CAN,x| 02 21 00 00 00 00 00 00 
15:43:58.904,0x7E8,8,CAN,x| 10 D2 61 00 FF FF FF FF 
15:43:58.906,0x124,8,CAN,x| 68 0E 10 1D D8 12 23 00 
15:43:58.906,0x120,6,CAN,x| 02 43 02 A4 60 03 
15:43:58.906,0x122,8,CAN,x| B0 00 00 03 12 00 00 00 
15:43:58.906,0x7E0,8,CAN,x| 30 00 00 00 00 00 00 00 
15:43:58.908,0x7E8,8,CAN,x| 21 FF FF FF FF FF FF FF 
15:43:58.910,0x7E8,8,CAN,x| 22 FF FF FF FF 01 FF 80 
15:43:58.912,0x7E8,8,CAN,x| 23 80 FF FF 80 FF 09 16 
15:43:58.914,0x7E8,8,CAN,x| 24 FF FF C5 FF FF FF FF 
15:43:58.914,0x120,6,CAN,x| 02 43 00 A4 60 00 
15:43:58.914,0x124,8,CAN,x| 68 0E 10 1D D8 12 20 00 
15:43:58.914,0x122,8,CAN,x| B0 00 00 00 12 00 00 00 
15:43:58.916,0x13F,8,CAN,x| 00 0E 10 00 00 00 00 00 
15:43:58.916,0x7E8,8,CAN,x| 25 FF FF 28 0E 10 BF FF 
15:43:58.918,0x7E8,8,CAN,x| 26 FF 00 15 3C 1B 64 00 
15:43:58.920,0x7E8,8,CAN,x| 27 FF FF 00 80 FF FF FF 
15:43:58.922,0x7E8,8,CAN,x| 28 FF FF FF FF FF FF 2F 
15:43:58.924,0x7E8,8,CAN,x| 29 00 00 00 00 12 36 FF 
15:43:58.924,0x120,6,CAN,x| 02 43 00 A4 62 01 
15:43:58.924,0x124,8,CAN,x| 68 0E 10 1D D8 08 21 00 
15:43:58.924,0x122,8,CAN,x| B0 00 00 01 08 00 00 00 
15:43:58.926,0x7E8,8,CAN,x| 2A FF FF FF FF FF FF FF 
15:43:58.928,0x7E8,8,CAN,x| 2B 5B 5B FF FF FF FF FF 
15:43:58.930,0x7E8,8,CAN,x| 2C FF FF FF FF FF FF FF 
15:43:58.932,0x7E8,8,CAN,x| 2D FF FF FF FF FF FF FF 
15:43:58.934,0x7E8,8,CAN,x| 2E FF FF 2F F2 FF FF FF 
15:43:58.934,0x124,8,CAN,x| 68 0E 10 1D D8 12 22 00 
15:43:58.934,0x120,6,CAN,x| 02 43 00 A4 62 02 
15:43:58.936,0x122,8,CAN,x| B0 00 00 02 12 00 00 00 
15:43:58.936,0x7E8,8,CAN,x| 2F FF FF FF FF FF FF FF 
15:43:58.936,0x13F,8,CAN,x| 00 0E 10 00 00 00 00 00 
15:43:58.938,0x7E8,8,CAN,x| 20 FF FF FF FF FF FF C1 
15:43:58.940,0x7E8,8,CAN,x| 21 FF FF FF FF 8C 53 00 
15:43:58.942,0x7E8,8,CAN,x| 22 00 00 FF 01 FF FF FF 
15:43:58.944,0x7E8,8,CAN,x| 23 FF FF 08 04 FF FF 02 
15:43:58.944,0x124,8,CAN,x| 68 0E 10 1D D8 12 23 00 
15:43:58.946,0x120,6,CAN,x| 02 42 FD A4 64 03 
15:43:58.946,0x122,8,CAN,x| B0 00 00 03 12 00 00 00 
15:43:58.946,0x7E8,8,CAN,x| 24 00 FF FF FF FF FF FF 
15:43:58.946,0x314,8,CAN,x| 00 00 00 00 00 00 6F 01 
15:43:58.948,0x32E,8,CAN,x| 00 00 00 00 64 00 00 00 
15:43:58.948,0x7E8,8,CAN,x| 25 FF FF FF FF FF FF FF 
15:43:58.950,0x7E8,8,CAN,x| 26 FF FF FF FF FF FF FF 
15:43:58.952,0x7E8,8,CAN,x| 27 FF FF FF FF FF FF FF 
15:43:58.954,0x7E8,8,CAN,x| 28 FF FF FF FF FF FF FF 
15:43:58.954,0x120,6,CAN,x| 02 42 FD A4 60 00 
15:43:58.954,0x124,8,CAN,x| 68 0E 10 1D D8 11 20 00 
15:43:58.956,0x122,8,CAN,x| B0 00 00 00 11 00 00 00 
15:43:58.956,0x13F,8,CAN,x| 00 0E 10 00 00 00 00 00 
15:43:58.956,0x7E8,8,CAN,x| 29 FF FF FF FF 01 FF FF 
15:43:58.958,0x7E8,8,CAN,x| 2A FF FF FF FF FF FF FF 
15:43:58.960,0x7E8,8,CAN,x| 2B FF FF FF FF FF FF FF 
15:43:58.962,0x7E8,8,CAN,x| 2C FF FF FF FF FF FF FF 
15:43:58.964,0x7E8,8,CAN,x| 2D FF FF FF FF FF FF FF 
15:43:58.964,0x120,6,CAN,x| 02 42 FD A4 62 01 
15:43:58.964,0x124,8,CAN,x| 68 0E 10 1D D8 12 21 00 
15:43:58.964,0x122,8,CAN,x| B0 00 00 01 12 00 00 00 
15:43:58.966,0x7E8,8,CAN,x| 2E FF 00 00 00 00 00 00 
15:43:58.974,0x124,8,CAN,x| 68 0E 10 1D D8 12 22 00 
15:43:58.976,0x120,6,CAN,x| 02 42 FD A4 62 02 
15:43:58.976,0x122,8,CAN,x| B0 00 00 02 12 00 00 00 
15:43:58.976,0x310,8,CAN,x| 01 3B 00 00 00 00 08 00 
15:43:58.976,0x318,8,CAN,x| 01 41 FF 00 00 00 10 80 
15:43:58.976,0x13F,8,CAN,x| 00 0E 10 00 00 00 00 00 
15:43:58.984,0x124,8,CAN,x| 68 0E 10 1D D8 12 23 00 
15:43:58.984,0x120,6,CAN,x| 02 42 FF A4 61 03 
15:43:58.984,0x122,8,CAN,x| B0 00 00 03 12 00 00 00 
15:43:58.994,0x124,8,CAN,x| 68 0E 10 1D D8 12 20 00 
15:43:58.994,0x120,6,CAN,x| 02 42 FF A4 61 00 
15:43:58.994,0x122,8,CAN,x| B0 00 00 00 12 00 00 00 
15:43:58.996,0x13F,8,CAN,x| 00 0E 10 00 00 00 00 00 
15:43:59.006,0x124,8,CAN,x| 68 0E 10 1D D8 12 21 00 
15:43:59.006,0x120,6,CAN,x| 02 42 FF A4 64 01 
15:43:59.006,0x122,8,CAN,x| B0 00 00 01 12 00 00 00 
15:43:59.014,0x124,8,CAN,x| 68 0E 10 1D D8 12 22 00 
15:43:59.014,0x120,6,CAN,x| 02 43 00 A4 60 02 
15:43:59.014,0x122,8,CAN,x| B0 00 00 02 12 00 00 00 
15:43:59.016,0x13F,8,CAN,x| 00 0E 10 00 00 00 00 00 
15:43:59.024,0x124,8,CAN,x| 68 0E 10 1D D8 0E 23 00 
15:43:59.024,0x120,6,CAN,x| 02 43 00 A4 61 03 
15:43:59.024,0x122,8,CAN,x| B0 00 00 03 0E 00 00 00 
15:43:59.034,0x124,8,CAN,x| 68 0E 10 1D D8 13 20 00 
15:43:59.034,0x120,6,CAN,x| 02 43 00 A4 61 00 
15:43:59.036,0x122,8,CAN,x| B0 00 00 00 13 00 00 00 
15:43:59.036,0x13F,8,CAN,x| 00 0E 10 00 00 00 00 00 
15:43:59.046,0x124,8,CAN,x| 68 0E 10 1D D8 13 21 00 
15:43:59.046,0x120,6,CAN,x| 02 43 04 A4 61 01 
15:43:59.046,0x122,8,CAN,x| B0 00 00 01 13 00 00 00 
15:43:59.046,0x314,8,CAN,x| 00 00 00 00 00 00 79 01 
15:43:59.048,0x500,8,CAN,x| 75 03 3F 3F 3F 3F 3F 3F 
15:43:59.048,0x32E,8,CAN,x| 00 00 00 01 64 00 00 00 
15:43:59.054,0x124,8,CAN,x| 68 0E 10 1D D8 11 22 00 
15:43:59.054,0x120,6,CAN,x| 02 43 04 A4 60 02 
15:43:59.054,0x122,8,CAN,x| B0 00 00 02 11 00 00 00 
15:43:59.056,0x13F,8,CAN,x| 00 0E 10 00 00 00 00 00 
15:43:59.064,0x124,8,CAN,x| 68 0E 10 1D D8 13 23 00 
15:43:59.064,0x120,6,CAN,x| 02 43 04 A4 60 03 
15:43:59.064,0x122,8,CAN,x| B0 00 00 03 13 00 00 00 
15:43:59.074,0x124,8,CAN,x| 68 0E 10 1D D8 13 20 00 
15:43:59.076,0x120,6,CAN,x| 02 43 04 A4 60 00 
15:43:59.076,0x122,8,CAN,x| B0 00 00 00 13 00 00 00 
15:43:59.076,0x310,8,CAN,x| 01 3B 00 00 00 00 08 00 
15:43:59.076,0x318,8,CAN,x| 01 41 FF 00 00 00 10 80 
15:43:59.076,0x13F,8,CAN,x| 00 0E 10 00 00 00 00 00 
15:43:59.086,0x124,8,CAN,x| 68 0E 10 1D D8 13 21 00 
15:43:59.086,0x120,6,CAN,x| 02 43 04 A4 5E 01 
15:43:59.086,0x122,8,CAN,x| B0 00 00 01 13 00 00 00 
15:43:59.094,0x124,8,CAN,x| 68 0E 10 1D D8 13 22 00 
15:43:59.094,0x120,6,CAN,x| 02 43 04 A4 5E 02 
15:43:59.094,0x122,8,CAN,x| B0 00 00 02 13 00 00 00 
15:43:59.096,0x13F,8,CAN,x| 00 0E 10 00 00 00 00 00 
15:43:59.106,0x124,8,CAN,x| 68 0E 10 1D D8 13 23 00 
15:43:59.106,0x120,6,CAN,x| 02 43 04 A4 5D 03 
15:43:59.106,0x122,8,CAN,x| B0 00 00 03 13 00 00 00 
15:43:59.114,0x124,8,CAN,x| 68 0E 10 1D D8 13 20 00 
15:43:59.114,0x120,6,CAN,x| 02 43 08 A4 5F 00 
15:43:59.114,0x122,8,CAN,x| B0 00 00 00 13 00 00 00 
15:43:59.116,0x13F,8,CAN,x| 00 0E 10 00 00 00 00 00 
15:43:59.124,0x124,8,CAN,x| 68 0E 10 1D D8 0A 21 00 
15:43:59.124,0x120,6,CAN,x| 02 43 08 A4 5F 01 
15:43:59.124,0x122,8,CAN,x| B0 00 00 01 0A 00 00 00 
15:43:59.134,0x124,8,CAN,x| 68 0E 10 1D D8 13 22 00 
15:43:59.136,0x120,6,CAN,x| 02 43 08 A4 5E 02 
15:43:59.136,0x122,8,CAN,x| B0 00 00 02 13 00 00 00 
15:43:59.136,0x13F,8,CAN,x| 00 0E 10 00 00 00 00 00 
15:43:59.146,0x124,8,CAN,x| 68 0E 10 1D D8 13 23 00 
15:43:59.146,0x120,6,CAN,x| 02 43 08 A4 5E 03 
15:43:59.146,0x122,8,CAN,x| B0 00 00 03 13 00 00 00 
15:43:59.148,0x314,8,CAN,x| 00 00 00 00 00 00 8E 01 
15:43:59.148,0x32E,8,CAN,x| 00 00 00 02 64 00 00 00 
15:43:59.154,0x124,8,CAN,x| 68 0E 10 1D D8 13 20 00 
15:43:59.154,0x120,6,CAN,x| 02 43 08 A4 5E 00 
15:43:59.156,0x122,8,CAN,x| B0 00 00 00 13 00 00 00 
15:43:59.156,0x13F,8,CAN,x| 00 0E 10 00 00 00 00 00 
15:43:59.160,0x7E0,8,CAN,x| 02 21 00 00 00 00 00 00 
15:43:59.164,0x7E8,8,CAN,x| 10 D2 61 00 FF FF FF FF 
15:43:59.164,0x7E0,8,CAN,x| 30 00 00 00 00 00 00 00 
15:43:59.166,0x124,8,CAN,x| 68 0E 10 1D D8 13 21 00 
15:43:59.166,0x120,6,CAN,x| 02 43 08 A4 5D 01 
15:43:59.166,0x122,8,CAN,x| B0 00 00 01 13 00 00 00 
15:43:59.166,0x7E8,8,CAN,x| 21 FF FF FF FF FF FF FF 
15:43:59.168,0x7E8,8,CAN,x| 22 FF FF FF FF 01 FF 80 
15:43:59.170,0x7E8,8,CAN,x| 23 80 FF FF 80 FF 09 66 
15:43:59.172,0x7E8,8,CAN,x| 24 FF FF CE FF FF FF FF 
15:43:59.174,0x7E8,8,CAN,x| 25 FF FF 28 0E 10 BF FF 
15:43:59.174,0x124,8,CAN,x| 68 0E 10 1D D8 14 22 00 
15:43:59.176,0x120,6,CAN,x| 02 43 08 A4 5C 02 
15:43:59.176,0x122,8,CAN,x| B0 00 00 02 14 00 00 00 
15:43:59.176,0x310,8,CAN,x| 01 3B 00 00 00 00 08 00 
15:43:59.176,0x318,8,CAN,x| 01 41 FF 00 00 00 10 80 
15:43:59.176,0x13F,8,CAN,x| 00 0E 10 00 00 00 00 00 
15:43:59.176,0x7E8,8,CAN,x| 26 FF 00 15 3A 1A 64 00 
15:43:59.178,0x7E8,8,CAN,x| 27 FF FF 00 80 FF FF FF 
15:43:59.180,0x7E8,8,CAN,x| 28 FF FF FF FF FF FF 30 
15:43:59.182,0x7E8,8,CAN,x| 29 00 00 00 00 13 35 FF 
15:43:59.184,0x7E8,8,CAN,x| 2A FF FF FF FF FF FF FF 
15:43:59.184,0x120,6,CAN,x| 02 43 0B A4 5F 03 
15:43:59.184,0x124,8,CAN,x| 68 0E 10 1D D8 14 23 00 
15:43:59.186,0x122,8,CAN,x| B0 00 00 03 14 00 00 00 
15:43:59.186,0x7E8,8,CAN,x| 2B 5B 5B FF FF FF FF FF 
15:43:59.188,0x7E8,8,CAN,x| 2C FF FF FF FF FF FF FF 
15:43:59.190,0x7E8,8,CAN,x| 2D FF FF FF FF FF FF FF 
15:43:59.192,0x7E8,8,CAN,x| 2E FF FF 2F F2 FF FF FF 
15:43:59.194,0x7E8,8,CAN,x| 2F FF FF FF FF FF FF FF 
15:43:59.194,0x120,6,CAN,x| 02 43 0B A4 5E 00 
15:43:59.194,0x124,8,CAN,x| 68 0E 10 1D D8 13 20 00 
15:43:59.196,0x122,8,CAN,x| B0 00 00 00 13 00 00 00 
15:43:59.196,0x13F,8,CAN,x| 00 0E 10 00 00 00 00 00 
15:43:59.196,0x7E8,8,CAN,x| 20 FF FF FF FF FF FF C1 
15:43:59.198,0x7E8,8,CAN,x| 21 FF FF FF FF 8C 53 00 
15:43:59.200,0x7E8,8,CAN,x| 22 00 00 FF 01 FF FF FF 
15:43:59.202,0x7E8,8,CAN,x| 23 FF FF 08 04 FF FF 02 
15:43:59.204,0x7E8,8,CAN,x| 24 00 FF FF FF FF FF FF 
15:43:59.206,0x124,8,CAN,x| 68 0E 10 1D D8 14 21 00 
15:43:59.206,0x120,6,CAN,x| 02 43 0B A4 5E 01 
15:43:59.206,0x122,8,CAN,x| B0 00 00 01 14 00 00 00 
15:43:59.206,0x7E8,8,CAN,x| 25 FF FF FF FF FF FF FF 
15:43:59.208,0x7E8,8,CAN,x| 26 FF FF FF FF FF FF FF 
15:43:59.210,0x7E8,8,CAN,x| 27 FF FF FF FF FF FF FF 
15:43:59.212,0x7E8,8,CAN,x| 28 FF FF FF FF FF FF FF 
15:43:59.214,0x7E8,8,CAN,x| 29 FF FF FF FF 01 FF FF 
15:43:59.214,0x120,6,CAN,x| 02 43 0A A4 5F 02 
15:43:59.214,0x124,8,CAN,x| 68 0E 10 1D D8 14 22 00 
15:43:59.216,0x122,8,CAN,x| B0 00 00 02 14 00 00 00 
15:43:59.216,0x13F,8,CAN,x| 00 0E 10 00 00 00 00 00 
15:43:59.216,0x7E8,8,CAN,x| 2A FF FF FF FF FF FF FF 
15:43:59.218,0x7E8,8,CAN,x| 2B FF FF FF FF FF FF FF 
15:43:59.220,0x7E8,8,CAN,x| 2C FF FF FF FF FF FF FF 
15:43:59.222,0x7E8,8,CAN,x| 2D FF FF FF FF FF FF FF 
15:43:59.224,0x7E8,8,CAN,x| 2E FF 00 00 00 00 00 00 
15:43:59.224,0x120,6,CAN,x| 02 43 0A A4 5E 03 
15:43:59.224,0x124,8,CAN,x| 68 0E 10 1D D8 0E 23 00 
15:43:59.226,0x122,8,CAN,x| B0 00 00 03 0E 00 00 00 
15:43:59.234,0x124,8,CAN,x| 68 0E 10 1D D8 14 20 00 
15:43:59.236,0x120,6,CAN,x| 02 43 0A A4 5D 00 
15:43:59.236,0x122,8,CAN,x| B0 00 00 00 14 00 00 00 
15:43:59.238,0x13F,8,CAN,x| 00 0E 10 00 00 00 00 00 
15:43:59.246,0x124,8,CAN,x| 68 0E 10 1D D8 14 21 00 
15:43:59.246,0x120,6,CAN,x| 02 43 0D A4 5C 01 
15:43:59.246,0x122,8,CAN,x| B0 00 00 01 14 00 00 00 
15:43:59.246,0x314,8,CAN,x| 00 00 00 00 00 00 9A 01 
15:43:59.248,0x500,8,CAN,x| 75 01 00 3F 3F 3F 3F 3F 
15:43:59.248,0x32E,8,CAN,x| 00 00 00 03 64 00 00 00 
15:43:59.254,0x124,8,CAN,x| 68 0E 10 1D D8 13 22 00 
15:43:59.254,0x120,6,CAN,x| 02 43 0D A4 5F 02 
15:43:59.256,0x122,8,CAN,x| B0 00 00 02 13 00 00 00 
15:43:59.256,0x13F,8,CAN,x| 00 0E 10 00 00 00 00 00 
15:43:59.264,0x124,8,CAN,x| 68 0E 10 1D D8 14 23 00 
15:43:59.264,0x120,6,CAN,x| 02 43 0D A4 5F 03 
15:43:59.266,0x122,8,CAN,x| B0 00 00 03 14 00 00 00 
15:43:59.274,0x124,8,CAN,x| 68 0E 10 1D D8 14 20 00 
15:43:59.276,0x120,6,CAN,x| 02 43 0D A4 5F 00 
15:43:59.276,0x122,8,CAN,x| B0 00 00 00 14 00 00 00 
15:43:59.276,0x310,8,CAN,x| 01 3B 00 00 00 00 08 00 
15:43:59.276,0x318,8,CAN,x| 01 41 FF 00 00 00 10 80 
15:43:59.276,0x13F,8,CAN,x| 00 0E 10 00 00 00 00 00 
15:43:59.282,0x7E0,8,CAN,x| 02 21 00 00 00 00 00 00 
15:43:59.284,0x7E8,8,CAN,x| 10 D2 61 00 FF FF FF FF 
15:43:59.286,0x124,8,CAN,x| 68 0E 10 1D D8 14 21 00 
15:43:59.286,0x120,6,CAN,x| 02 43 0A A4 5E 01 
15:43:59.286,0x122,8,CAN,x| B0 00 00 01 14 00 00 00 
15:43:59.286,0x7E0,8,CAN,x| 30 00 00 00 00 00 00 00 
15:43:59.288,0x7E8,8,CAN,x| 21 FF FF FF FF FF FF FF 
15:43:59.290,0x7E8,8,CAN,x| 22 FF FF FF FF 01 FF 80 
15:43:59.292,0x7E8,8,CAN,x| 23 80 FF FF 80 FF 09 D6 
15:43:59.294,0x7E8,8,CAN,x| 24 FF FF C3 FF FF FF FF 
15:43:59.294,0x120,6,CAN,x| 02 43 0A A4 5E 02 
15:43:59.294,0x124,8,CAN,x| 68 0E 10 1D D8 13 22 00 
15:43:59.296,0x122,8,CAN,x| B0 00 00 02 13 00 00 00 
15:43:59.296,0x13F,8,CAN,x| 00 0E 10 00 00 00 00 00 
15:43:59.296,0x7E8,8,CAN,x| 25 FF FF 29 0E 10 BF FF 
15:43:59.298,0x7E8,8,CAN,x| 26 FF 00 16 3B 1A 64 00 
15:43:59.300,0x7E8,8,CAN,x| 27 FF FF 00 80 FF FF FF 
15:43:59.302,0x7E8,8,CAN,x| 28 FF FF FF FF FF FF 30 
15:43:59.304,0x7E8,8,CAN,x| 29 00 00 00 00 13 34 FF 
15:43:59.306,0x124,8,CAN,x| 68 0E 10 1D D8 13 23 00 
15:43:59.306,0x120,6,CAN,x| 02 43 0A A4 5D 03 
15:43:59.306,0x122,8,CAN,x| B0 00 00 03 13 00 00 00 
15:43:59.306,0x7E8,8,CAN,x| 2A FF FF FF FF FF FF FF 
15:43:59.308,0x7E8,8,CAN,x| 2B 5B 5B FF FF FF FF FF 
15:43:59.310,0x7E8,8,CAN,x| 2C FF FF FF FF FF FF FF 
15:43:59.312,0x7E8,8,CAN,x| 2D FF FF FF FF FF FF FF 
15:43:59.314,0x7E8,8,CAN,x| 2E FF FF 2F F2 FF FF FF 
15:43:59.314,0x120,6,CAN,x| 02 43 0C A4 60 00 
15:43:59.316,0x124,8,CAN,x| 68 0E 10 1D D8 13 20 00 
15:43:59.316,0x122,8,CAN,x| B0 00 00 00 13 00 00 00 
15:43:59.316,0x13F,8,CAN,x| 00 0E 10 00 00 00 00 00 
15:43:59.316,0x7E8,8,CAN,x| 2F FF FF FF FF FF FF FF 
15:43:59.318,0x7E8,8,CAN,x| 20 FF FF FF FF FF FF C1 
15:43:59.320,0x7E8,8,CAN,x| 21 FF FF FF FF 8C 53 00 
15:43:59.322,0x7E8,8,CAN,x| 22 00 00 FF 01 FF FF FF 
15:43:59.324,0x7E8,8,CAN,x| 23 FF FF 08 04 FF FF 02 
15:43:59.324,0x120,6,CAN,x| 02 43 0C A4 60 01 
15:43:59.324,0x124,8,CAN,x| 68 0E 10 1D D8 09 21 00 
15:43:59.326,0x122,8,CAN,x| B0 00 00 01 09 00 00 00 
15:43:59.326,0x7E8,8,CAN,x| 24 00 FF FF FF FF FF FF 
15:43:59.328,0x7E8,8,CAN,x| 25 FF FF FF FF FF FF FF 
15:43:59.330,0x7E8,8,CAN,x| 26 FF FF FF FF FF FF FF 
15:43:59.332,0x7E8,8,CAN,x| 27 FF FF FF FF FF FF FF 
15:43:59.334,0x7E8,8,CAN,x| 28 FF FF FF FF FF FF FF 
15:43:59.334,0x124,8,CAN,x| 68 0E 10 1D D8 13 22 00 
15:43:59.336,0x120,6,CAN,x| 02 43 0C A4 61 02 
15:43:59.336,0x122,8,CAN,x| B0 00 00 02 13 00 00 00 
15:43:59.336,0x7E8,8,CAN,x| 29 FF FF FF FF 01 FF FF 
15:43:59.336,0x13F,8,CAN,x| 00 0E 10 00 00 00 00 00 
15:43:59.338,0x7E8,8,CAN,x| 2A FF FF FF FF FF FF FF 
15:43:59.340,0x7E8,8,CAN,x| 2B FF FF FF FF FF FF FF 
15:43:59.342,0x7E8,8,CAN,x| 2C FF FF FF FF FF FF FF 
15:43:59.344,0x7E8,8,CAN,x| 2D FF FF FF FF FF FF FF 
15:43:59.346,0x124,8,CAN,x| 68 0E 10 1D D8 13 23 00 
15:43:59.346,0x120,6,CAN,x| 02 43 08 A4 61 03 
15:43:59.346,0x122,8,CAN,x| B0 00 00 03 13 00 00 00 
15:43:59.346,0x7E8,8,CAN,x| 2E FF 00 00 00 00 00 00 
15:43:59.348,0x314,8,CAN,x| 00 00 00 00 00 00 91 01 
15:43:59.348,0x32E,8,CAN,x| 00 00 00 00 64 00 00 00 
15:43:59.354,0x124,8,CAN,x| 68 0E 10 1D D8 13 20 00 
15:43:59.354,0x120,6,CAN,x| 02 43 08 A4 60 00 
15:43:59.356,0x122,8,CAN,x| B0 00 00 00 13 00 00 00 
15:43:59.356,0x13F,8,CAN,x| 00 0E 10 00 00 00 00 00 
15:43:59.364,0x124,8,CAN,x| 68 0E 10 1D D8 13 21 00 
15:43:59.364,0x120,6,CAN,x| 02 43 08 A4 5F 01 
15:43:59.366,0x122,8,CAN,x| B0 00 00 01 13 00 00 00 
15:43:59.376,0x124,8,CAN,x| 68 0E 10 1D D8 13 22 00 
15:43:59.376,0x120,6,CAN,x| 02 43 08 A4 5F 02 
15:43:59.376,0x122,8,CAN,x| B0 00 00 02 13 00 00 00 
15:43:59.376,0x310,8,CAN,x| 01 3B 00 00 00 00 08 00 
15:43:59.376,0x318,8,CAN,x| 01 41 FF 00 00 00 10 80 
15:43:59.376,0x13F,8,CAN,x| 00 0E 10 00 00 00 00 00 
15:43:59.384,0x124,8,CAN,x| 68 0E 10 1D D8 13 23 00 
15:43:59.384,0x120,6,CAN,x| 02 43 08 A4 60 03 
15:43:59.386,0x122,8,CAN,x| B0 00 00 03 13 00 00 00 
15:43:59.394,0x124,8,CAN,x| 68 0E 10 1D D8 12 20 00 
15:43:59.394,0x120,6,CAN,x| 02 43 08 A4 61 00 
15:43:59.396,0x122,8,CAN,x| B0 00 00 00 12 00 00 00 
15:43:59.396,0x13F,8,CAN,x| 00 0E 10 00 00 00 00 00 
15:43:59.406,0x124,8,CAN,x| 68 0E 10 1D D8 13 21 00 
15:43:59.406,0x120,6,CAN,x| 02 43 08 A4 61 01 
15:43:59.406,0x122,8,CAN,x| B0 00 00 01 13 00 00 00 
15:43:59.414,0x124,8,CAN,x| 68 0E 10 1D D8 13 22 00 
15:43:59.414,0x120,6,CAN,x| 02 43 02 A4 5F 02 
15:43:59.416,0x122,8,CAN,x| B0 00 00 02 13 00 00 00 
15:43:59.416,0x13F,8,CAN,x| 00 0E 10 00 00 00 00 00 
15:43:59.424,0x124,8,CAN,x| 68 0E 10 1D D8 0D 23 00 
15:43:59.424,0x120,6,CAN,x| 02 43 02 A4 5F 03 
15:43:59.426,0x122,8,CAN,x| B0 00 00 03 0D 00 00 00 
15:43:59.436,0x124,8,CAN,x| 68 0E 10 1D D8 12 20 00 
15:43:59.436,0x120,6,CAN,x| 02 43 02 A4 5F 00 
15:43:59.436,0x122,8,CAN,x| B0 00 00 00 12 00 00 00 
15:43:59.438,0x13F,8,CAN,x| 00 0E 10 00 00 00 00 00 
15:43:59.446,0x124,8,CAN,x| 68 0E 10 1D D8 12 21 00 
15:43:59.446,0x120,6,CAN,x| 02 43 01 A4 5F 01 
15:43:59.446,0x122,8,CAN,x| B0 00 00 01 12 00 00 00 
15:43:59.448,0x314,8,CAN,x| 00 00 00 00 00 00 7B 01 
15:43:59.448,0x500,8,CAN,x| 75 02 3F 3F 3F 3F 3F 3F 
15:43:59.448,0x32E,8,CAN,x| 00 00 00 01 64 00 00 00 
15:43:59.454,0x124,8,CAN,x| 68 0E 10 1D D8 12 22 00 
15:43:59.454,0x120,6,CAN,x| 02 43 01 A4 60 02 
15:43:59.456,0x122,8,CAN,x| B0 00 00 02 12 00 00 00 
15:43:59.456,0x13F,8,CAN,x| 00 0E 10 00 00 00 00 00 
15:43:59.464,0x124,8,CAN,x| 68 0E 10 1D D8 12 23 00 
15:43:59.464,0x120,6,CAN,x| 02 43 01 A4 62 03 
15:43:59.466,0x122,8,CAN,x| B0 00 00 03 12 00 00 00 
15:43:59.476,0x124,8,CAN,x| 68 0E 10 1D D8 12 20 00 
15:43:59.476,0x120,6,CAN,x| 02 43 01 A4 62 00 
15:43:59.476,0x122,8,CAN,x| B0 00 00 00 12 00 00 00 
15:43:59.476,0x310,8,CAN,x| 01 3B 00 00 00 00 08 00 
15:43:59.476,0x318,8,CAN,x| 01 41 FF 00 00 00 10 80 
15:43:59.476,0x13F,8,CAN,x| 00 0E 10 00 00 00 00 00 
15:43:59.484,0x124,8,CAN,x| 68 0E 10 1D D8 12 21 00 
15:43:59.484,0x120,6,CAN,x| 02 42 FC A4 60 01 
15:43:59.486,0x122,8,CAN,x| B0 00 00 01 12 00 00 00 
15:43:59.494,0x124,8,CAN,x| 68 0E 10 1D D8 12 22 00 
15:43:59.494,0x120,6,CAN,x| 02 42 FC A4 60 02 
15:43:59.496,0x122,8,CAN,x| B0 00 00 02 12 00 00 00 
15:43:59.496,0x13F,8,CAN,x| 00 0E 10 00 00 00 00 00 
15:43:59.498,0x7E0,8,CAN,x| 02 21 00 00 00 00 00 00 
15:43:59.504,0x7E8,8,CAN,x| 10 D2 61 00 FF FF FF FF 
15:43:59.504,0x7E0,8,CAN,x| 30 00 00 00 00 00 00 00 
15:43:59.504,0x7E8,8,CAN,x| 21 FF FF FF FF FF FF FF 
15:43:59.506,0x124,8,CAN,x| 68 0E 10 1D D8 12 23 00 
15:43:59.506,0x120,6,CAN,x| 02 42 FC A4 62 03 
15:43:59.506,0x122,8,CAN,x| B0 00 00 03 12 00 00 00 
15:43:59.508,0x7E8,8,CAN,x| 22 FF FF FF FF 01 FF 80 
15:43:59.508,0x7E8,8,CAN,x| 23 80 FF FF 80 FF 08 46 
15:43:59.510,0x7E8,8,CAN,x| 24 FF FF C3 FF FF FF FF 
15:43:59.512,0x7E8,8,CAN,x| 25 FF FF 25 0E 10 BF FF 
15:43:59.514,0x7E8,8,CAN,x| 26 FF 00 14 3C 1A 64 00 
15:43:59.514,0x120,6,CAN,x| 02 42 FE A4 60 00 
15:43:59.516,0x124,8,CAN,x| 68 0E 10 1D D8 12 20 00 
15:43:59.516,0x122,8,CAN,x| B0 00 00 00 12 00 00 00 
15:43:59.516,0x13F,8,CAN,x| 00 0E 10 00 00 00 00 00 
15:43:59.516,0x7E8,8,CAN,x| 27 FF FF 00 80 FF FF FF 
15:43:59.518,0x7E8,8,CAN,x| 28 FF FF FF FF FF FF 2F 
15:43:59.520,0x7E8,8,CAN,x| 29 00 00 00 00 12 37 FF 
15:43:59.522,0x7E8,8,CAN,x| 2A FF FF FF FF FF FF FF 
15:43:59.524,0x7E8,8,CAN,x| 2B 5B 5B FF FF FF FF FF 
15:43:59.524,0x120,6,CAN,x| 02 42 FE A4 63 01 
15:43:59.526,0x124,8,CAN,x| 68 0E 10 1D D8 09 21 00 
15:43:59.526,0x122,8,CAN,x| B0 00 00 01 09 00 00 00 
15:43:59.526,0x7E8,8,CAN,x| 2C FF FF FF FF FF FF FF 
15:43:59.528,0x7E8,8,CAN,x| 2D FF FF FF FF FF FF FF 
15:43:59.530,0x7E8,8,CAN,x| 2E FF FF 2F F2 FF FF FF 
15:43:59.532,0x7E8,8,CAN,x| 2F FF FF FF FF FF FF FF 
15:43:59.534,0x7E8,8,CAN,x| 20 FF FF FF FF FF FF C1 
15:43:59.536,0x124,8,CAN,x| 68 0E 10 1D D8 12 22 00 
15:43:59.536,0x120,6,CAN,x| 02 42 FE A4 63 02 
15:43:59.536,0x122,8,CAN,x| B0 00 00 02 12 00 00 00 
15:43:59.536,0x7E8,8,CAN,x| 21 FF FF FF FF 8C 53 00 
15:43:59.536,0x13F,8,CAN,x| 00 0E 10 00 00 00 00 00 
15:43:59.538,0x7E8,8,CAN,x| 22 00 00 FF 01 FF FF FF 
15:43:59.540,0x7E8,8,CAN,x| 23 FF FF 08 04 FF FF 02 
15:43:59.542,0x7E8,8,CAN,x| 24 00 FF FF FF FF FF FF 
15:43:59.544,0x7E8,8,CAN,x| 25 FF FF FF FF FF FF FF 
15:43:59.546,0x124,8,CAN,x| 68 0E 10 1D D8 12 23 00 
15:43:59.546,0x120,6,CAN,x| 02 42 FF A4 65 03 
15:43:59.546,0x122,8,CAN,x| B0 00 00 03 12 00 00 00 
15:43:59.546,0x7E8,8,CAN,x| 26 FF FF FF FF FF FF FF 
15:43:59.548,0x314,8,CAN,x| 00 00 00 00 00 00 6D 01 
15:43:59.548,0x32E,8,CAN,x| 00 00 00 02 64 00 00 00 
15:43:59.548,0x7E8,8,CAN,x| 27 FF FF FF FF FF FF FF 
15:43:59.550,0x7E8,8,CAN,x| 28 FF FF FF FF FF FF FF 
15:43:59.552,0x7E8,8,CAN,x| 29 FF FF FF FF 01 FF FF 
15:43:59.554,0x7E8,8,CAN,x| 2A FF FF FF FF FF FF FF 
15:43:59.554,0x120,6,CAN,x| 02 42 FF A4 60 00 
15:43:59.556,0x124,8,CAN,x| 68 0E 10 1D D8 12 20 00 
15:43:59.556,0x122,8,CAN,x| B0 00 00 00 12 00 00 00 
15:43:59.556,0x13F,8,CAN,x| 00 0E 10 00 00 00 00 00 
15:43:59.556,0x7E8,8,CAN,x| 2B FF FF FF FF FF FF FF 
15:43:59.558,0x7E8,8,CAN,x| 2C FF FF FF FF FF FF FF 
15:43:59.560,0x7E8,8,CAN,x| 2D FF FF FF FF FF FF FF 
15:43:59.562,0x7E8,8,CAN,x| 2E FF 00 00 00 00 00 00 
15:43:59.564,0x124,8,CAN,x| 68 0E 10 1D D8 13 21 00 
15:43:59.564,0x120,6,CAN,x| 02 42 FF A4 61 01 
15:43:59.566,0x122,8,CAN,x| B0 00 00 01 13 00 00 00 
15:43:59.576,0x124,8,CAN,x| 68 0E 10 1D D8 13 22 00 
15:43:59.576,0x120,6,CAN,x| 02 42 FF A4 61 02 
15:43:59.576,0x122,8,CAN,x| B0 00 00 02 13 00 00 00 
15:43:59.576,0x310,8,CAN,x| 01 3B 00 00 00 00 08 00 
15:43:59.576,0x318,8,CAN,x| 01 41 FF 00 00 00 10 80 
15:43:59.576,0x13F,8,CAN,x| 00 0E 10 00 00 00 00 00 
15:43:59.584,0x124,8,CAN,x| 68 0E 10 1D D8 13 23 00 
15:43:59.584,0x120,6,CAN,x| 02 43 04 A4 60 03 
15:43:59.586,0x122,8,CAN,x| B0 00 00 03 13 00 00 00 
15:43:59.594,0x124,8,CAN,x| 68 0E 10 1D D8 12 20 00 
15:43:59.596,0x120,6,CAN,x| 02 43 04 A4 60 00 
15:43:59.596,0x122,8,CAN,x| B0 00 00 00 12 00 00 00 
15:43:59.596,0x13F,8,CAN,x| 00 0E 10 00 00 00 00 00 
15:43:59.606,0x124,8,CAN,x| 68 0E 10 1D D8 13 21 00 
15:43:59.606,0x120,6,CAN,x| 02 43 04 A4 60 01 
15:43:59.606,0x122,8,CAN,x| B0 00 00 01 13 00 00 00 
15:43:59.614,0x124,8,CAN,x| 68 0E 10 1D D8 13 22 00 
15:43:59.616,0x120,6,CAN,x| 02 43 04 A4 5E 02 
15:43:59.616,0x122,8,CAN,x| B0 00 00 02 13 00 00 00 
15:43:59.616,0x13F,8,CAN,x| 00 0E 10 00 00 00 00 00 
15:43:59.624,0x124,8,CAN,x| 68 0E 10 1D D8 0D 23 00 
15:43:59.624,0x120,6,CAN,x| 02 43 04 A4 5E 03 
15:43:59.626,0x122,8,CAN,x| B0 00 00 03 0D 00 00 00 
15:43:59.636,0x124,8,CAN,x| 68 0E 10 1D D8 13 20 00 
15:43:59.636,0x120,6,CAN,x| 02 43 04 A4 5D 00 
15:43:59.636,0x122,8,CAN,x| B0 00 00 00 13 00 00 00 
15:43:59.638,0x13F,8,CAN,x| 00 0E 10 00 00 00 00 00 
15:43:59.646,0x124,8,CAN,x| 68 0E 10 1D D8 13 21 00 
15:43:59.646,0x120,6,CAN,x| 02 43 08 A4 5C 01 
15:43:59.646,0x122,8,CAN,x| B0 00 00 01 13 00 00 00 
15:43:59.648,0x314,8,CAN,x| 00 00 00 00 00 00 89 01 
15:43:59.648,0x500,8,CAN,x| 75 03 3F 3F 3F 3F 3F 3F 
15:43:59.648,0x32E,8,CAN,x| 00 00 00 03 64 00 00 00 
15:43:59.654,0x124,8,CAN,x| 68 0E 10 1D D8 13 22 00 
15:43:59.656,0x120,6,CAN,x| 02 43 08 A4 5F 02 
15:43:59.656,0x122,8,CAN,x| B0 00 00 02 13 00 00 00 
15:43:59.656,0x13F,8,CAN,x| 00 0E 10 00 00 00 00 00 
15:43:59.664,0x124,8,CAN,x| 68 0E 10 1D D8 13 23 00 
15:43:59.666,0x120,6,CAN,x| 02 43 08 A4 5E 03 
15:43:59.666,0x122,8,CAN,x| B0 00 00 03 13 00 00 00 
15:43:59.676,0x124,8,CAN,x| 68 0E 10 1D D8 13 20 00 
15:43:59.676,0x120,6,CAN,x| 02 43 08 A4 5E 00 
15:43:59.676,0x122,8,CAN,x| B0 00 00 00 13 00 00 00 
15:43:59.676,0x310,8,CAN,x| 01 3B 00 00 00 00 08 00 
15:43:59.676,0x318,8,CAN,x| 01 41 FF 00 00 00 10 80 
15:43:59.676,0x13F,8,CAN,x| 00 0E 10 00 00 00 00 00 
15:43:59.684,0x124,8,CAN,x| 68 0E 10 1D D8 13 21 00 
15:43:59.686,0x120,6,CAN,x| 02 43 08 A4 5E 01 
15:43:59.686,0x122,8,CAN,x| B0 00 00 01 13 00 00 00 
15:43:59.694,0x124,8,CAN,x| 68 0E 10 1D D8 13 22 00 
15:43:59.696,0x120,6,CAN,x| 02 43 08 A4 5D 02 
15:43:59.696,0x122,8,CAN,x| B0 00 00 02 13 00 00 00 
15:43:59.696,0x13F,8,CAN,x| 00 0E 10 00 00 00 00 00 
15:43:59.706,0x124,8,CAN,x| 68 0E 10 1D D8 13 23 00 
15:43:59.706,0x120,6,CAN,x| 02 43 08 A4 5C 03 
15:43:59.706,0x122,8,CAN,x| B0 00 00 03 13 00 00 00 
15:43:59.714,0x124,8,CAN,x| 68 0E 10 1D D8 14 20 00 
15:43:59.716,0x120,6,CAN,x| 02 43 0B A4 5F 00 
15:43:59.716,0x122,8,CAN,x| B0 00 00 00 14 00 00 00 
15:43:59.716,0x13F,8,CAN,x| 00 0E 10 00 00 00 00 00 
15:43:59.724,0x124,8,CAN,x| 68 0E 10 1D D8 0A 21 00 
15:43:59.726,0x120,6,CAN,x| 02 43 0B A4 5E 01 
15:43:59.726,0x122,8,CAN,x| B0 00 00 01 0A 00 00 00 
15:43:59.736,0x124,8,CAN,x| 68 0E 10 1D D8 14 22 00 
15:43:59.736,0x120,6,CAN,x| 02 43 0B A4 5E 02 
15:43:59.736,0x122,8,CAN,x| B0 00 00 02 14 00 00 00 
15:43:59.736,0x13F,8,CAN,x| 00 0E 10 00 00 00 00 00 
15:43:59.746,0x124,8,CAN,x| 68 0E 10 1D D8 14 23 00 
15:43:59.746,0x120,6,CAN,x| 02 43 0A A4 5E 03 
15:43:59.746,0x122,8,CAN,x| B0 00 00 03 14 00 00 00 
15:43:59.748,0x314,8,CAN,x| 00 00 00 00 00 00 95 01 
15:43:59.748,0x32E,8,CAN,x| 00 00 00 00 64 00 00 00 
15:43:59.754,0x124,8,CAN,x| 68 0E 10 1D D8 14 20 00 
15:43:59.756,0x120,6,CAN,x| 02 43 0A A4 5E 00 
15:43:59.756,0x122,8,CAN,x| B0 00 00 00 14 00 00 00 
15:43:59.756,0x13F,8,CAN,x| 00 0E 10 00 00 00 00 00 
15:43:59.760,0x7E0,8,CAN,x| 02 21 00 00 00 00 00 00 
15:43:59.764,0x7E8,8,CAN,x| 10 D2 61 00 FF FF FF FF 
15:43:59.764,0x7E0,8,CAN,x| 30 00 00 00 00 00 00 00 
15:43:59.766,0x124,8,CAN,x| 68 0E 10 1D D8 14 21 00 
15:43:59.766,0x120,6,CAN,x| 02 43 0A A4 5D 01 
15:43:59.766,0x122,8,CAN,x| B0 00 00 01 14 00 00 00 
15:43:59.766,0x7E8,8,CAN,x| 21 FF FF FF FF FF FF FF 
15:43:59.768,0x7E8,8,CAN,x| 22 FF FF FF FF 01 FF 80 
15:43:59.770,0x7E8,8,CAN,x| 23 80 FF FF 80 FF 09 96 
15:43:59.772,0x7E8,8,CAN,x| 24 FF FF CE FF FF FF FF 
15:43:59.774,0x7E8,8,CAN,x| 25 FF FF 29 0E 10 BF FF 
15:43:59.776,0x124,8,CAN,x| 68 0E 10 1D D8 14 22 00 
15:43:59.776,0x120,6,CAN,x| 02 43 0A A4 5C 02 
15:43:59.776,0x122,8,CAN,x| B0 00 00 02 14 00 00 00 
15:43:59.776,0x310,8,CAN,x| 01 3B 00 00 00 00 08 00 
15:43:59.776,0x318,8,CAN,x| 01 41 FF 00 00 00 10 80 
15:43:59.776,0x13F,8,CAN,x| 00 0E 10 00 00 00 00 00 
15:43:59.776,0x7E8,8,CAN,x| 26 FF 00 16 3B 1A 64 00 
15:43:59.778,0x7E8,8,CAN,x| 27 FF FF 00 80 FF FF FF 
15:43:59.780,0x7E8,8,CAN,x| 28 FF FF FF FF FF FF 30 
15:43:59.782,0x7E8,8,CAN,x| 29 00 00 00 00 13 36 FF 
15:43:59.784,0x7E8,8,CAN,x| 2A FF FF FF FF FF FF FF 
15:43:59.786,0x120,6,CAN,x| 02 43 0C A4 60 03 
15:43:59.786,0x124,8,CAN,x| 68 0E 10 1D D8 14 23 00 
15:43:59.786,0x122,8,CAN,x| B0 00 00 03 14 00 00 00 
15:43:59.786,0x7E8,8,CAN,x| 2B 5B 5B FF FF FF FF FF 
15:43:59.788,0x7E8,8,CAN,x| 2C FF FF FF FF FF FF FF 
15:43:59.790,0x7E8,8,CAN,x| 2D FF FF FF FF FF FF FF 
15:43:59.792,0x7E8,8,CAN,x| 2E FF FF 2F F2 FF FF FF 
15:43:59.794,0x7E8,8,CAN,x| 2F FF FF FF FF FF FF FF 
15:43:59.796,0x120,6,CAN,x| 02 43 0C A4 60 00 
15:43:59.796,0x124,8,CAN,x| 68 0E 10 1D D8 13 20 00 
15:43:59.796,0x122,8,CAN,x| B0 00 00 00 13 00 00 00 
15:43:59.796,0x13F,8,CAN,x| 00 0E 10 00 00 00 00 00 
15:43:59.796,0x7E8,8,CAN,x| 20 FF FF FF FF FF FF C1 
15:43:59.798,0x7E8,8,CAN,x| 21 FF FF FF FF 8C 53 00 
15:43:59.800,0x7E8,8,CAN,x| 22 00 00 FF 01 FF FF FF 
15:43:59.804,0x7E8,8,CAN,x| 23 FF FF 08 04 FF FF 02 
15:43:59.804,0x7E8,8,CAN,x| 24 00 FF FF FF FF FF FF 
15:43:59.806,0x124,8,CAN,x| 68 0E 10 1D D8 14 21 00 
15:43:59.806,0x120,6,CAN,x| 02 43 0C A4 60 01 
15:43:59.806,0x122,8,CAN,x| B0 00 00 01 14 00 00 00 
15:43:59.806,0x7E8,8,CAN,x| 25 FF FF FF FF FF FF FF 
15:43:59.808,0x7E8,8,CAN,x| 26 FF FF FF FF FF FF FF 
15:43:59.810,0x7E8,8,CAN,x| 27 FF FF FF FF FF FF FF 
15:43:59.812,0x7E8,8,CAN,x| 28 FF FF FF FF FF FF FF 
15:43:59.814,0x7E8,8,CAN,x| 29 FF FF FF FF 01 FF FF 
15:43:59.816,0x120,6,CAN,x| 02 43 0B A4 5F 02 
15:43:59.816,0x124,8,CAN,x| 68 0E 10 1D D8 14 22 00 
15:43:59.816,0x122,8,CAN,x| B0 00 00 02 14 00 00 00 
15:43:59.816,0x13F,8,CAN,x| 00 0E 10 00 00 00 00 00 
15:43:59.816,0x7E8,8,CAN,x| 2A FF FF FF FF FF FF FF 
15:43:59.818,0x7E8,8,CAN,x| 2B FF FF FF FF FF FF FF 
15:43:59.820,0x7E8,8,CAN,x| 2C FF FF FF FF FF FF FF 
15:43:59.822,0x7E8,8,CAN,x| 2D FF FF FF FF FF FF FF 
15:43:59.824,0x7E8,8,CAN,x| 2E FF 00 00 00 00 00 00 
15:43:59.824,0x120,6,CAN,x| 02 43 0B A4 5E 03 
15:43:59.826,0x124,8,CAN,x| 68 0E 10 1D D8 0E 23 00 
15:43:59.826,0x122,8,CAN,x| B0 00 00 03 0E 00 00 00 
15:43:59.836,0x124,8,CAN,x| 68 0E 10 1D D8 13 20 00 
15:43:59.836,0x120,6,CAN,x| 02 43 0B A4 5D 00 
15:43:59.836,0x122,8,CAN,x| B0 00 00 00 13 00 00 00 
15:43:59.838,0x13F,8,CAN,x| 00 0E 10 00 00 00 00 00 
15:43:59.846,0x124,8,CAN,x| 68 0E 10 1D D8 13 21 00 
15:43:59.846,0x120,6,CAN,x| 02 43 0C A4 5D 01 
15:43:59.846,0x122,8,CAN,x| B0 00 00 01 13 00 00 00 
15:43:59.848,0x314,8,CAN,x| 00 00 00 00 00 00 97 01 
15:43:59.848,0x500,8,CAN,x| 75 01 00 3F 3F 3F 3F 3F 
15:43:59.848,0x32E,8,CAN,x| 00 00 00 01 64 00 00 00 
15:43:59.854,0x124,8,CAN,x| 68 0E 10 1D D8 13 22 00 
15:43:59.856,0x120,6,CAN,x| 02 43 0C A4 5F 02 
15:43:59.856,0x122,8,CAN,x| B0 00 00 02 13 00 00 00 
15:43:59.856,0x13F,8,CAN,x| 00 0E 10 00 00 00 00 00 
15:43:59.856,0x7E0,8,CAN,x| 02 21 00 00 00 00 00 00 
15:43:59.864,0x7E8,8,CAN,x| 10 D2 61 00 FF FF FF FF 
15:43:59.864,0x7E0,8,CAN,x| 30 00 00 00 00 00 00 00 
15:43:59.864,0x7E8,8,CAN,x| 21 FF FF FF FF FF FF FF 
15:43:59.866,0x124,8,CAN,x| 68 0E 10 1D D8 13 23 00 
15:43:59.866,0x120,6,CAN,x| 02 43 0C A4 60 03 
15:43:59.866,0x122,8,CAN,x| B0 00 00 03 13 00 00 00 
15:43:59.866,0x7E8,8,CAN,x| 22 FF FF FF FF 01 FF 80 
15:43:59.868,0x7E8,8,CAN,x| 23 80 FF FF 80 FF 09 A6 
15:43:59.870,0x7E8,8,CAN,x| 24 FF FF CC FF FF FF FF 
15:43:59.872,0x7E8,8,CAN,x| 25 FF FF 29 0E 10 BF FF 
15:43:59.874,0x7E8,8,CAN,x| 26 FF 00 16 3B 1B 64 00 
15:43:59.876,0x124,8,CAN,x| 68 0E 10 1D D8 13 20 00 
15:43:59.876,0x120,6,CAN,x| 02 43 0C A4 60 00 
15:43:59.876,0x122,8,CAN,x| B0 00 00 00 13 00 00 00 
15:43:59.876,0x310,8,CAN,x| 01 3B 00 00 00 00 08 00 
15:43:59.876,0x318,8,CAN,x| 01 41 FF 00 00 00 10 80 
15:43:59.876,0x7E8,8,CAN,x| 27 FF FF 00 80 FF FF FF 
15:43:59.878,0x13F,8,CAN,x| 00 0E 10 00 00 00 00 00 
15:43:59.878,0x7E8,8,CAN,x| 28 FF FF FF FF FF FF 30 
15:43:59.880,0x7E8,8,CAN,x| 29 00 00 00 00 13 36 FF 
15:43:59.882,0x7E8,8,CAN,x| 2A FF FF FF FF FF FF FF 
15:43:59.884,0x7E8,8,CAN,x| 2B 5B 5B FF FF FF FF FF 
15:43:59.886,0x120,6,CAN,x| 02 43 08 A4 5F 01 
15:43:59.886,0x124,8,CAN,x| 68 0E 10 1D D8 13 21 00 
15:43:59.886,0x122,8,CAN,x| B0 00 00 01 13 00 00 00 
15:43:59.886,0x7E8,8,CAN,x| 2C FF FF FF FF FF FF FF 
15:43:59.888,0x7E8,8,CAN,x| 2D FF FF FF FF FF FF FF 
15:43:59.890,0x7E8,8,CAN,x| 2E FF FF 2F F2 FF FF FF 
15:43:59.892,0x7E8,8,CAN,x| 2F FF FF FF FF FF FF FF 
15:43:59.894,0x7E8,8,CAN,x| 20 FF FF FF FF FF FF C1 
15:43:59.896,0x120,6,CAN,x| 02 43 08 A4 5F 02 
15:43:59.896,0x124,8,CAN,x| 68 0E 10 1D D8 13 22 00 
15:43:59.896,0x122,8,CAN,x| B0 00 00 02 13 00 00 00 
15:43:59.896,0x13F,8,CAN,x| 00 0E 10 00 00 00 00 00 
15:43:59.896,0x7E8,8,CAN,x| 21 FF FF FF FF 8C 53 00 
15:43:59.898,0x7E8,8,CAN,x| 22 00 00 FF 01 FF FF FF 
15:43:59.900,0x7E8,8,CAN,x| 23 FF FF 08 04 FF FF 02 
15:43:59.904,0x7E8,8,CAN,x| 24 00 FF FF FF FF FF FF 
15:43:59.904,0x7E8,8,CAN,x| 25 FF FF FF FF FF FF FF 
15:43:59.906,0x124,8,CAN,x| 68 0E 10 1D D8 13 23 00 
15:43:59.906,0x120,6,CAN,x| 02 43 08 A4 5F 03 
15:43:59.906,0x122,8,CAN,x| B0 00 00 03 13 00 00 00 
15:43:59.906,0x7E8,8,CAN,x| 26 FF FF FF FF FF FF FF 
15:43:59.908,0x7E8,8,CAN,x| 27 FF FF FF FF FF FF FF 
15:43:59.910,0x7E8,8,CAN,x| 28 FF FF FF FF FF FF FF 
15:43:59.912,0x7E8,8,CAN,x| 29 FF FF FF FF 01 FF FF 
15:43:59.914,0x7E8,8,CAN,x| 2A FF FF FF FF FF FF FF 
15:43:59.916,0x120,6,CAN,x| 02 43 08 A4 60 00 
15:43:59.916,0x124,8,CAN,x| 68 0E 10 1D D8 13 20 00 
15:43:59.916,0x122,8,CAN,x| B0 00 00 00 13 00 00 00 
15:43:59.916,0x13F,8,CAN,x| 00 0E 10 00 00 00 00 00 
15:43:59.916,0x7E8,8,CAN,x| 2B FF FF FF FF FF FF FF 
15:43:59.918,0x7E8,8,CAN,x| 2C FF FF FF FF FF FF FF 
15:43:59.920,0x7E8,8,CAN,x| 2D FF FF FF FF FF FF FF 
15:43:59.922,0x7E8,8,CAN,x| 2E FF 00 00 00 00 00 00 
15:43:59.924,0x124,8,CAN,x| 68 0E 10 1D D8 09 21 00 
15:43:59.926,0x120,6,CAN,x| 02 43 08 A4 61 01 
15:43:59.926,0x122,8,CAN,x| B0 00 00 01 09 00 00 00 
15:43:59.935,0x124,8,CAN,x| 68 0E 10 1D D8 13 22 00 
15:43:59.935,0x120,6,CAN,x| 02 43 08 A4 61 02 
15:43:59.935,0x122,8,CAN,x| B0 00 00 02 13 00 00 00 
15:43:59.937,0x13F,8,CAN,x| 00 0E 10 00 00 00 00 00 
15:43:59.945,0x124,8,CAN,x| 68 0E 10 1D D8 13 23 00 
15:43:59.945,0x120,6,CAN,x| 02 43 04 A4 62 03 
15:43:59.945,0x122,8,CAN,x| B0 00 00 03 13 00 00 00 
15:43:59.947,0x314,8,CAN,x| 00 00 00 00 00 00 82 01 
15:43:59.947,0x32E,8,CAN,x| 00 00 00 02 64 00 00 00 
15:43:59.955,0x124,8,CAN,x| 68 0E 10 1D D8 12 20 00 
15:43:59.955,0x120,6,CAN,x| 02 43 03 A4 60 00 
15:43:59.955,0x122,8,CAN,x| B0 00 00 00 12 00 00 00 
15:43:59.955,0x13F,8,CAN,x| 00 0E 10 00 00 00 00 00 
15:43:59.963,0x7E0,8,CAN,x| 02 21 00 00 00 00 00 00 
15:43:59.965,0x124,8,CAN,x| 68 0E 10 1D D8 12 21 00 
15:43:59.965,0x120,6,CAN,x| 02 43 03 A4 60 01 
15:43:59.965,0x122,8,CAN,x| B0 00 00 01 12 00 00 00 
15:43:59.973,0x7E8,8,CAN,x| 10 D2 61 00 FF FF FF FF 
15:43:59.973,0x7E0,8,CAN,x| 30 00 00 00 00 00 00 00 
15:43:59.973,0x7E8,8,CAN,x| 21 FF FF FF FF FF FF FF 
15:43:59.975,0x124,8,CAN,x| 68 0E 10 1D D8 12 22 00 
15:43:59.975,0x120,6,CAN,x| 02 43 03 A4 60 02 
15:43:59.975,0x122,8,CAN,x| B0 00 00 02 12 00 00 00 
15:43:59.975,0x310,8,CAN,x| 01 3B 00 00 00 00 08 00 
15:43:59.977,0x318,8,CAN,x| 01 41 FF 00 00 00 10 80 
15:43:59.977,0x7E8,8,CAN,x| 22 FF FF FF FF 01 FF 80 
15:43:59.977,0x13F,8,CAN,x| 00 0E 10 00 00 00 00 00 
15:43:59.977,0x7E8,8,CAN,x| 23 80 FF FF 80 FF 08 66 
15:43:59.979,0x7E8,8,CAN,x| 24 FF FF CE FF FF FF FF 
15:43:59.981,0x7E8,8,CAN,x| 25 FF FF 28 0E 10 BF FF 
15:43:59.983,0x7E8,8,CAN,x| 26 FF 00 15 3C 1A 64 00 
15:43:59.985,0x120,6,CAN,x| 02 43 02 A4 61 03 
15:43:59.985,0x124,8,CAN,x| 68 0E 10 1D D8 12 23 00 
15:43:59.985,0x122,8,CAN,x| B0 00 00 03 12 00 00 00 
15:43:59.985,0x7E8,8,CAN,x| 27 FF FF 00 80 FF FF FF 
15:43:59.987,0x7E8,8,CAN,x| 28 FF FF FF FF FF FF 2F 
15:43:59.989,0x7E8,8,CAN,x| 29 00 00 00 00 12 35 FF 
15:43:59.991,0x7E8,8,CAN,x| 2A FF FF FF FF FF FF FF 
15:43:59.993,0x7E8,8,CAN,x| 2B 5B 5B FF FF FF FF FF 
15:43:59.995,0x120,6,CAN,x| 02 43 02 A4 61 00 
15:43:59.995,0x124,8,CAN,x| 68 0E 10 1D D8 12 20 00 
15:43:59.995,0x122,8,CAN,x| B0 00 00 00 12 00 00 00 
15:43:59.995,0x13F,8,CAN,x| 00 0E 10 00 00 00 00 00 
15:43:59.995,0x7E8,8,CAN,x| 2C FF FF FF FF FF FF FF 
15:43:59.997,0x7E8,8,CAN,x| 2D FF FF FF FF FF FF FF 
15:43:59.999,0x7E8,8,CAN,x| 2E FF FF 2F F2 FF FF FF 
15:44:00.003,0x7E8,8,CAN,x| 2F FF FF FF FF FF FF FF 
15:44:00.003,0x7E8,8,CAN,x| 20 FF FF FF FF FF FF C1 
15:44:00.005,0x124,8,CAN,x| 68 0E 10 1D D8 12 21 00 
15:44:00.005,0x120,6,CAN,x| 02 43 02 A4 62 01 
15:44:00.005,0x122,8,CAN,x| B0 00 00 01 12 00 00 00 
15:44:00.005,0x7E8,8,CAN,x| 21 FF FF FF FF 8C 53 00 
15:44:00.007,0x7E8,8,CAN,x| 22 00 00 FF 01 FF FF FF 
15:44:00.009,0x7E8,8,CAN,x| 23 FF FF 08 04 FF FF 02 
15:44:00.011,0x7E8,8,CAN,x| 24 00 FF FF FF FF FF FF 
15:44:00.013,0x7E8,8,CAN,x| 25 FF FF FF FF FF FF FF 
15:44:00.015,0x120,6,CAN,x| 02 42 FD A4 60 02 
15:44:00.015,0x124,8,CAN,x| 68 0E 10 1D D8 12 22 00 
15:44:00.015,0x122,8,CAN,x| B0 00 00 02 12 00 00 00 
15:44:00.015,0x13F,8,CAN,x| 00 0E 10 00 00 00 00 00 
15:44:00.015,0x7E8,8,CAN,x| 26 FF FF FF FF FF FF FF 
15:44:00.017,0x7E8,8,CAN,x| 27 FF FF FF FF FF FF FF 
15:44:00.019,0x7E8,8,CAN,x| 28 FF FF FF FF FF FF FF 
15:44:00.021,0x7E8,8,CAN,x| 29 FF FF FF FF 01 FF FF 
15:44:00.025,0x7E8,8,CAN,x| 2A FF FF FF FF FF FF FF 
15:44:00.025,0x120,6,CAN,x| 02 42 FD A4 61 03 
15:44:00.025,0x124,8,CAN,x| 68 0E 10 1D D8 0D 23 00 
15:44:00.025,0x122,8,CAN,x| B0 00 00 03 0D 00 00 00 
15:44:00.025,0x7E8,8,CAN,x| 2B FF FF FF FF FF FF FF 
15:44:00.027,0x7E8,8,CAN,x| 2C FF FF FF FF FF FF FF 
15:44:00.029,0x7E8,8,CAN,x| 2D FF FF FF FF FF FF FF 
15:44:00.031,0x7E8,8,CAN,x| 2E FF 00 00 00 00 00 00 
15:44:00.035,0x124,8,CAN,x| 68 0E 10 1D D8 12 20 00 
15:44:00.035,0x120,6,CAN,x| 02 42 FD A4 61 00 
15:44:00.035,0x122,8,CAN,x| B0 00 00 00 12 00 00 00 
15:44:00.037,0x13F,8,CAN,x| 00 0E 10 00 00 00 00 00 
15:44:00.045,0x124,8,CAN,x| 68 0E 10 1D D8 12 21 00 
15:44:00.045,0x120,6,CAN,x| 02 42 FE A4 62 01 
15:44:00.045,0x122,8,CAN,x| B0 00 00 01 12 00 00 00 
15:44:00.047,0x314,8,CAN,x| 00 00 00 00 00 00 6F 01 
15:44:00.047,0x500,8,CAN,x| 75 02 3F 3F 3F 3F 3F 3F 
15:44:00.047,0x32E,8,CAN,x| 00 00 00 03 64 00 00 00 
15:44:00.055,0x124,8,CAN,x| 68 0E 10 1D D8 11 22 00 
15:44:00.055,0x120,6,CAN,x| 02 42 FE A4 60 02 
15:44:00.055,0x122,8,CAN,x| B0 00 00 02 11 00 00 00 
15:44:00.055,0x13F,8,CAN,x| 00 0E 10 00 00 00 00 00 
15:44:00.065,0x124,8,CAN,x| 68 0E 10 1D D8 12 23 00 
15:44:00.065,0x120,6,CAN,x| 02 42 FE A4 63 03 
15:44:00.065,0x122,8,CAN,x| B0 00 00 03 12 00 00 00 
15:44:00.073,0x7E0,8,CAN,x| 02 21 00 00 00 00 00 00 
15:44:00.075,0x124,8,CAN,x| 68 0E 10 1D D8 12 20 00 
15:44:00.075,0x120,6,CAN,x| 02 42 FE A4 63 00 
15:44:00.075,0x122,8,CAN,x| B0 00 00 00 12 00 00 00 
15:44:00.075,0x310,8,CAN,x| 01 3B 00 00 00 00 08 00 
15:44:00.075,0x318,8,CAN,x| 01 41 FF 00 00 00 10 80 
15:44:00.077,0x13F,8,CAN,x| 00 0E 10 00 00 00 00 00 
15:44:00.083,0x7E8,8,CAN,x| 10 D2 61 00 FF FF FF FF 
15:44:00.083,0x7E0,8,CAN,x| 30 00 00 00 00 00 00 00 
15:44:00.083,0x7E8,8,CAN,x| 21 FF FF FF FF FF FF FF 
15:44:00.085,0x124,8,CAN,x| 68 0E 10 1D D8 12 21 00 
15:44:00.085,0x120,6,CAN,x| 02 42 FE A4 60 01 
15:44:00.087,0x122,8,CAN,x| B0 00 00 01 12 00 00 00 
15:44:00.087,0x7E8,8,CAN,x| 22 FF FF FF FF 01 FF 80 
15:44:00.087,0x7E8,8,CAN,x| 23 80 FF FF 80 FF 08 16 
15:44:00.089,0x7E8,8,CAN,x| 24 FF FF CF FF FF FF FF 
15:44:00.091,0x7E8,8,CAN,x| 25 FF FF 24 0E 10 BF FF 
15:44:00.093,0x7E8,8,CAN,x| 26 FF 00 14 3C 1A 64 00 
15:44:00.095,0x120,6,CAN,x| 02 42 FE A4 60 02 
15:44:00.095,0x124,8,CAN,x| 68 0E 10 1D D8 12 22 00 
15:44:00.095,0x122,8,CAN,x| B0 00 00 02 12 00 00 00 
15:44:00.095,0x13F,8,CAN,x| 00 0E 10 00 00 00 00 00 
15:44:00.097,0x7E8,8,CAN,x| 27 FF FF 00 80 FF FF FF 
15:44:00.099,0x7E8,8,CAN,x| 28 FF FF FF FF FF FF 2F 
15:44:00.099,0x7E8,8,CAN,x| 29 00 00 00 00 12 36 FF 
15:44:00.103,0x7E8,8,CAN,x| 2A FF FF FF FF FF FF FF 
15:44:00.105,0x7E8,8,CAN,x| 2B 5B 5B FF FF FF FF FF 
15:44:00.105,0x124,8,CAN,x| 68 0E 10 1D D8 13 23 00 
15:44:00.105,0x120,6,CAN,x| 02 42 FE A4 60 03 
15:44:00.105,0x122,8,CAN,x| B0 00 00 03 13 00 00 00 
15:44:00.107,0x7E8,8,CAN,x| 2C FF FF FF FF FF FF FF 
15:44:00.107,0x7E8,8,CAN,x| 2D FF FF FF FF FF FF FF 
15:44:00.111,0x7E8,8,CAN,x| 2E FF FF 2F F2 FF FF FF 
15:44:00.113,0x7E8,8,CAN,x| 2F FF FF FF FF FF FF FF 
15:44:00.115,0x7E8,8,CAN,x| 20 FF FF FF FF FF FF C1 
15:44:00.115,0x120,6,CAN,x| 02 43 04 A4 60 00 
15:44:00.115,0x124,8,CAN,x| 68 0E 10 1D D8 13 20 00 
15:44:00.115,0x122,8,CAN,x| B0 00 00 00 13 00 00 00 
15:44:00.115,0x13F,8,CAN,x| 00 0E 10 00 00 00 00 00 
15:44:00.117,0x7E8,8,CAN,x| 21 FF FF FF FF 8C 53 00 
15:44:00.119,0x7E8,8,CAN,x| 22 00 00 FF 01 FF FF FF 
15:44:00.121,0x7E8,8,CAN,x| 23 FF FF 08 04 FF FF 02 
15:44:00.123,0x7E8,8,CAN,x| 24 00 FF FF FF FF FF FF 
15:44:00.125,0x7E8,8,CAN,x| 25 FF FF FF FF FF FF FF 
15:44:00.125,0x120,6,CAN,x| 02 43 04 A4 61 01 
15:44:00.125,0x124,8,CAN,x| 68 0E 10 1D D8 09 21 00 
15:44:00.125,0x122,8,CAN,x| B0 00 00 01 09 00 00 00 
15:44:00.127,0x7E8,8,CAN,x| 26 FF FF FF FF FF FF FF 
15:44:00.129,0x7E8,8,CAN,x| 27 FF FF FF FF FF FF FF 
15:44:00.131,0x7E8,8,CAN,x| 28 FF FF FF FF FF FF FF 
15:44:00.133,0x7E8,8,CAN,x| 29 FF FF FF FF 01 FF FF 
15:44:00.135,0x7E8,8,CAN,x| 2A FF FF FF FF FF FF FF 
15:44:00.135,0x124,8,CAN,x| 68 0E 10 1D D8 13 22 00 
15:44:00.135,0x120,6,CAN,x| 02 43 04 A4 61 02 
15:44:00.135,0x122,8,CAN,x| B0 00 00 02 13 00 00 00 
15:44:00.137,0x7E8,8,CAN,x| 2B FF FF FF FF FF FF FF 
15:44:00.137,0x13F,8,CAN,x| 00 0E 10 00 00 00 00 00 
15:44:00.139,0x7E8,8,CAN,x| 2C FF FF FF FF FF FF FF 
15:44:00.141,0x7E8,8,CAN,x| 2D FF FF FF FF FF FF FF 
15:44:00.143,0x7E8,8,CAN,x| 2E FF 00 00 00 00 00 00 
15:44:00.145,0x124,8,CAN,x| 68 0E 10 1D D8 13 23 00 
15:44:00.145,0x120,6,CAN,x| 02 43 04 A4 62 03 
15:44:00.145,0x122,8,CAN,x| B0 00 00 03 13 00 00 00 
15:44:00.147,0x314,8,CAN,x| 00 00 00 00 00 00 7E 01 
15:44:00.147,0x32E,8,CAN,x| 00 00 00 00 64 00 00 00 
15:44:00.155,0x124,8,CAN,x| 68 0E 10 1D D8 12 20 00 
15:44:00.155,0x120,6,CAN,x| 02 43 04 A4 5E 00 
15:44:00.155,0x122,8,CAN,x| B0 00 00 00 12 00 00 00 
15:44:00.155,0x13F,8,CAN,x| 00 0E 10 00 00 00 00 00 
15:44:00.165,0x124,8,CAN,x| 68 0E 10 1D D8 13 21 00 
15:44:00.165,0x120,6,CAN,x| 02 43 04 A4 5E 01 
15:44:00.165,0x122,8,CAN,x| B0 00 00 01 13 00 00 00 
15:44:00.175,0x124,8,CAN,x| 68 0E 10 1D D8 13 22 00 
15:44:00.175,0x120,6,CAN,x| 02 43 04 A4 5D 02 
15:44:00.175,0x122,8,CAN,x| B0 00 00 02 13 00 00 00 
15:44:00.175,0x310,8,CAN,x| 01 3B 00 00 00 00 08 00 
15:44:00.175,0x318,8,CAN,x| 01 41 FF 00 00 00 10 80 
15:44:00.175,0x13F,8,CAN,x| 00 0E 10 00 00 00 00 00 
15:44:00.185,0x124,8,CAN,x| 68 0E 10 1D D8 13 23 00 
15:44:00.185,0x120,6,CAN,x| 02 43 08 A4 5F 03 
15:44:00.185,0x122,8,CAN,x| B0 00 00 03 13 00 00 00 
15:44:00.187,0x7E0,8,CAN,x| 02 21 00 00 00 00 00 00 
15:44:00.193,0x7E8,8,CAN,x| 10 D2 61 00 FF FF FF FF 
15:44:00.193,0x7E0,8,CAN,x| 30 00 00 00 00 00 00 00 
15:44:00.195,0x7E8,8,CAN,x| 21 FF FF FF FF FF FF FF 
15:44:00.195,0x124,8,CAN,x| 68 0E 10 1D D8 13 20 00 
15:44:00.195,0x120,6,CAN,x| 02 43 08 A4 5E 00 
15:44:00.195,0x122,8,CAN,x| B0 00 00 00 13 00 00 00 
15:44:00.197,0x7E8,8,CAN,x| 22 FF FF FF FF 01 FF 80 
15:44:00.197,0x13F,8,CAN,x| 00 0E 10 00 00 00 00 00 
15:44:00.199,0x7E8,8,CAN,x| 23 80 FF FF 80 FF 08 E6 
15:44:00.201,0x7E8,8,CAN,x| 24 FF FF CE FF FF FF FF 
15:44:00.203,0x7E8,8,CAN,x| 25 FF FF 26 0E 10 BF FF 
15:44:00.205,0x7E8,8,CAN,x| 26 FF 00 15 3B 19 64 00 
15:44:00.205,0x124,8,CAN,x| 68 0E 10 1D D8 13 21 00 
15:44:00.205,0x120,6,CAN,x| 02 43 08 A4 5E 01 
15:44:00.205,0x122,8,CAN,x| B0 00 00 01 13 00 00 00 
15:44:00.207,0x7E8,8,CAN,x| 27 FF FF 00 80 FF FF FF 
15:44:00.209,0x7E8,8,CAN,x| 28 FF FF FF FF FF FF 2F 
15:44:00.211,0x7E8,8,CAN,x| 29 00 00 00 00 12 37 FF 
15:44:00.213,0x7E8,8,CAN,x| 2A FF FF FF FF FF FF FF 
15:44:00.215,0x7E8,8,CAN,x| 2B 5B 5B FF FF FF FF FF 
15:44:00.215,0x120,6,CAN,x| 02 43 08 A4 5E 02 
15:44:00.215,0x124,8,CAN,x| 68 0E 10 1D D8 13 22 00 
15:44:00.215,0x122,8,CAN,x| B0 00 00 02 13 00 00 00 
15:44:00.215,0x13F,8,CAN,x| 00 0E 10 00 00 00 00 00 
15:44:00.217,0x7E8,8,CAN,x| 2C FF FF FF FF FF FF FF 
15:44:00.219,0x7E8,8,CAN,x| 2D FF FF FF FF FF FF FF 
15:44:00.221,0x7E8,8,CAN,x| 2E FF FF 2F F2 FF FF FF 
15:44:00.223,0x7E8,8,CAN,x| 2F FF FF FF FF FF FF FF 
15:44:00.225,0x7E8,8,CAN,x| 20 FF FF FF FF FF FF C1 
15:44:00.225,0x120,6,CAN,x| 02 43 08 A4 5D 03 
15:44:00.225,0x124,8,CAN,x| 68 0E 10 1D D8 0E 23 00 
15:44:00.225,0x122,8,CAN,x| B0 00 00 03 0E 00 00 00 
15:44:00.227,0x7E8,8,CAN,x| 21 FF FF FF FF 8C 53 00 
15:44:00.229,0x7E8,8,CAN,x| 22 00 00 FF 01 FF FF FF 
15:44:00.231,0x7E8,8,CAN,x| 23 FF FF 08 04 FF FF 02 
15:44:00.233,0x7E8,8,CAN,x| 24 00 FF FF FF FF FF FF 
15:44:00.235,0x7E8,8,CAN,x| 25 FF FF FF FF FF FF FF 
15:44:00.235,0x124,8,CAN,x| 68 0E 10 1D D8 13 20 00 
15:44:00.235,0x120,6,CAN,x| 02 43 08 A4 5C 00 
15:44:00.235,0x122,8,CAN,x| B0 00 00 00 13 00 00 00 
15:44:00.237,0x7E8,8,CAN,x| 26 FF FF FF FF FF FF FF 
15:44:00.237,0x13F,8,CAN,x| 00 0E 10 00 00 00 00 00 
15:44:00.239,0x7E8,8,CAN,x| 27 FF FF FF FF FF FF FF 
15:44:00.241,0x7E8,8,CAN,x| 28 FF FF FF FF FF FF FF 
15:44:00.243,0x7E8,8,CAN,x| 29 FF FF FF FF 01 FF FF 
15:44:00.245,0x7E8,8,CAN,x| 2A FF FF FF FF FF FF FF 
15:44:00.245,0x124,8,CAN,x| 68 0E 10 1D D8 14 21 00 
15:44:00.245,0x120,6,CAN,x| 02 43 0B A4 5C 01 
15:44:00.245,0x122,8,CAN,x| B0 00 00 01 14 00 00 00 
15:44:00.247,0x7E8,8,CAN,x| 2B FF FF FF FF FF FF FF 
15:44:00.247,0x314,8,CAN,x| 00 00 00 00 00 00 95 01 
15:44:00.247,0x500,8,CAN,x| 75 03 3F 3F 3F 3F 3F 3F 
15:44:00.247,0x32E,8,CAN,x| 00 00 00 01 64 00 00 00 
15:44:00.249,0x7E8,8,CAN,x| 2C FF FF FF FF FF FF FF 
15:44:00.251,0x7E8,8,CAN,x| 2D FF FF FF FF FF FF FF 
15:44:00.253,0x7E8,8,CAN,x| 2E FF 00 00 00 00 00 00 
15:44:00.255,0x124,8,CAN,x| 68 0E 10 1D D8 12 22 00 
15:44:00.255,0x120,6,CAN,x| 02 43 0B A4 5E 02 
15:44:00.255,0x122,8,CAN,x| B0 00 00 02 12 00 00 00 
15:44:00.255,0x13F,8,CAN,x| 00 0E 10 00 00 00 00 00 
15:44:00.265,0x124,8,CAN,x| 68 0E 10 1D D8 14 23 00 
15:44:00.265,0x120,6,CAN,x| 02 43 0B A4 5E 03 
15:44:00.265,0x122,8,CAN,x| B0 00 00 03 14 00 00 00 
15:44:00.275,0x124,8,CAN,x| 68 0E 10 1D D8 14 20 00 
15:44:00.275,0x120,6,CAN,x| 02 43 0B A4 5E 00 
15:44:00.275,0x122,8,CAN,x| B0 00 00 00 14 00 00 00 
15:44:00.275,0x310,8,CAN,x| 01 3B 00 00 00 00 08 00 
15:44:00.275,0x318,8,CAN,x| 01 41 FF 00 00 00 10 80 
15:44:00.277,0x13F,8,CAN,x| 00 0E 10 00 00 00 00 00 
15:44:00.283,0x7E0,8,CAN,x| 02 21 00 00 00 00 00 00 
15:44:00.285,0x124,8,CAN,x| 68 0E 10 1D D8 14 21 00 
15:44:00.285,0x120,6,CAN,x| 02 43 0A A4 5E 01 
15:44:00.285,0x122,8,CAN,x| B0 00 00 01 14 00 00 00 
15:44:00.293,0x7E8,8,CAN,x| 10 D2 61 00 FF FF FF FF 
15:44:00.293,0x7E0,8,CAN,x| 30 00 00 00 00 00 00 00 
15:44:00.295,0x7E8,8,CAN,x| 21 FF FF FF FF FF FF FF 
15:44:00.295,0x124,8,CAN,x| 68 0E 10 1D D8 14 22 00 
15:44:00.295,0x120,6,CAN,x| 02 43 0A A4 5E 02 
15:44:00.295,0x122,8,CAN,x| B0 00 00 02 14 00 00 00 
15:44:00.297,0x7E8,8,CAN,x| 22 FF FF FF FF 01 FF 80 
15:44:00.297,0x13F,8,CAN,x| 00 0E 10 00 00 00 00 00 
15:44:00.299,0x7E8,8,CAN,x| 23 80 FF FF 80 FF 09 B6 
15:44:00.301,0x7E8,8,CAN,x| 24 FF FF CE FF FF FF FF 
15:44:00.303,0x7E8,8,CAN,x| 25 FF FF 29 0E 10 BF FF 
15:44:00.305,0x7E8,8,CAN,x| 26 FF 00 16 3A 1A 64 00 
15:44:00.305,0x124,8,CAN,x| 68 0E 10 1D D8 14 23 00 
15:44:00.305,0x120,6,CAN,x| 02 43 0A A4 5D 03 
15:44:00.307,0x122,8,CAN,x| B0 00 00 03 14 00 00 00 
15:44:00.307,0x7E8,8,CAN,x| 27 FF FF 00 80 FF FF FF 
15:44:00.309,0x7E8,8,CAN,x| 28 FF FF FF FF FF FF 2F 
15:44:00.311,0x7E8,8,CAN,x| 29 00 00 00 00 12 34 FF 
15:44:00.313,0x7E8,8,CAN,x| 2A FF FF FF FF FF FF FF 
15:44:00.315,0x7E8,8,CAN,x| 2B 5B 5B FF FF FF FF FF 
15:44:00.315,0x120,6,CAN,x| 02 43 0C A4 60 00 
15:44:00.315,0x124,8,CAN,x| 68 0E 10 1D D8 14 20 00 
15:44:00.315,0x122,8,CAN,x| B0 00 00 00 14 00 00 00 
15:44:00.315,0x13F,8,CAN,x| 00 0E 10 00 00 00 00 00 
15:44:00.317,0x7E8,8,CAN,x| 2C FF FF FF FF FF FF FF 
15:44:00.319,0x7E8,8,CAN,x| 2D FF FF FF FF FF FF FF 
15:44:00.321,0x7E8,8,CAN,x| 2E FF FF 2F F2 FF FF FF 
15:44:00.323,0x7E8,8,CAN,x| 2F FF FF FF FF FF FF FF 
15:44:00.325,0x7E8,8,CAN,x| 20 FF FF FF FF FF FF C1 
15:44:00.325,0x120,6,CAN,x| 02 43 0C A4 60 01 
15:44:00.325,0x124,8,CAN,x| 68 0E 10 1D D8 0A 21 00 
15:44:00.325,0x122,8,CAN,x| B0 00 00 01 0A 00 00 00 
15:44:00.327,0x7E8,8,CAN,x| 21 FF FF FF FF 8C 53 00 
15:44:00.329,0x7E8,8,CAN,x| 22 00 00 FF 01 FF FF FF 
15:44:00.331,0x7E8,8,CAN,x| 23 FF FF 08 04 FF FF 02 
15:44:00.333,0x7E8,8,CAN,x| 24 00 FF FF FF FF FF FF 
15:44:00.335,0x7E8,8,CAN,x| 25 FF FF FF FF FF FF FF 
15:44:00.335,0x124,8,CAN,x| 68 0E 10 1D D8 14 22 00 
15:44:00.335,0x120,6,CAN,x| 02 43 0C A4 60 02 
15:44:00.335,0x122,8,CAN,x| B0 00 00 02 14 00 00 00 
15:44:00.337,0x7E8,8,CAN,x| 26 FF FF FF FF FF FF FF 
15:44:00.337,0x13F,8,CAN,x| 00 0E 10 00 00 00 00 00 
15:44:00.339,0x7E8,8,CAN,x| 27 FF FF FF FF FF FF FF 
15:44:00.341,0x7E8,8,CAN,x| 28 FF FF FF FF FF FF FF 
15:44:00.343,0x7E8,8,CAN,x| 29 FF FF FF FF 01 FF FF 
15:44:00.345,0x7E8,8,CAN,x| 2A FF FF FF FF FF FF FF 
15:44:00.345,0x124,8,CAN,x| 68 0E 10 1D D8 14 23 00 
15:44:00.345,0x120,6,CAN,x| 02 43 0B A4 60 03 
15:44:00.345,0x122,8,CAN,x| B0 00 00 03 14 00 00 00 
15:44:00.347,0x7E8,8,CAN,x| 2B FF FF FF FF FF FF FF 
15:44:00.347,0x314,8,CAN,x| 00 00 00 00 00 00 95 01 
15:44:00.347,0x32E,8,CAN,x| 00 00 00 02 64 00 00 00 
15:44:00.349,0x7E8,8,CAN,x| 2C FF FF FF FF FF FF FF 
15:44:00.351,0x7E8,8,CAN,x| 2D FF FF FF FF FF FF FF 
15:44:00.353,0x7E8,8,CAN,x| 2E FF 00 00 00 00 00 00 
15:44:00.355,0x124,8,CAN,x| 68 0E 10 1D D8 14 20 00 
15:44:00.355,0x120,6,CAN,x| 02 43 0B A4 5E 00 
15:44:00.355,0x122,8,CAN,x| B0 00 00 00 14 00 00 00 
15:44:00.355,0x13F,8,CAN,x| 00 0E 10 00 00 00 00 00 
15:44:00.365,0x124,8,CAN,x| 68 0E 10 1D D8 13 21 00 
15:44:00.365,0x120,6,CAN,x| 02 43 0B A4 5D 01 
15:44:00.365,0x122,8,CAN,x| B0 00 00 01 13 00 00 00 
15:44:00.375,0x124,8,CAN,x| 68 0E 10 1D D8 13 22 00 
15:44:00.375,0x120,6,CAN,x| 02 43 0B A4 5C 02 
15:44:00.375,0x122,8,CAN,x| B0 00 00 02 13 00 00 00 
15:44:00.375,0x310,8,CAN,x| 01 3B 00 00 00 00 08 00 
15:44:00.375,0x318,8,CAN,x| 01 41 FF 00 00 00 10 80 
15:44:00.375,0x13F,8,CAN,x| 00 0E 10 00 00 00 00 00 
15:44:00.383,0x7E0,8,CAN,x| 02 21 00 00 00 00 00 00 
15:44:00.385,0x124,8,CAN,x| 68 0E 10 1D D8 13 23 00 
15:44:00.385,0x120,6,CAN,x| 02 43 0C A4 60 03 
15:44:00.385,0x122,8,CAN,x| B0 00 00 03 13 00 00 00 
15:44:00.393,0x7E8,8,CAN,x| 10 D2 61 00 FF FF FF FF 
15:44:00.393,0x7E0,8,CAN,x| 30 00 00 00 00 00 00 00 
15:44:00.395,0x7E8,8,CAN,x| 21 FF FF FF FF FF FF FF 
15:44:00.395,0x124,8,CAN,x| 68 0E 10 1D D8 13 20 00 
15:44:00.395,0x120,6,CAN,x| 02 43 0C A4 60 00 
15:44:00.395,0x122,8,CAN,x| B0 00 00 00 13 00 00 00 
15:44:00.397,0x7E8,8,CAN,x| 22 FF FF FF FF 01 FF 80 
15:44:00.397,0x13F,8,CAN,x| 00 0E 10 00 00 00 00 00 
15:44:00.399,0x7E8,8,CAN,x| 23 80 FF FF 80 FF 09 86 
15:44:00.401,0x7E8,8,CAN,x| 24 FF FF CC FF FF FF FF 
15:44:00.403,0x7E8,8,CAN,x| 25 FF FF 28 0E 10 BF FF 
15:44:00.405,0x7E8,8,CAN,x| 26 FF 00 16 3B 1A 64 00 
15:44:00.405,0x124,8,CAN,x| 68 0E 10 1D D8 13 21 00 
15:44:00.405,0x120,6,CAN,x| 02 43 0C A4 60 01 
15:44:00.405,0x122,8,CAN,x| B0 00 00 01 13 00 00 00 
15:44:00.407,0x7E8,8,CAN,x| 27 FF FF 00 80 FF FF FF 
15:44:00.409,0x7E8,8,CAN,x| 28 FF FF FF FF FF FF 2E 
15:44:00.411,0x7E8,8,CAN,x| 29 00 00 00 00 11 35 FF 
15:44:00.413,0x7E8,8,CAN,x| 2A FF FF FF FF FF FF FF 
15:44:00.415,0x7E8,8,CAN,x| 2B 5B 5B FF FF FF FF FF 
15:44:00.415,0x120,6,CAN,x| 02 43 09 A4 5F 02 
15:44:00.415,0x124,8,CAN,x| 68 0E 10 1D D8 13 22 00 
15:44:00.415,0x122,8,CAN,x| B0 00 00 02 13 00 00 00 
15:44:00.415,0x13F,8,CAN,x| 00 0E 10 00 00 00 00 00 
15:44:00.417,0x7E8,8,CAN,x| 2C FF FF FF FF FF FF FF 
15:44:00.419,0x7E8,8,CAN,x| 2D FF FF FF FF FF FF FF 
15:44:00.421,0x7E8,8,CAN,x| 2E FF FF 2F F2 FF FF FF 
15:44:00.423,0x7E8,8,CAN,x| 2F FF FF FF FF FF FF FF 
15:44:00.425,0x7E8,8,CAN,x| 20 FF FF FF FF FF FF C1 
15:44:00.425,0x120,6,CAN,x| 02 43 09 A4 5F 03 
15:44:00.425,0x124,8,CAN,x| 68 0E 10 1D D8 0E 23 00 
15:44:00.425,0x122,8,CAN,x| B0 00 00 03 0E 00 00 00 
15:44:00.427,0x7E8,8,CAN,x| 21 FF FF FF FF 8C 53 00 
15:44:00.429,0x7E8,8,CAN,x| 22 00 00 FF 01 FF FF FF 
15:44:00.431,0x7E8,8,CAN,x| 23 FF FF 08 04 FF FF 02 
15:44:00.433,0x7E8,8,CAN,x| 24 00 FF FF FF FF FF FF 
15:44:00.435,0x7E8,8,CAN,x| 25 FF FF FF FF FF FF FF 
15:44:00.435,0x120,6,CAN,x| 02 43 09 A4 5E 00 
15:44:00.435,0x124,8,CAN,x| 68 0E 10 1D D8 13 20 00 
15:44:00.435,0x122,8,CAN,x| B0 00 00 00 13 00 00 00 
15:44:00.435,0x13F,8,CAN,x| 00 0E 10 00 00 00 00 00 
15:44:00.437,0x7E8,8,CAN,x| 26 FF FF FF FF FF FF FF 
15:44:00.439,0x7E8,8,CAN,x| 27 FF FF FF FF FF FF FF 
15:44:00.441,0x7E8,8,CAN,x| 28 FF FF FF FF FF FF FF 
15:44:00.443,0x7E8,8,CAN,x| 29 FF FF FF FF 01 FF FF 
15:44:00.445,0x7E8,8,CAN,x| 2A FF FF FF FF FF FF FF 
15:44:00.445,0x124,8,CAN,x| 68 0E 10 1D D8 13 21 00 
15:44:00.445,0x120,6,CAN,x| 02 43 08 A4 5E 01 
15:44:00.445,0x122,8,CAN,x| B0 00 00 01 13 00 00 00 
15:44:00.447,0x7E8,8,CAN,x| 2B FF FF FF FF FF FF FF 
15:44:00.447,0x314,8,CAN,x| 00 00 00 00 00 00 8E 01 
15:44:00.447,0x500,8,CAN,x| 75 01 00 3F 3F 3F 3F 3F 
15:44:00.447,0x32E,8,CAN,x| 00 00 00 03 64 00 00 00 
15:44:00.449,0x7E8,8,CAN,x| 2C FF FF FF FF FF FF FF 
15:44:00.451,0x7E8,8,CAN,x| 2D FF FF FF FF FF FF FF 
15:44:00.453,0x7E8,8,CAN,x| 2E FF 00 00 00 00 00 00 
15:44:00.455,0x124,8,CAN,x| 68 0E 10 1D D8 13 22 00 
15:44:00.455,0x120,6,CAN,x| 02 43 08 A4 5F 02 
15:44:00.455,0x122,8,CAN,x| B0 00 00 02 13 00 00 00 
15:44:00.455,0x13F,8,CAN,x| 00 0E 10 00 00 00 00 00 
15:44:00.465,0x124,8,CAN,x| 68 0E 10 1D D8 13 23 00 
15:44:00.465,0x120,6,CAN,x| 02 43 08 A4 60 03 
15:44:00.465,0x122,8,CAN,x| B0 00 00 03 13 00 00 00 
15:44:00.475,0x124,8,CAN,x| 68 0E 10 1D D8 13 20 00 
15:44:00.475,0x120,6,CAN,x| 02 43 08 A4 60 00 
15:44:00.475,0x122,8,CAN,x| B0 00 00 00 13 00 00 00 
15:44:00.475,0x310,8,CAN,x| 01 3B 00 00 00 00 08 00 
15:44:00.475,0x318,8,CAN,x| 01 41 FF 00 00 00 10 80 
15:44:00.477,0x13F,8,CAN,x| 00 0E 10 00 00 00 00 00 
15:44:00.485,0x124,8,CAN,x| 68 0E 10 1D D8 13 21 00 
15:44:00.485,0x120,6,CAN,x| 02 43 03 A4 60 01 
15:44:00.485,0x122,8,CAN,x| B0 00 00 01 13 00 00 00 
15:44:00.495,0x124,8,CAN,x| 68 0E 10 1D D8 12 22 00 
15:44:00.495,0x120,6,CAN,x| 02 43 03 A4 60 02 
15:44:00.495,0x122,8,CAN,x| B0 00 00 02 12 00 00 00 
15:44:00.495,0x13F,8,CAN,x| 00 0E 10 00 00 00 00 00 
15:44:00.497,0x7E0,8,CAN,x| 02 21 00 00 00 00 00 00 
15:44:00.503,0x7E8,8,CAN,x| 10 D2 61 00 FF FF FF FF 
15:44:00.503,0x7E0,8,CAN,x| 30 00 00 00 00 00 00 00 
15:44:00.505,0x7E8,8,CAN,x| 21 FF FF FF FF FF FF FF 
15:44:00.507,0x124,8,CAN,x| 68 0E 10 1D D8 12 23 00 
15:44:00.507,0x120,6,CAN,x| 02 43 03 A4 61 03 
15:44:00.507,0x122,8,CAN,x| B0 00 00 03 12 00 00 00 
15:44:00.507,0x7E8,8,CAN,x| 22 FF FF FF FF 01 FF 80 
15:44:00.509,0x7E8,8,CAN,x| 23 80 FF FF 80 FF 09 16 
15:44:00.511,0x7E8,8,CAN,x| 24 FF FF C3 FF FF FF FF 
15:44:00.513,0x7E8,8,CAN,x| 25 FF FF 28 0E 10 BF FF 
15:44:00.515,0x7E8,8,CAN,x| 26 FF 00 15 3C 1B 64 00 
15:44:00.515,0x120,6,CAN,x| 02 43 01 A4 60 00 
15:44:00.515,0x124,8,CAN,x| 68 0E 10 1D D8 12 20 00 
15:44:00.515,0x122,8,CAN,x| B0 00 00 00 12 00 00 00 
15:44:00.515,0x13F,8,CAN,x| 00 0E 10 00 00 00 00 00 
15:44:00.517,0x7E8,8,CAN,x| 27 FF FF 00 80 FF FF FF 
15:44:00.519,0x7E8,8,CAN,x| 28 FF FF FF FF FF FF 2F 
15:44:00.521,0x7E8,8,CAN,x| 29 00 00 00 00 12 36 FF 
15:44:00.523,0x7E8,8,CAN,x| 2A FF FF FF FF FF FF FF 
15:44:00.525,0x7E8,8,CAN,x| 2B 5B 5B FF FF FF FF FF 
15:44:00.525,0x120,6,CAN,x| 02 43 01 A4 62 01 
15:44:00.525,0x124,8,CAN,x| 68 0E 10 1D D8 08 21 00 
15:44:00.525,0x122,8,CAN,x| B0 00 00 01 08 00 00 00 
15:44:00.527,0x7E8,8,CAN,x| 2C FF FF FF FF FF FF FF 
15:44:00.529,0x7E8,8,CAN,x| 2D FF FF FF FF FF FF FF 
15:44:00.531,0x7E8,8,CAN,x| 2E FF FF 2F F2 FF FF FF 
15:44:00.533,0x7E8,8,CAN,x| 2F FF FF FF FF FF FF FF 
15:44:00.535,0x7E8,8,CAN,x| 20 FF FF FF FF FF FF C1 
15:44:00.535,0x124,8,CAN,x| 68 0E 10 1D D8 12 22 00 
15:44:00.535,0x120,6,CAN,x| 02 43 01 A4 62 02 
15:44:00.535,0x122,8,CAN,x| B0 00 00 02 12 00 00 00 
15:44:00.537,0x7E8,8,CAN,x| 21 FF FF FF FF 8C 53 00 
15:44:00.537,0x13F,8,CAN,x| 00 0E 10 00 00 00 00 00 
15:44:00.539,0x7E8,8,CAN,x| 22 00 00 FF 01 FF FF FF 
15:44:00.541,0x7E8,8,CAN,x| 23 FF FF 08 04 FF FF 02 
15:44:00.543,0x7E8,8,CAN,x| 24 00 FF FF FF FF FF FF 
15:44:00.545,0x7E8,8,CAN,x| 25 FF FF FF FF FF FF FF 
15:44:00.545,0x124,8,CAN,x| 68 0E 10 1D D8 12 23 00 
15:44:00.545,0x120,6,CAN,x| 02 42 FD A4 64 03 
15:44:00.545,0x122,8,CAN,x| B0 00 00 03 12 00 00 00 
15:44:00.547,0x7E8,8,CAN,x| 26 FF FF FF FF FF FF FF 
15:44:00.547,0x314,8,CAN,x| 00 00 00 00 00 00 72 01 
15:44:00.547,0x32E,8,CAN,x| 00 00 00 00 64 00 00 00 
15:44:00.549,0x7E8,8,CAN,x| 27 FF FF FF FF FF FF FF 
15:44:00.551,0x7E8,8,CAN,x| 28 FF FF FF FF FF FF FF 
15:44:00.553,0x7E8,8,CAN,x| 29 FF FF FF FF 01 FF FF 
15:44:00.555,0x7E8,8,CAN,x| 2A FF FF FF FF FF FF FF 
15:44:00.555,0x120,6,CAN,x| 02 42 FD A4 60 00 
15:44:00.555,0x124,8,CAN,x| 68 0E 10 1D D8 12 20 00 
15:44:00.555,0x122,8,CAN,x| B0 00 00 00 12 00 00 00 
15:44:00.555,0x13F,8,CAN,x| 00 0E 10 00 00 00 00 00 
15:44:00.557,0x7E8,8,CAN,x| 2B FF FF FF FF FF FF FF 
15:44:00.559,0x7E8,8,CAN,x| 2C FF FF FF FF FF FF FF 
15:44:00.561,0x7E8,8,CAN,x| 2D FF FF FF FF FF FF FF 
15:44:00.563,0x7E8,8,CAN,x| 2E FF 00 00 00 00 00 00 
15:44:00.565,0x124,8,CAN,x| 68 0E 10 1D D8 12 21 00 
15:44:00.565,0x120,6,CAN,x| 02 42 FD A4 62 01 
15:44:00.565,0x122,8,CAN,x| B0 00 00 01 12 00 00 00 
15:44:00.575,0x124,8,CAN,x| 68 0E 10 1D D8 12 22 00 
15:44:00.575,0x120,6,CAN,x| 02 42 FD A4 62 02 
15:44:00.575,0x122,8,CAN,x| B0 00 00 02 12 00 00 00 
15:44:00.575,0x310,8,CAN,x| 01 3B 00 00 00 00 08 00 
15:44:00.575,0x318,8,CAN,x| 01 41 FF 00 00 00 10 80 
15:44:00.577,0x13F,8,CAN,x| 00 0E 10 00 00 00 00 00 
15:44:00.585,0x124,8,CAN,x| 68 0E 10 1D D8 12 23 00 
15:44:00.585,0x120,6,CAN,x| 02 42 FF A4 62 03 
15:44:00.585,0x122,8,CAN,x| B0 00 00 03 12 00 00 00 
15:44:00.595,0x124,8,CAN,x| 68 0E 10 1D D8 12 20 00 
15:44:00.595,0x120,6,CAN,x| 02 42 FF A4 62 00 
15:44:00.595,0x122,8,CAN,x| B0 00 00 00 12 00 00 00 
15:44:00.595,0x13F,8,CAN,x| 00 0E 10 00 00 00 00 00 
15:44:00.601,0x7E0,8,CAN,x| 02 21 00 00 00 00 00 00 
15:44:00.603,0x7E8,8,CAN,x| 10 D2 61 00 FF FF FF FF 
15:44:00.605,0x124,8,CAN,x| 68 0E 10 1D D8 12 21 00 
15:44:00.607,0x120,6,CAN,x| 02 42 FF A4 64 01 
15:44:00.607,0x122,8,CAN,x| B0 00 00 01 12 00 00 00 
15:44:00.607,0x7E0,8,CAN,x| 30 00 00 00 00 00 00 00 
15:44:00.609,0x7E8,8,CAN,x| 21 FF FF FF FF FF FF FF 
15:44:00.611,0x7E8,8,CAN,x| 22 FF FF FF FF 01 FF 80 
15:44:00.613,0x7E8,8,CAN,x| 23 80 FF FF 80 FF 07 C6 
15:44:00.615,0x7E8,8,CAN,x| 24 FF FF CF FF FF FF FF 
15:44:00.615,0x120,6,CAN,x| 02 42 FF A4 60 02 
15:44:00.615,0x124,8,CAN,x| 68 0E 10 1D D8 12 22 00 
15:44:00.615,0x122,8,CAN,x| B0 00 00 02 12 00 00 00 
15:44:00.615,0x13F,8,CAN,x| 00 0E 10 00 00 00 00 00 
15:44:00.617,0x7E8,8,CAN,x| 25 FF FF 23 0E 10 BF FF 
15:44:00.619,0x7E8,8,CAN,x| 26 FF 00 14 3C 1A 64 00 
15:44:00.621,0x7E8,8,CAN,x| 27 FF FF 00 80 FF FF FF 
15:44:00.623,0x7E8,8,CAN,x| 28 FF FF FF FF FF FF 2F 
15:44:00.625,0x7E8,8,CAN,x| 29 00 00 00 00 12 36 FF 
15:44:00.625,0x120,6,CAN,x| 02 42 FF A4 61 03 
15:44:00.625,0x124,8,CAN,x| 68 0E 10 1D D8 0D 23 00 
15:44:00.625,0x122,8,CAN,x| B0 00 00 03 0D 00 00 00 
15:44:00.627,0x7E8,8,CAN,x| 2A FF FF FF FF FF FF FF 
15:44:00.629,0x7E8,8,CAN,x| 2B 5B 5B FF FF FF FF FF 
15:44:00.631,0x7E8,8,CAN,x| 2C FF FF FF FF FF FF FF 
15:44:00.633,0x7E8,8,CAN,x| 2D FF FF FF FF FF FF FF 
15:44:00.635,0x7E8,8,CAN,x| 2E FF FF 2F F2 FF FF FF 
15:44:00.635,0x124,8,CAN,x| 68 0E 10 1D D8 13 20 00 
15:44:00.635,0x120,6,CAN,x| 02 42 FF A4 61 00 
15:44:00.635,0x122,8,CAN,x| B0 00 00 00 13 00 00 00 
15:44:00.637,0x7E8,8,CAN,x| 2F FF FF FF FF FF FF FF 
15:44:00.637,0x13F,8,CAN,x| 00 0E 10 00 00 00 00 00 
15:44:00.639,0x7E8,8,CAN,x| 20 FF FF FF FF FF FF C1 
15:44:00.641,0x7E8,8,CAN,x| 21 FF FF FF FF 8C 53 00 
15:44:00.643,0x7E8,8,CAN,x| 22 00 00 FF 01 FF FF FF 
15:44:00.645,0x7E8,8,CAN,x| 23 FF FF 08 04 FF FF 02 
15:44:00.645,0x124,8,CAN,x| 68 0E 10 1D D8 13 21 00 
15:44:00.645,0x120,6,CAN,x| 02 43 04 A4 62 01 
15:44:00.645,0x122,8,CAN,x| B0 00 00 01 13 00 00 00 
15:44:00.647,0x7E8,8,CAN,x| 24 00 FF FF FF FF FF FF 
15:44:00.647,0x314,8,CAN,x| 00 00 00 00 00 00 76 01 
15:44:00.647,0x500,8,CAN,x| 75 02 3F 3F 3F 3F 3F 3F 
15:44:00.647,0x32E,8,CAN,x| 00 00 00 01 64 00 00 00 
15:44:00.649,0x7E8,8,CAN,x| 25 FF FF FF FF FF FF FF 
15:44:00.651,0x7E8,8,CAN,x| 26 FF FF FF FF FF FF FF 
15:44:00.653,0x7E8,8,CAN,x| 27 FF FF FF FF FF FF FF 
15:44:00.655,0x7E8,8,CAN,x| 28 FF FF FF FF FF FF FF 
15:44:00.655,0x120,6,CAN,x| 02 43 04 A4 60 02 
15:44:00.655,0x124,8,CAN,x| 68 0E 10 1D D8 10 22 00 
15:44:00.655,0x122,8,CAN,x| B0 00 00 02 10 00 00 00 
15:44:00.655,0x13F,8,CAN,x| 00 0E 10 00 00 00 00 00 
15:44:00.657,0x7E8,8,CAN,x| 29 FF FF FF FF 01 FF FF 
15:44:00.659,0x7E8,8,CAN,x| 2A FF FF FF FF FF FF FF 
15:44:00.661,0x7E8,8,CAN,x| 2B FF FF FF FF FF FF FF 
15:44:00.663,0x7E8,8,CAN,x| 2C FF FF FF FF FF FF FF 
15:44:00.665,0x7E8,8,CAN,x| 2D FF FF FF FF FF FF FF 
15:44:00.665,0x120,6,CAN,x| 02 43 04 A4 61 03 
15:44:00.665,0x124,8,CAN,x| 68 0E 10 1D D8 13 23 00 
15:44:00.665,0x122,8,CAN,x| B0 00 00 03 13 00 00 00 
15:44:00.667,0x7E8,8,CAN,x| 2E FF 00 00 00 00 00 00 
15:44:00.675,0x124,8,CAN,x| 68 0E 10 1D D8 13 20 00 
15:44:00.675,0x120,6,CAN,x| 02 43 04 A4 61 00 
15:44:00.675,0x122,8,CAN,x| B0 00 00 00 13 00 00 00 
15:44:00.675,0x310,8,CAN,x| 01 3B 00 00 00 00 08 00 
15:44:00.675,0x318,8,CAN,x| 01 41 FF 00 00 00 10 80 
15:44:00.677,0x13F,8,CAN,x| 00 0E 10 00 00 00 00 00 
15:44:00.685,0x124,8,CAN,x| 68 0E 10 1D D8 13 21 00 
15:44:00.685,0x120,6,CAN,x| 02 43 04 A4 5E 01 
15:44:00.685,0x122,8,CAN,x| B0 00 00 01 13 00 00 00 
15:44:00.695,0x124,8,CAN,x| 68 0E 10 1D D8 13 22 00 
15:44:00.695,0x120,6,CAN,x| 02 43 04 A4 5D 02 
15:44:00.695,0x122,8,CAN,x| B0 00 00 02 13 00 00 00 
15:44:00.695,0x13F,8,CAN,x| 00 0E 10 00 00 00 00 00 
15:44:00.701,0x7E0,8,CAN,x| 02 21 00 00 00 00 00 00 
15:44:00.703,0x7E8,8,CAN,x| 10 D2 61 00 FF FF FF FF 
15:44:00.707,0x124,8,CAN,x| 68 0E 10 1D D8 13 23 00 
15:44:00.707,0x120,6,CAN,x| 02 43 04 A4 5C 03 
15:44:00.707,0x122,8,CAN,x| B0 00 00 03 13 00 00 00 
15:44:00.707,0x7E0,8,CAN,x| 30 00 00 00 00 00 00 00 
15:44:00.709,0x7E8,8,CAN,x| 21 FF FF FF FF FF FF FF 
15:44:00.711,0x7E8,8,CAN,x| 22 FF FF FF FF 01 FF 80 
15:44:00.713,0x7E8,8,CAN,x| 23 80 FF FF 80 FF 08 D6 
15:44:00.715,0x7E8,8,CAN,x| 24 FF FF CF FF FF FF FF 
15:44:00.715,0x120,6,CAN,x| 02 43 08 A4 5F 00 
15:44:00.715,0x124,8,CAN,x| 68 0E 10 1D D8 13 20 00 
15:44:00.715,0x122,8,CAN,x| B0 00 00 00 13 00 00 00 
15:44:00.717,0x13F,8,CAN,x| 00 0E 10 00 00 00 00 00 
15:44:00.717,0x7E8,8,CAN,x| 25 FF FF 26 0E 10 BF FF 
15:44:00.719,0x7E8,8,CAN,x| 26 FF 00 15 3B 19 64 00 
15:44:00.721,0x7E8,8,CAN,x| 27 FF FF 00 80 FF FF FF 
15:44:00.723,0x7E8,8,CAN,x| 28 FF FF FF FF FF FF 2F 
15:44:00.725,0x7E8,8,CAN,x| 29 00 00 00 00 13 36 FF 
15:44:00.725,0x120,6,CAN,x| 02 43 08 A4 5F 01 
15:44:00.725,0x124,8,CAN,x| 68 0E 10 1D D8 09 21 00 
15:44:00.725,0x122,8,CAN,x| B0 00 00 01 09 00 00 00 
15:44:00.727,0x7E8,8,CAN,x| 2A FF FF FF FF FF FF FF 
15:44:00.729,0x7E8,8,CAN,x| 2B 5B 5B FF FF FF FF FF 
15:44:00.731,0x7E8,8,CAN,x| 2C FF FF FF FF FF FF FF 
15:44:00.733,0x7E8,8,CAN,x| 2D FF FF FF FF FF FF FF 
15:44:00.735,0x7E8,8,CAN,x| 2E FF FF 2F F2 FF FF FF 
15:44:00.735,0x124,8,CAN,x| 68 0E 10 1D D8 13 22 00 
15:44:00.735,0x120,6,CAN,x| 02 43 08 A4 5E 02 
15:44:00.735,0x122,8,CAN,x| B0 00 00 02 13 00 00 00 
15:44:00.737,0x7E8,8,CAN,x| 2F FF FF FF FF FF FF FF 
15:44:00.737,0x13F,8,CAN,x| 00 0E 10 00 00 00 00 00 
15:44:00.739,0x7E8,8,CAN,x| 20 FF FF FF FF FF FF C1 
15:44:00.741,0x7E8,8,CAN,x| 21 FF FF FF FF 8C 53 00 
15:44:00.743,0x7E8,8,CAN,x| 22 00 00 FF 01 FF FF FF 
15:44:00.745,0x7E8,8,CAN,x| 23 FF FF 08 04 FF FF 02 
15:44:00.745,0x124,8,CAN,x| 68 0E 10 1D D8 13 23 00 
15:44:00.745,0x120,6,CAN,x| 02 43 08 A4 5E 03 
15:44:00.745,0x122,8,CAN,x| B0 00 00 03 13 00 00 00 
15:44:00.747,0x7E8,8,CAN,x| 24 00 FF FF FF FF FF FF 
15:44:00.747,0x314,8,CAN,x| 00 00 00 00 00 00 8B 01 
15:44:00.747,0x32E,8,CAN,x| 00 00 00 02 64 00 00 00 
15:44:00.749,0x7E8,8,CAN,x| 25 FF FF FF FF FF FF FF 
15:44:00.751,0x7E8,8,CAN,x| 26 FF FF FF FF FF FF FF 
15:44:00.753,0x7E8,8,CAN,x| 27 FF FF FF FF FF FF FF 
15:44:00.755,0x7E8,8,CAN,x| 28 FF FF FF FF FF FF FF 
15:44:00.755,0x120,6,CAN,x| 02 43 08 A4 5E 00 
15:44:00.755,0x124,8,CAN,x| 68 0E 10 1D D8 12 20 00 
15:44:00.755,0x122,8,CAN,x| B0 00 00 00 12 00 00 00 
15:44:00.757,0x13F,8,CAN,x| 00 0E 10 00 00 00 00 00 
15:44:00.757,0x7E8,8,CAN,x| 29 FF FF FF FF 01 FF FF 
15:44:00.759,0x7E8,8,CAN,x| 2A FF FF FF FF FF FF FF 
15:44:00.761,0x7E8,8,CAN,x| 2B FF FF FF FF FF FF FF 
15:44:00.763,0x7E8,8,CAN,x| 2C FF FF FF FF FF FF FF 
15:44:00.765,0x7E8,8,CAN,x| 2D FF FF FF FF FF FF FF 
15:44:00.765,0x120,6,CAN,x| 02 43 08 A4 5D 01 
15:44:00.765,0x124,8,CAN,x| 68 0E 10 1D D8 13 21 00 
15:44:00.765,0x122,8,CAN,x| B0 00 00 01 13 00 00 00 
15:44:00.767,0x7E8,8,CAN,x| 2E FF 00 00 00 00 00 00 
15:44:00.775,0x124,8,CAN,x| 68 0E 10 1D D8 14 22 00 
15:44:00.775,0x120,6,CAN,x| 02 43 08 A4 5C 02 
15:44:00.775,0x122,8,CAN,x| B0 00 00 02 14 00 00 00 
15:44:00.775,0x310,8,CAN,x| 01 3B 00 00 00 00 08 00 
15:44:00.775,0x318,8,CAN,x| 01 41 FF 00 00 00 10 80 
15:44:00.777,0x13F,8,CAN,x| 00 0E 10 00 00 00 00 00 
15:44:00.785,0x124,8,CAN,x| 68 0E 10 1D D8 13 23 00 
15:44:00.785,0x120,6,CAN,x| 02 43 0B A4 60 03 
15:44:00.785,0x122,8,CAN,x| B0 00 00 03 13 00 00 00 
15:44:00.795,0x124,8,CAN,x| 68 0E 10 1D D8 13 20 00 
15:44:00.795,0x120,6,CAN,x| 02 43 0B A4 5F 00 
15:44:00.795,0x122,8,CAN,x| B0 00 00 00 13 00 00 00 
15:44:00.797,0x13F,8,CAN,x| 00 0E 10 00 00 00 00 00 
15:44:00.797,0x7E0,8,CAN,x| 02 21 00 00 00 00 00 00 
15:44:00.803,0x7E8,8,CAN,x| 10 D2 61 00 FF FF FF FF 
15:44:00.803,0x7E0,8,CAN,x| 30 00 00 00 00 00 00 00 
15:44:00.805,0x7E8,8,CAN,x| 21 FF FF FF FF FF FF FF 
15:44:00.807,0x124,8,CAN,x| 68 0E 10 1D D8 14 21 00 
15:44:00.807,0x120,6,CAN,x| 02 43 0B A4 5F 01 
15:44:00.807,0x122,8,CAN,x| B0 00 00 01 14 00 00 00 
15:44:00.807,0x7E8,8,CAN,x| 22 FF FF FF FF 01 FF 80 
15:44:00.809,0x7E8,8,CAN,x| 23 80 FF FF 80 FF 09 56 
15:44:00.811,0x7E8,8,CAN,x| 24 FF FF CE FF FF FF FF 
15:44:00.813,0x7E8,8,CAN,x| 25 FF FF 27 0E 10 BF FF 
15:44:00.815,0x7E8,8,CAN,x| 26 FF 00 16 3A 1A 64 00 
15:44:00.815,0x120,6,CAN,x| 02 43 0A A4 5E 02 
15:44:00.815,0x124,8,CAN,x| 68 0E 10 1D D8 14 22 00 
15:44:00.815,0x122,8,CAN,x| B0 00 00 02 14 00 00 00 
15:44:00.815,0x13F,8,CAN,x| 00 0E 10 00 00 00 00 00 
15:44:00.817,0x7E8,8,CAN,x| 27 FF FF 00 80 FF FF FF 
15:44:00.819,0x7E8,8,CAN,x| 28 FF FF FF FF FF FF 30 
15:44:00.821,0x7E8,8,CAN,x| 29 00 00 00 00 13 34 FF 
15:44:00.823,0x7E8,8,CAN,x| 2A FF FF FF FF FF FF FF 
15:44:00.825,0x7E8,8,CAN,x| 2B 5B 5B FF FF FF FF FF 
15:44:00.825,0x120,6,CAN,x| 02 43 0A A4 5E 03 
15:44:00.825,0x124,8,CAN,x| 68 0E 10 1D D8 0E 23 00 
15:44:00.825,0x122,8,CAN,x| B0 00 00 03 0E 00 00 00 
15:44:00.827,0x7E8,8,CAN,x| 2C FF FF FF FF FF FF FF 
15:44:00.829,0x7E8,8,CAN,x| 2D FF FF FF FF FF FF FF 
15:44:00.831,0x7E8,8,CAN,x| 2E FF FF 2F F2 FF FF FF 
15:44:00.833,0x7E8,8,CAN,x| 2F FF FF FF FF FF FF FF 
15:44:00.835,0x7E8,8,CAN,x| 20 FF FF FF FF FF FF C1 
15:44:00.835,0x124,8,CAN,x| 68 0E 10 1D D8 14 20 00 
15:44:00.835,0x120,6,CAN,x| 02 43 0A A4 5D 00 
15:44:00.835,0x122,8,CAN,x| B0 00 00 00 14 00 00 00 
15:44:00.837,0x7E8,8,CAN,x| 21 FF FF FF FF 8C 53 00 
15:44:00.837,0x13F,8,CAN,x| 00 0E 10 00 00 00 00 00 
15:44:00.839,0x7E8,8,CAN,x| 22 00 00 FF 01 FF FF FF 
15:44:00.841,0x7E8,8,CAN,x| 23 FF FF 08 04 FF FF 02 
15:44:00.843,0x7E8,8,CAN,x| 24 00 FF FF FF FF FF FF 
15:44:00.845,0x7E8,8,CAN,x| 25 FF FF FF FF FF FF FF 
15:44:00.845,0x124,8,CAN,x| 68 0E 10 1D D8 14 21 00 
15:44:00.845,0x120,6,CAN,x| 02 43 0C A4 5C 01 
15:44:00.845,0x122,8,CAN,x| B0 00 00 01 14 00 00 00 
15:44:00.847,0x7E8,8,CAN,x| 26 FF FF FF FF FF FF FF 
15:44:00.847,0x314,8,CAN,x| 00 00 00 00 00 00 97 01 
15:44:00.847,0x500,8,CAN,x| 75 03 3F 3F 3F 3F 3F 3F 
15:44:00.847,0x32E,8,CAN,x| 00 00 00 03 64 00 00 00 
15:44:00.849,0x7E8,8,CAN,x| 27 FF FF FF FF FF FF FF 
15:44:00.851,0x7E8,8,CAN,x| 28 FF FF FF FF FF FF FF 
15:44:00.853,0x7E8,8,CAN,x| 29 FF FF FF FF 01 FF FF 
15:44:00.855,0x7E8,8,CAN,x| 2A FF FF FF FF FF FF FF 
15:44:00.855,0x120,6,CAN,x| 02 43 0C A4 5F 02 
15:44:00.855,0x124,8,CAN,x| 68 0E 10 1D D8 14 22 00 
15:44:00.855,0x122,8,CAN,x| B0 00 00 02 14 00 00 00 
15:44:00.855,0x13F,8,CAN,x| 00 0E 10 00 00 00 00 00 
15:44:00.857,0x7E8,8,CAN,x| 2B FF FF FF FF FF FF FF 
15:44:00.859,0x7E8,8,CAN,x| 2C FF FF FF FF FF FF FF 
15:44:00.861,0x7E8,8,CAN,x| 2D FF FF FF FF FF FF FF 
15:44:00.863,0x7E8,8,CAN,x| 2E FF 00 00 00 00 00 00 
15:44:00.865,0x124,8,CAN,x| 68 0E 10 1D D8 14 23 00 
15:44:00.865,0x120,6,CAN,x| 02 43 0C A4 5F 03 
15:44:00.865,0x122,8,CAN,x| B0 00 00 03 14 00 00 00 
15:44:00.875,0x124,8,CAN,x| 68 0E 10 1D D8 14 20 00 
15:44:00.875,0x120,6,CAN,x| 02 43 0C A4 60 00 
15:44:00.875,0x122,8,CAN,x| B0 00 00 00 14 00 00 00 
15:44:00.875,0x310,8,CAN,x| 01 3B 00 00 00 00 08 00 
15:44:00.875,0x318,8,CAN,x| 01 41 FF 00 00 00 10 80 
15:44:00.877,0x13F,8,CAN,x| 00 0E 10 00 00 00 00 00 
15:44:00.885,0x124,8,CAN,x| 68 0E 10 1D D8 14 21 00 
15:44:00.885,0x120,6,CAN,x| 02 43 0B A4 5E 01 
15:44:00.885,0x122,8,CAN,x| B0 00 00 01 14 00 00 00 
15:44:00.893,0x7E0,8,CAN,x| 02 21 00 00 00 00 00 00 
15:44:00.893,0x7E8,8,CAN,x| 10 D2 61 00 FF FF FF FF 
15:44:00.895,0x124,8,CAN,x| 68 0E 10 1D D8 13 22 00 
15:44:00.895,0x120,6,CAN,x| 02 43 0B A4 5D 02 
15:44:00.895,0x122,8,CAN,x| B0 00 00 02 13 00 00 00 
15:44:00.897,0x13F,8,CAN,x| 00 0E 10 00 00 00 00 00 
15:44:00.897,0x7E0,8,CAN,x| 30 00 00 00 00 00 00 00 
15:44:00.899,0x7E8,8,CAN,x| 21 FF FF FF FF FF FF FF 
15:44:00.901,0x7E8,8,CAN,x| 22 FF FF FF FF 01 FF 80 
15:44:00.903,0x7E8,8,CAN,x| 23 80 FF FF 80 FF 09 D6 
15:44:00.905,0x7E8,8,CAN,x| 24 FF FF CC FF FF FF FF 
15:44:00.905,0x124,8,CAN,x| 68 0E 10 1D D8 13 23 00 
15:44:00.905,0x120,6,CAN,x| 02 43 0B A4 5C 03 
15:44:00.905,0x122,8,CAN,x| B0 00 00 03 13 00 00 00 
15:44:00.907,0x7E8,8,CAN,x| 25 FF FF 29 0E 10 BF FF 
15:44:00.909,0x7E8,8,CAN,x| 26 FF 00 16 3B 1A 64 00 
15:44:00.911,0x7E8,8,CAN,x| 27 FF FF 00 80 FF FF FF 
15:44:00.913,0x7E8,8,CAN,x| 28 FF FF FF FF FF FF 2F 
15:44:00.915,0x7E8,8,CAN,x| 29 00 00 00 00 12 34 FF 
15:44:00.915,0x120,6,CAN,x| 02 43 0C A4 60 00 
15:44:00.915,0x124,8,CAN,x| 68 0E 10 1D D8 13 20 00 
15:44:00.915,0x122,8,CAN,x| B0 00 00 00 13 00 00 00 
15:44:00.917,0x13F,8,CAN,x| 00 0E 10 00 00 00 00 00 
15:44:00.917,0x7E8,8,CAN,x| 2A FF FF FF FF FF FF FF 
15:44:00.919,0x7E8,8,CAN,x| 2B 5B 5B FF FF FF FF FF 
15:44:00.921,0x7E8,8,CAN,x| 2C FF FF FF FF FF FF FF 
15:44:00.923,0x7E8,8,CAN,x| 2D FF FF FF FF FF FF FF 
15:44:00.925,0x7E8,8,CAN,x| 2E FF FF 2F F2 FF FF FF 
15:44:00.925,0x120,6,CAN,x| 02 43 0C A4 60 01 
15:44:00.925,0x124,8,CAN,x| 68 0E 10 1D D8 0A 21 00 
15:44:00.925,0x122,8,CAN,x| B0 00 00 01 0A 00 00 00 
15:44:00.927,0x7E8,8,CAN,x| 2F FF FF FF FF FF FF FF 
15:44:00.929,0x7E8,8,CAN,x| 20 FF FF FF FF FF FF C1 
15:44:00.931,0x7E8,8,CAN,x| 21 FF FF FF FF 8C 53 00 
15:44:00.933,0x7E8,8,CAN,x| 22 00 00 FF 01 FF FF FF 
15:44:00.935,0x7E8,8,CAN,x| 23 FF FF 08 04 FF FF 02 
15:44:00.935,0x124,8,CAN,x| 68 0E 10 1D D8 13 22 00 
15:44:00.935,0x120,6,CAN,x| 02 43 0C A4 60 02 
15:44:00.935,0x122,8,CAN,x| B0 00 00 02 13 00 00 00 
15:44:00.937,0x7E8,8,CAN,x| 24 00 FF FF FF FF FF FF 
15:44:00.937,0x13F,8,CAN,x| 00 0E 10 00 00 00 00 00 
15:44:00.939,0x7E8,8,CAN,x| 25 FF FF FF FF FF FF FF 
15:44:00.941,0x7E8,8,CAN,x| 26 FF FF FF FF FF FF FF 
15:44:00.943,0x7E8,8,CAN,x| 27 FF FF FF FF FF FF FF 
15:44:00.945,0x7E8,8,CAN,x| 28 FF FF FF FF FF FF FF 
15:44:00.945,0x124,8,CAN,x| 68 0E 10 1D D8 13 23 00 
15:44:00.945,0x120,6,CAN,x| 02 43 08 A4 60 03 
15:44:00.945,0x122,8,CAN,x| B0 00 00 03 13 00 00 00 
15:44:00.947,0x7E8,8,CAN,x| 29 FF FF FF FF 01 FF FF 
15:44:00.947,0x314,8,CAN,x| 00 00 00 00 00 00 93 01 
15:44:00.947,0x32E,8,CAN,x| 00 00 00 00 64 00 00 00 
15:44:00.949,0x7E8,8,CAN,x| 2A FF FF FF FF FF FF FF 
15:44:00.951,0x7E8,8,CAN,x| 2B FF FF FF FF FF FF FF 
15:44:00.953,0x7E8,8,CAN,x| 2C FF FF FF FF FF FF FF 
15:44:00.955,0x7E8,8,CAN,x| 2D FF FF FF FF FF FF FF 
15:44:00.955,0x120,6,CAN,x| 02 43 08 A4 5F 00 
15:44:00.955,0x124,8,CAN,x| 68 0E 10 1D D8 13 20 00 
15:44:00.955,0x122,8,CAN,x| B0 00 00 00 13 00 00 00 
15:44:00.957,0x13F,8,CAN,x| 00 0E 10 00 00 00 00 00 
15:44:00.957,0x7E8,8,CAN,x| 2E FF 00 00 00 00 00 00 
15:44:00.965,0x124,8,CAN,x| 68 0E 10 1D D8 13 21 00 
15:44:00.965,0x120,6,CAN,x| 02 43 08 A4 5F 01 
15:44:00.965,0x122,8,CAN,x| B0 00 00 01 13 00 00 00 
15:44:00.975,0x124,8,CAN,x| 68 0E 10 1D D8 13 22 00 
15:44:00.975,0x120,6,CAN,x| 02 43 08 A4 5E 02 
15:44:00.975,0x122,8,CAN,x| B0 00 00 02 13 00 00 00 
15:44:00.975,0x310,8,CAN,x| 01 3B 00 00 00 00 08 00 
15:44:00.975,0x318,8,CAN,x| 01 41 FF 00 00 00 10 80 
15:44:00.977,0x13F,8,CAN,x| 00 0E 10 00 00 00 00 00 
15:44:00.985,0x124,8,CAN,x| 68 0E 10 1D D8 13 23 00 
15:44:00.985,0x120,6,CAN,x| 02 43 09 A4 60 03 
15:44:00.985,0x122,8,CAN,x| B0 00 00 03 13 00 00 00 
15:44:00.995,0x124,8,CAN,x| 68 0E 10 1D D8 12 20 00 
15:44:00.995,0x120,6,CAN,x| 02 43 09 A4 61 00 
15:44:00.995,0x122,8,CAN,x| B0 00 00 00 12 00 00 00 
15:44:00.997,0x13F,8,CAN,x| 00 0E 10 00 00 00 00 00 
15:44:01.005,0x7E0,8,CAN,x| 02 21 00 00 00 00 00 00 
15:44:01.005,0x124,8,CAN,x| 68 0E 10 1D D8 13 21 00 
15:44:01.005,0x120,6,CAN,x| 02 43 09 A4 61 01 
15:44:01.005,0x122,8,CAN,x| B0 00 00 01 13 00 00 00 
15:44:01.013,0x7E8,8,CAN,x| 10 D2 61 00 FF FF FF FF 
15:44:01.013,0x7E0,8,CAN,x| 30 00 00 00 00 00 00 00 
15:44:01.015,0x7E8,8,CAN,x| 21 FF FF FF FF FF FF FF 
15:44:01.015,0x124,8,CAN,x| 68 0E 10 1D D8 13 22 00 
15:44:01.015,0x120,6,CAN,x| 02 43 03 A4 5F 02 
15:44:01.015,0x122,8,CAN,x| B0 00 00 02 13 00 00 00 
15:44:01.017,0x7E8,8,CAN,x| 22 FF FF FF FF 01 FF 80 
15:44:01.017,0x13F,8,CAN,x| 00 0E 10 00 00 00 00 00 
15:44:01.019,0x7E8,8,CAN,x| 23 80 FF FF 80 FF 09 26 
15:44:01.021,0x7E8,8,CAN,x| 24 FF FF C3 FF FF FF FF 
15:44:01.023,0x7E8,8,CAN,x| 25 FF FF 28 0E 10 BF FF 
15:44:01.025,0x7E8,8,CAN,x| 26 FF 00 15 3C 1B 64 00 
15:44:01.025,0x120,6,CAN,x| 02 43 03 A4 5F 03 
15:44:01.025,0x124,8,CAN,x| 68 0E 10 1D D8 0D 23 00 
15:44:01.025,0x122,8,CAN,x| B0 00 00 03 0D 00 00 00 
15:44:01.027,0x7E8,8,CAN,x| 27 FF FF 00 80 FF FF FF 
15:44:01.029,0x7E8,8,CAN,x| 28 FF FF FF FF FF FF 2F 
15:44:01.031,0x7E8,8,CAN,x| 29 00 00 00 00 12 38 FF 
15:44:01.033,0x7E8,8,CAN,x| 2A FF FF FF FF FF FF FF 
15:44:01.035,0x7E8,8,CAN,x| 2B 5B 5B FF FF FF FF FF 
15:44:01.035,0x124,8,CAN,x| 68 0E 10 1D D8 12 20 00 
15:44:01.035,0x120,6,CAN,x| 02 43 03 A4 5F 00 
15:44:01.035,0x122,8,CAN,x| B0 00 00 00 12 00 00 00 
15:44:01.037,0x7E8,8,CAN,x| 2C FF FF FF FF FF FF FF 
15:44:01.037,0x13F,8,CAN,x| 00 0E 10 00 00 00 00 00 
15:44:01.039,0x7E8,8,CAN,x| 2D FF FF FF FF FF FF FF 
15:44:01.041,0x7E8,8,CAN,x| 2E FF FF 2F F2 FF FF FF 
15:44:01.043,0x7E8,8,CAN,x| 2F FF FF FF FF FF FF FF 
15:44:01.045,0x7E8,8,CAN,x| 20 FF FF FF FF FF FF C1 
15:44:01.045,0x124,8,CAN,x| 68 0E 10 1D D8 12 21 00 
15:44:01.045,0x120,6,CAN,x| 02 43 02 A4 5F 01 
15:44:01.045,0x122,8,CAN,x| B0 00 00 01 12 00 00 00 
15:44:01.047,0x7E8,8,CAN,x| 21 FF FF FF FF 8C 53 00 
15:44:01.047,0x314,8,CAN,x| 00 00 00 00 00 00 7E 01 
15:44:01.047,0x500,8,CAN,x| 75 01 00 3F 3F 3F 3F 3F 
15:44:01.047,0x32E,8,CAN,x| 00 00 00 01 64 00 00 00 
15:44:01.049,0x7E8,8,CAN,x| 22 00 00 FF 01 FF FF FF 
15:44:01.051,0x7E8,8,CAN,x| 23 FF FF 08 04 FF FF 02 
15:44:01.053,0x7E8,8,CAN,x| 24 00 FF FF FF FF FF FF 
15:44:01.055,0x7E8,8,CAN,x| 25 FF FF FF FF FF FF FF 
15:44:01.055,0x120,6,CAN,x| 02 43 02 A4 60 02 
15:44:01.055,0x124,8,CAN,x| 68 0E 10 1D D8 12 22 00 
15:44:01.055,0x122,8,CAN,x| B0 00 00 02 12 00 00 00 
15:44:01.057,0x13F,8,CAN,x| 00 0E 10 00 00 00 00 00 
15:44:01.057,0x7E8,8,CAN,x| 26 FF FF FF FF FF FF FF 
15:44:01.059,0x7E8,8,CAN,x| 27 FF FF FF FF FF FF FF 
15:44:01.061,0x7E8,8,CAN,x| 28 FF FF FF FF FF FF FF 
15:44:01.063,0x7E8,8,CAN,x| 29 FF FF FF FF 01 FF FF 
15:44:01.065,0x7E8,8,CAN,x| 2A FF FF FF FF FF FF FF 
15:44:01.065,0x120,6,CAN,x| 02 43 02 A4 62 03 
15:44:01.065,0x124,8,CAN,x| 68 0E 10 1D D8 12 23 00 
15:44:01.065,0x122,8,CAN,x| B0 00 00 03 12 00 00 00 
15:44:01.067,0x7E8,8,CAN,x| 2B FF FF FF FF FF FF FF 
15:44:01.069,0x7E8,8,CAN,x| 2C FF FF FF FF FF FF FF 
15:44:01.071,0x7E8,8,CAN,x| 2D FF FF FF FF FF FF FF 
15:44:01.073,0x7E8,8,CAN,x| 2E FF 00 00 00 00 00 00 
15:44:01.075,0x124,8,CAN,x| 68 0E 10 1D D8 12 20 00 
15:44:01.075,0x120,6,CAN,x| 02 43 02 A4 62 00 
15:44:01.075,0x122,8,CAN,x| B0 00 00 00 12 00 00 00 
15:44:01.075,0x310,8,CAN,x| 01 3B 00 00 00 00 08 00 
15:44:01.075,0x318,8,CAN,x| 01 41 FF 00 00 00 10 80 
15:44:01.077,0x13F,8,CAN,x| 00 0E 10 00 00 00 00 00 
15:44:01.085,0x124,8,CAN,x| 68 0E 10 1D D8 12 21 00 
15:44:01.085,0x120,6,CAN,x| 02 42 FD A4 61 01 
15:44:01.087,0x122,8,CAN,x| B0 00 00 01 12 00 00 00 
15:44:01.095,0x124,8,CAN,x| 68 0E 10 1D D8 12 22 00 
15:44:01.095,0x120,6,CAN,x| 02 42 FD A4 61 02 
15:44:01.095,0x122,8,CAN,x| B0 00 00 02 12 00 00 00 
15:44:01.097,0x13F,8,CAN,x| 00 0E 10 00 00 00 00 00 
15:44:01.103,0x7E0,8,CAN,x| 02 21 00 00 00 00 00 00 
15:44:01.103,0x7E8,8,CAN,x| 10 D2 61 00 FF FF FF FF 
15:44:01.107,0x124,8,CAN,x| 68 0E 10 1D D8 12 23 00 
15:44:01.107,0x120,6,CAN,x| 02 42 FD A4 62 03 
15:44:01.107,0x122,8,CAN,x| B0 00 00 03 12 00 00 00 
15:44:01.107,0x7E0,8,CAN,x| 30 00 00 00 00 00 00 00 
15:44:01.109,0x7E8,8,CAN,x| 21 FF FF FF FF FF FF FF 
15:44:01.111,0x7E8,8,CAN,x| 22 FF FF FF FF 01 FF 80 
15:44:01.113,0x7E8,8,CAN,x| 23 80 FF FF 80 FF 08 56 
15:44:01.115,0x7E8,8,CAN,x| 24 FF FF C3 FF FF FF FF 
15:44:01.115,0x120,6,CAN,x| 02 42 FE A4 60 00 
15:44:01.115,0x124,8,CAN,x| 68 0E 10 1D D8 12 20 00 
15:44:01.115,0x122,8,CAN,x| B0 00 00 00 12 00 00 00 
15:44:01.117,0x13F,8,CAN,x| 00 0E 10 00 00 00 00 00 
15:44:01.117,0x7E8,8,CAN,x| 25 FF FF 25 0E 10 BF FF 
15:44:01.119,0x7E8,8,CAN,x| 26 FF 00 14 3C 1A 64 00 
15:44:01.121,0x7E8,8,CAN,x| 27 FF FF 00 80 FF FF FF 
15:44:01.123,0x7E8,8,CAN,x| 28 FF FF FF FF FF FF 2F 
15:44:01.125,0x7E8,8,CAN,x| 29 00 00 00 00 12 37 FF 
15:44:01.125,0x120,6,CAN,x| 02 42 FE A4 63 01 
15:44:01.125,0x124,8,CAN,x| 68 0E 10 1D D8 09 21 00 
15:44:01.125,0x122,8,CAN,x| B0 00 00 01 09 00 00 00 
15:44:01.127,0x7E8,8,CAN,x| 2A FF FF FF FF FF FF FF 
15:44:01.129,0x7E8,8,CAN,x| 2B 5B 5B FF FF FF FF FF 
15:44:01.131,0x7E8,8,CAN,x| 2C FF FF FF FF FF FF FF 
15:44:01.133,0x7E8,8,CAN,x| 2D FF FF FF FF FF FF FF 
15:44:01.135,0x7E8,8,CAN,x| 2E FF FF 2F F2 FF FF FF 
15:44:01.135,0x124,8,CAN,x| 68 0E 10 1D D8 12 22 00 
15:44:01.135,0x120,6,CAN,x| 02 42 FE A4 63 02 
15:44:01.135,0x122,8,CAN,x| B0 00 00 02 12 00 00 00 
15:44:01.137,0x7E8,8,CAN,x| 2F FF FF FF FF FF FF FF 
15:44:01.137,0x13F,8,CAN,x| 00 0E 10 00 00 00 00 00 
15:44:01.139,0x7E8,8,CAN,x| 20 FF FF FF FF FF FF C1 
15:44:01.141,0x7E8,8,CAN,x| 21 FF FF FF FF 8C 53 00 
15:44:01.143,0x7E8,8,CAN,x| 22 00 00 FF 01 FF FF FF 
15:44:01.145,0x7E8,8,CAN,x| 23 FF FF 08 04 FF FF 02 
15:44:01.145,0x124,8,CAN,x| 68 0E 10 1D D8 12 23 00 
15:44:01.145,0x120,6,CAN,x| 02 42 FE A4 65 03 
15:44:01.145,0x122,8,CAN,x| B0 00 00 03 12 00 00 00 
15:44:01.147,0x7E8,8,CAN,x| 24 00 FF FF FF FF FF FF 
15:44:01.147,0x314,8,CAN,x| 00 00 00 00 00 00 6D 01 
15:44:01.147,0x32E,8,CAN,x| 00 00 00 02 64 00 00 00 
15:44:01.149,0x7E8,8,CAN,x| 25 FF FF FF FF FF FF FF 
15:44:01.151,0x7E8,8,CAN,x| 26 FF FF FF FF FF FF FF 
15:44:01.153,0x7E8,8,CAN,x| 27 FF FF FF FF FF FF FF 
15:44:01.155,0x7E8,8,CAN,x| 28 FF FF FF FF FF FF FF 
15:44:01.155,0x120,6,CAN,x| 02 42 FE A4 60 00 
15:44:01.155,0x124,8,CAN,x| 68 0E 10 1D D8 12 20 00 
15:44:01.155,0x122,8,CAN,x| B0 00 00 00 12 00 00 00 
15:44:01.157,0x13F,8,CAN,x| 00 0E 10 00 00 00 00 00 
15:44:01.157,0x7E8,8,CAN,x| 29 FF FF FF FF 01 FF FF 
15:44:01.159,0x7E8,8,CAN,x| 2A FF FF FF FF FF FF FF 
15:44:01.161,0x7E8,8,CAN,x| 2B FF FF FF FF FF FF FF 
15:44:01.163,0x7E8,8,CAN,x| 2C FF FF FF FF FF FF FF 
15:44:01.165,0x7E8,8,CAN,x| 2D FF FF FF FF FF FF FF 
15:44:01.165,0x120,6,CAN,x| 02 42 FE A4 61 01 
15:44:01.165,0x124,8,CAN,x| 68 0E 10 1D D8 13 21 00 
15:44:01.165,0x122,8,CAN,x| B0 00 00 01 13 00 00 00 
15:44:01.167,0x7E8,8,CAN,x| 2E FF 00 00 00 00 00 00 
15:44:01.175,0x124,8,CAN,x| 68 0E 10 1D D8 13 22 00 
15:44:01.175,0x120,6,CAN,x| 02 42 FE A4 61 02 
15:44:01.175,0x122,8,CAN,x| B0 00 00 02 13 00 00 00 
15:44:01.175,0x310,8,CAN,x| 01 3B 00 00 00 00 08 00 
15:44:01.177,0x318,8,CAN,x| 01 41 FF 00 00 00 10 80 
15:44:01.177,0x13F,8,CAN,x| 00 0E 10 00 00 00 00 00 
15:44:01.185,0x124,8,CAN,x| 68 0E 10 1D D8 13 23 00 
15:44:01.185,0x120,6,CAN,x| 02 43 03 A4 60 03 
15:44:01.185,0x122,8,CAN,x| B0 00 00 03 13 00 00 00 
15:44:01.195,0x124,8,CAN,x| 68 0E 10 1D D8 12 20 00 
15:44:01.195,0x120,6,CAN,x| 02 43 03 A4 60 00 
15:44:01.195,0x122,8,CAN,x| B0 00 00 00 12 00 00 00 
15:44:01.197,0x13F,8,CAN,x| 00 0E 10 00 00 00 00 00 
15:44:01.205,0x124,8,CAN,x| 68 0E 10 1D D8 13 21 00 
15:44:01.205,0x120,6,CAN,x| 02 43 03 A4 61 01 
15:44:01.205,0x122,8,CAN,x| B0 00 00 01 13 00 00 00 
15:44:01.207,0x7E0,8,CAN,x| 02 21 00 00 00 00 00 00 
15:44:01.213,0x7E8,8,CAN,x| 10 D2 61 00 FF FF FF FF 
15:44:01.213,0x7E0,8,CAN,x| 30 00 00 00 00 00 00 00 
15:44:01.215,0x7E8,8,CAN,x| 21 FF FF FF FF FF FF FF 
15:44:01.215,0x124,8,CAN,x| 68 0E 10 1D D8 13 22 00 
15:44:01.215,0x120,6,CAN,x| 02 43 03 A4 5F 02 
15:44:01.215,0x122,8,CAN,x| B0 00 00 02 13 00 00 00 
15:44:01.217,0x7E8,8,CAN,x| 22 FF FF FF FF 01 FF 80 
15:44:01.217,0x13F,8,CAN,x| 00 0E 10 00 00 00 00 00 
15:44:01.219,0x7E8,8,CAN,x| 23 80 FF FF 80 FF 08 16 
15:44:01.221,0x7E8,8,CAN,x| 24 FF FF CF FF FF FF FF 
15:44:01.223,0x7E8,8,CAN,x| 25 FF FF 24 0E 10 BF FF 
15:44:01.225,0x7E8,8,CAN,x| 26 FF 00 15 3B 19 64 00 
15:44:01.225,0x120,6,CAN,x| 02 43 03 A4 5E 03 
15:44:01.225,0x124,8,CAN,x| 68 0E 10 1D D8 0D 23 00 
15:44:01.225,0x122,8,CAN,x| B0 00 00 03 0D 00 00 00 
15:44:01.227,0x7E8,8,CAN,x| 27 FF FF 00 80 FF FF FF 
15:44:01.229,0x7E8,8,CAN,x| 28 FF FF FF FF FF FF 2F 
15:44:01.231,0x7E8,8,CAN,x| 29 00 00 00 00 13 38 FF 
15:44:01.233,0x7E8,8,CAN,x| 2A FF FF FF FF FF FF FF 
15:44:01.235,0x7E8,8,CAN,x| 2B 5B 5B FF FF FF FF FF 
15:44:01.235,0x124,8,CAN,x| 68 0E 10 1D D8 13 20 00 
15:44:01.235,0x120,6,CAN,x| 02 43 03 A4 5D 00 
15:44:01.235,0x122,8,CAN,x| B0 00 00 00 13 00 00 00 
15:44:01.237,0x7E8,8,CAN,x| 2C FF FF FF FF FF FF FF 
15:44:01.237,0x13F,8,CAN,x| 00 0E 10 00 00 00 00 00 
15:44:01.239,0x7E8,8,CAN,x| 2D FF FF FF FF FF FF FF 
15:44:01.241,0x7E8,8,CAN,x| 2E FF FF 2F F2 FF FF FF 
15:44:01.243,0x7E8,8,CAN,x| 2F FF FF FF FF FF FF FF 
15:44:01.245,0x7E8,8,CAN,x| 20 FF FF FF FF FF FF C1 
15:44:01.245,0x124,8,CAN,x| 68 0E 10 1D D8 13 21 00 
15:44:01.245,0x120,6,CAN,x| 02 43 08 A4 5C 01 
15:44:01.245,0x122,8,CAN,x| B0 00 00 01 13 00 00 00 
15:44:01.247,0x7E8,8,CAN,x| 21 FF FF FF FF 8C 53 00 
15:44:01.247,0x314,8,CAN,x| 00 00 00 00 00 00 87 01 
15:44:01.247,0x500,8,CAN,x| 75 02 3F 3F 3F 3F 3F 3F 
15:44:01.247,0x32E,8,CAN,x| 00 00 00 03 64 00 00 00 
15:44:01.249,0x7E8,8,CAN,x| 22 00 00 FF 01 FF FF FF 
15:44:01.251,0x7E8,8,CAN,x| 23 FF FF 08 04 FF FF 02 
15:44:01.253,0x7E8,8,CAN,x| 24 00 FF FF FF FF FF FF 
15:44:01.255,0x7E8,8,CAN,x| 25 FF FF FF FF FF FF FF 
15:44:01.255,0x120,6,CAN,x| 02 43 08 A4 5F 02 
15:44:01.255,0x124,8,CAN,x| 68 0E 10 1D D8 12 22 00 
15:44:01.255,0x122,8,CAN,x| B0 00 00 02 12 00 00 00 
15:44:01.257,0x13F,8,CAN,x| 00 0E 10 00 00 00 00 00 
15:44:01.257,0x7E8,8,CAN,x| 26 FF FF FF FF FF FF FF 
15:44:01.259,0x7E8,8,CAN,x| 27 FF FF FF FF FF FF FF 
15:44:01.261,0x7E8,8,CAN,x| 28 FF FF FF FF FF FF FF 
15:44:01.263,0x7E8,8,CAN,x| 29 FF FF FF FF 01 FF FF 
15:44:01.265,0x7E8,8,CAN,x| 2A FF FF FF FF FF FF FF 
15:44:01.265,0x120,6,CAN,x| 02 43 08 A4 5F 03 
15:44:01.265,0x124,8,CAN,x| 68 0E 10 1D D8 13 23 00 
15:44:01.265,0x122,8,CAN,x| B0 00 00 03 13 00 00 00 
15:44:01.267,0x7E8,8,CAN,x| 2B FF FF FF FF FF FF FF 
15:44:01.269,0x7E8,8,CAN,x| 2C FF FF FF FF FF FF FF 
15:44:01.271,0x7E8,8,CAN,x| 2D FF FF FF FF FF FF FF 
15:44:01.273,0x7E8,8,CAN,x| 2E FF 00 00 00 00 00 00 
15:44:01.275,0x124,8,CAN,x| 68 0E 10 1D D8 13 20 00 
15:44:01.275,0x120,6,CAN,x| 02 43 08 A4 5E 00 
15:44:01.275,0x122,8,CAN,x| B0 00 00 00 13 00 00 00 
15:44:01.275,0x310,8,CAN,x| 01 3B 00 00 00 00 08 00 
15:44:01.277,0x318,8,CAN,x| 01 41 FF 00 00 00 10 80 
15:44:01.277,0x13F,8,CAN,x| 00 0E 10 00 00 00 00 00 
15:44:01.285,0x124,8,CAN,x| 68 0E 10 1D D8 13 21 00 
15:44:01.285,0x120,6,CAN,x| 02 43 07 A4 5E 01 
15:44:01.285,0x122,8,CAN,x| B0 00 00 01 13 00 00 00 
15:44:01.295,0x124,8,CAN,x| 68 0E 10 1D D8 13 22 00 
15:44:01.295,0x120,6,CAN,x| 02 43 07 A4 5D 02 
15:44:01.295,0x122,8,CAN,x| B0 00 00 02 13 00 00 00 
15:44:01.297,0x13F,8,CAN,x| 00 0E 10 00 00 00 00 00 
15:44:01.305,0x7E0,8,CAN,x| 02 21 00 00 00 00 00 00 
15:44:01.305,0x124,8,CAN,x| 68 0E 10 1D D8 13 23 00 
15:44:01.305,0x120,6,CAN,x| 02 43 07 A4 5C 03 
15:44:01.305,0x122,8,CAN,x| B0 00 00 03 13 00 00 00 
15:44:01.313,0x7E8,8,CAN,x| 10 D2 61 00 FF FF FF FF 
15:44:01.313,0x7E0,8,CAN,x| 30 00 00 00 00 00 00 00 
15:44:01.315,0x7E8,8,CAN,x| 21 FF FF FF FF FF FF FF 
15:44:01.315,0x124,8,CAN,x| 68 0E 10 1D D8 14 20 00 
15:44:01.315,0x120,6,CAN,x| 02 43 0B A4 5F 00 
15:44:01.315,0x122,8,CAN,x| B0 00 00 00 14 00 00 00 
15:44:01.317,0x7E8,8,CAN,x| 22 FF FF FF FF 01 FF 80 
15:44:01.317,0x13F,8,CAN,x| 00 0E 10 00 00 00 00 00 
15:44:01.319,0x7E8,8,CAN,x| 23 80 FF FF 80 FF 09 66 
15:44:01.321,0x7E8,8,CAN,x| 24 FF FF C3 FF FF FF FF 
15:44:01.323,0x7E8,8,CAN,x| 25 FF FF 27 0E 10 BF FF 
15:44:01.325,0x7E8,8,CAN,x| 26 FF 00 16 3B 19 64 00 
15:44:01.325,0x120,6,CAN,x| 02 43 0B A4 5F 01 
15:44:01.325,0x124,8,CAN,x| 68 0E 10 1D D8 0A 21 00 
15:44:01.325,0x122,8,CAN,x| B0 00 00 01 0A 00 00 00 
15:44:01.327,0x7E8,8,CAN,x| 27 FF FF 00 80 FF FF FF 
15:44:01.329,0x7E8,8,CAN,x| 28 FF FF FF FF FF FF 30 
15:44:01.331,0x7E8,8,CAN,x| 29 00 00 00 00 13 38 FF 
15:44:01.333,0x7E8,8,CAN,x| 2A FF FF FF FF FF FF FF 
15:44:01.335,0x7E8,8,CAN,x| 2B 5B 5B FF FF FF FF FF 
15:44:01.335,0x124,8,CAN,x| 68 0E 10 1D D8 14 22 00 
15:44:01.335,0x120,6,CAN,x| 02 43 0B A4 5E 02 
15:44:01.335,0x122,8,CAN,x| B0 00 00 02 14 00 00 00 
15:44:01.337,0x7E8,8,CAN,x| 2C FF FF FF FF FF FF FF 
15:44:01.337,0x13F,8,CAN,x| 00 0E 10 00 00 00 00 00 
15:44:01.339,0x7E8,8,CAN,x| 2D FF FF FF FF FF FF FF 
15:44:01.341,0x7E8,8,CAN,x| 2E FF FF 2F F2 FF FF FF 
15:44:01.343,0x7E8,8,CAN,x| 2F FF FF FF FF FF FF FF 
15:44:01.345,0x7E8,8,CAN,x| 20 FF FF FF FF FF FF C1 
15:44:01.345,0x124,8,CAN,x| 68 0E 10 1D D8 14 23 00 
15:44:01.345,0x120,6,CAN,x| 02 43 0A A4 5E 03 
15:44:01.345,0x122,8,CAN,x| B0 00 00 03 14 00 00 00 
15:44:01.347,0x7E8,8,CAN,x| 21 FF FF FF FF 8C 53 00 
15:44:01.347,0x314,8,CAN,x| 00 00 00 00 00 00 93 01 
15:44:01.347,0x32E,8,CAN,x| 00 00 00 00 64 00 00 00 
15:44:01.349,0x7E8,8,CAN,x| 22 00 00 FF 01 FF FF FF 
15:44:01.351,0x7E8,8,CAN,x| 23 FF FF 08 04 FF FF 02 
15:44:01.353,0x7E8,8,CAN,x| 24 00 FF FF FF FF FF FF 
15:44:01.355,0x7E8,8,CAN,x| 25 FF FF FF FF FF FF FF 
15:44:01.355,0x120,6,CAN,x| 02 43 0A A4 5E 00 
15:44:01.355,0x124,8,CAN,x| 68 0E 10 1D D8 13 20 00 
15:44:01.355,0x122,8,CAN,x| B0 00 00 00 13 00 00 00 
15:44:01.357,0x13F,8,CAN,x| 00 0E 10 00 00 00 00 00 
15:44:01.357,0x7E8,8,CAN,x| 26 FF FF FF FF FF FF FF 
15:44:01.359,0x7E8,8,CAN,x| 27 FF FF FF FF FF FF FF 
15:44:01.361,0x7E8,8,CAN,x| 28 FF FF FF FF FF FF FF 
15:44:01.363,0x7E8,8,CAN,x| 29 FF FF FF FF 01 FF FF 
15:44:01.365,0x7E8,8,CAN,x| 2A FF FF FF FF FF FF FF 
15:44:01.365,0x120,6,CAN,x| 02 43 0A A4 5D 01 
15:44:01.365,0x124,8,CAN,x| 68 0E 10 1D D8 14 21 00 
15:44:01.365,0x122,8,CAN,x| B0 00 00 01 14 00 00 00 
15:44:01.367,0x7E8,8,CAN,x| 2B FF FF FF FF FF FF FF 
15:44:01.369,0x7E8,8,CAN,x| 2C FF FF FF FF FF FF FF 
15:44:01.371,0x7E8,8,CAN,x| 2D FF FF FF FF FF FF FF 
15:44:01.373,0x7E8,8,CAN,x| 2E FF 00 00 00 00 00 00 
15:44:01.375,0x124,8,CAN,x| 68 0E 10 1D D8 14 22 00 
15:44:01.375,0x120,6,CAN,x| 02 43 0A A4 5C 02 
15:44:01.375,0x122,8,CAN,x| B0 00 00 02 14 00 00 00 
15:44:01.375,0x310,8,CAN,x| 01 3B 00 00 00 00 08 00 
15:44:01.377,0x318,8,CAN,x| 01 41 FF 00 00 00 10 80 
15:44:01.377,0x13F,8,CAN,x| 00 0E 10 00 00 00 00 00 
15:44:01.385,0x124,8,CAN,x| 68 0E 10 1D D8 14 23 00 
15:44:01.385,0x120,6,CAN,x| 02 43 0D A4 60 03 
15:44:01.385,0x122,8,CAN,x| B0 00 00 03 14 00 00 00 
15:44:01.395,0x124,8,CAN,x| 68 0E 10 1D D8 13 20 00 
15:44:01.395,0x120,6,CAN,x| 02 43 0D A4 60 00 
15:44:01.395,0x122,8,CAN,x| B0 00 00 00 13 00 00 00 
15:44:01.397,0x13F,8,CAN,x| 00 0E 10 00 00 00 00 00 
15:44:01.403,0x7E0,8,CAN,x| 02 21 00 00 00 00 00 00 
15:44:01.405,0x124,8,CAN,x| 68 0E 10 1D D8 14 21 00 
15:44:01.405,0x120,6,CAN,x| 02 43 0D A4 60 01 
15:44:01.405,0x122,8,CAN,x| B0 00 00 01 14 00 00 00 
15:44:01.413,0x7E8,8,CAN,x| 10 D2 61 00 FF FF FF FF 
15:44:01.413,0x7E0,8,CAN,x| 30 00 00 00 00 00 00 00 
15:44:01.415,0x7E8,8,CAN,x| 21 FF FF FF FF FF FF FF 
15:44:01.415,0x124,8,CAN,x| 68 0E 10 1D D8 14 22 00 
15:44:01.415,0x120,6,CAN,x| 02 43 0A A4 5E 02 
15:44:01.417,0x122,8,CAN,x| B0 00 00 02 14 00 00 00 
15:44:01.417,0x7E8,8,CAN,x| 22 FF FF FF FF 01 FF 80 
15:44:01.417,0x13F,8,CAN,x| 00 0E 10 00 00 00 00 00 
15:44:01.419,0x7E8,8,CAN,x| 23 80 FF FF 80 FF 09 86 
15:44:01.421,0x7E8,8,CAN,x| 24 FF FF C3 FF FF FF FF 
15:44:01.423,0x7E8,8,CAN,x| 25 FF FF 28 0E 10 BF FF 
15:44:01.425,0x7E8,8,CAN,x| 26 FF 00 16 3B 1A 64 00 
15:44:01.425,0x120,6,CAN,x| 02 43 0A A4 5D 03 
15:44:01.425,0x124,8,CAN,x| 68 0E 10 1D D8 0D 23 00 
15:44:01.425,0x122,8,CAN,x| B0 00 00 03 0D 00 00 00 
15:44:01.427,0x7E8,8,CAN,x| 27 FF FF 00 80 FF FF FF 
15:44:01.429,0x7E8,8,CAN,x| 28 FF FF FF FF FF FF 30 
15:44:01.431,0x7E8,8,CAN,x| 29 00 00 00 00 14 38 FF 
15:44:01.433,0x7E8,8,CAN,x| 2A FF FF FF FF FF FF FF 
15:44:01.435,0x7E8,8,CAN,x| 2B 5B 5B FF FF FF FF FF 
15:44:01.435,0x124,8,CAN,x| 68 0E 10 1D D8 13 20 00 
15:44:01.435,0x120,6,CAN,x| 02 43 0A A4 5C 00 
15:44:01.435,0x122,8,CAN,x| B0 00 00 00 13 00 00 00 
15:44:01.437,0x7E8,8,CAN,x| 2C FF FF FF FF FF FF FF 
15:44:01.437,0x13F,8,CAN,x| 00 0E 10 00 00 00 00 00 
15:44:01.439,0x7E8,8,CAN,x| 2D FF FF FF FF FF FF FF 
15:44:01.441,0x7E8,8,CAN,x| 2E FF FF 2F F2 FF FF FF 
15:44:01.443,0x7E8,8,CAN,x| 2F FF FF FF FF FF FF FF 
15:44:01.445,0x7E8,8,CAN,x| 20 FF FF FF FF FF FF C1 
15:44:01.445,0x124,8,CAN,x| 68 0E 10 1D D8 14 21 00 
15:44:01.445,0x120,6,CAN,x| 02 43 0D A4 5C 01 
15:44:01.445,0x122,8,CAN,x| B0 00 00 01 14 00 00 00 
15:44:01.447,0x7E8,8,CAN,x| 21 FF FF FF FF 8C 53 00 
15:44:01.447,0x314,8,CAN,x| 00 00 00 00 00 00 97 01 
15:44:01.447,0x500,8,CAN,x| 75 03 3F 3F 3F 3F 3F 3F 
15:44:01.447,0x32E,8,CAN,x| 00 00 00 01 64 00 00 00 
15:44:01.449,0x7E8,8,CAN,x| 22 00 00 FF 01 FF FF FF 
15:44:01.451,0x7E8,8,CAN,x| 23 FF FF 08 04 FF FF 02 
15:44:01.453,0x7E8,8,CAN,x| 24 00 FF FF FF FF FF FF 
15:44:01.455,0x7E8,8,CAN,x| 25 FF FF FF FF FF FF FF 
15:44:01.455,0x120,6,CAN,x| 02 43 0D A4 5F 02 
15:44:01.455,0x124,8,CAN,x| 68 0E 10 1D D8 12 22 00 
15:44:01.455,0x122,8,CAN,x| B0 00 00 02 12 00 00 00 
15:44:01.457,0x13F,8,CAN,x| 00 0E 10 00 00 00 00 00 
15:44:01.457,0x7E8,8,CAN,x| 26 FF FF FF FF FF FF FF 
15:44:01.459,0x7E8,8,CAN,x| 27 FF FF FF FF FF FF FF 
15:44:01.461,0x7E8,8,CAN,x| 28 FF FF FF FF FF FF FF 
15:44:01.463,0x7E8,8,CAN,x| 29 FF FF FF FF 01 FF FF 
15:44:01.465,0x7E8,8,CAN,x| 2A FF FF FF FF FF FF FF 
15:44:01.465,0x120,6,CAN,x| 02 43 0D A4 60 03 
15:44:01.465,0x124,8,CAN,x| 68 0E 10 1D D8 13 23 00 
15:44:01.465,0x122,8,CAN,x| B0 00 00 03 13 00 00 00 
15:44:01.467,0x7E8,8,CAN,x| 2B FF FF FF FF FF FF FF 
15:44:01.469,0x7E8,8,CAN,x| 2C FF FF FF FF FF FF FF 
15:44:01.471,0x7E8,8,CAN,x| 2D FF FF FF FF FF FF FF 
15:44:01.473,0x7E8,8,CAN,x| 2E FF 00 00 00 00 00 00 
15:44:01.475,0x124,8,CAN,x| 68 0E 10 1D D8 13 20 00 
15:44:01.475,0x120,6,CAN,x| 02 43 0D A4 60 00 
15:44:01.475,0x122,8,CAN,x| B0 00 00 00 13 00 00 00 
15:44:01.475,0x310,8,CAN,x| 01 3B 00 00 00 00 08 00 
15:44:01.477,0x318,8,CAN,x| 01 41 FF 00 00 00 10 80 
15:44:01.477,0x13F,8,CAN,x| 00 0E 10 00 00 00 00 00 
15:44:01.485,0x124,8,CAN,x| 68 0E 10 1D D8 13 21 00 
15:44:01.485,0x120,6,CAN,x| 02 43 0A A4 5F 01 
15:44:01.485,0x122,8,CAN,x| B0 00 00 01 13 00 00 00 
15:44:01.495,0x124,8,CAN,x| 68 0E 10 1D D8 13 22 00 
15:44:01.495,0x120,6,CAN,x| 02 43 0A A4 5F 02 
15:44:01.495,0x122,8,CAN,x| B0 00 00 02 13 00 00 00 
15:44:01.497,0x13F,8,CAN,x| 00 0E 10 00 00 00 00 00 
15:44:01.505,0x124,8,CAN,x| 68 0E 10 1D D8 13 23 00 
15:44:01.505,0x120,6,CAN,x| 02 43 0A A4 5E 03 
15:44:01.507,0x122,8,CAN,x| B0 00 00 03 13 00 00 00 
15:44:01.515,0x124,8,CAN,x| 68 0E 10 1D D8 13 20 00 
15:44:01.515,0x120,6,CAN,x| 02 43 09 A4 60 00 
15:44:01.515,0x122,8,CAN,x| B0 00 00 00 13 00 00 00 
15:44:01.517,0x13F,8,CAN,x| 00 0E 10 00 00 00 00 00 
15:44:01.519,0x7E0,8,CAN,x| 02 21 00 00 00 00 00 00 
15:44:01.523,0x7E8,8,CAN,x| 10 D2 61 00 FF FF FF FF 
15:44:01.523,0x7E0,8,CAN,x| 30 00 00 00 00 00 00 00 
15:44:01.525,0x7E8,8,CAN,x| 21 FF FF FF FF FF FF FF 
15:44:01.525,0x124,8,CAN,x| 68 0E 10 1D D8 0C 21 00 
15:44:01.525,0x120,6,CAN,x| 02 43 09 A4 61 01 
15:44:01.527,0x122,8,CAN,x| B0 00 00 01 0C 00 00 00 
15:44:01.527,0x7E8,8,CAN,x| 22 FF FF FF FF 01 FF 80 
15:44:01.529,0x7E8,8,CAN,x| 23 80 FF FF 80 FF 09 A6 
15:44:01.531,0x7E8,8,CAN,x| 24 FF FF C3 FF FF FF FF 
15:44:01.533,0x7E8,8,CAN,x| 25 FF FF 29 0E 10 BF FF 
15:44:01.535,0x7E8,8,CAN,x| 26 FF 00 16 3B 1B 64 00 
15:44:01.535,0x124,8,CAN,x| 68 0E 10 1D D8 13 22 00 
15:44:01.535,0x120,6,CAN,x| 02 43 09 A4 61 02 
15:44:01.535,0x122,8,CAN,x| B0 00 00 02 13 00 00 00 
15:44:01.537,0x7E8,8,CAN,x| 27 FF FF 00 80 FF FF FF 
15:44:01.537,0x13F,8,CAN,x| 00 0E 10 00 00 00 00 00 
15:44:01.539,0x7E8,8,CAN,x| 28 FF FF FF FF FF FF 29 
15:44:01.541,0x7E8,8,CAN,x| 29 00 00 00 00 0B 37 FF 
15:44:01.543,0x7E8,8,CAN,x| 2A FF FF FF FF FF FF FF 
15:44:01.545,0x7E8,8,CAN,x| 2B 5B 5B FF FF FF FF FF 
15:44:01.545,0x124,8,CAN,x| 68 0E 10 1D D8 13 23 00 
15:44:01.545,0x120,6,CAN,x| 02 43 04 A4 61 03 
15:44:01.545,0x122,8,CAN,x| B0 00 00 03 13 00 00 00 
15:44:01.547,0x7E8,8,CAN,x| 2C FF FF FF FF FF FF FF 
15:44:01.547,0x314,8,CAN,x| 00 00 00 00 00 00 85 01 
15:44:01.547,0x32E,8,CAN,x| 00 00 00 02 64 00 00 00 
15:44:01.549,0x7E8,8,CAN,x| 2D FF FF FF FF FF FF FF 
15:44:01.551,0x7E8,8,CAN,x| 2E FF FF 2F F2 FF FF FF 
15:44:01.553,0x7E8,8,CAN,x| 2F FF FF FF FF FF FF FF 
15:44:01.555,0x7E8,8,CAN,x| 20 FF FF FF FF FF FF C1 
15:44:01.555,0x120,6,CAN,x| 02 43 04 A4 60 00 
15:44:01.555,0x124,8,CAN,x| 68 0E 10 1D D8 12 20 00 
15:44:01.555,0x122,8,CAN,x| B0 00 00 00 12 00 00 00 
15:44:01.557,0x13F,8,CAN,x| 00 0E 10 00 00 00 00 00 
15:44:01.557,0x7E8,8,CAN,x| 21 FF FF FF FF 8C 53 00 
15:44:01.559,0x7E8,8,CAN,x| 22 00 00 FF 01 FF FF FF 
15:44:01.561,0x7E8,8,CAN,x| 23 FF FF 08 04 FF FF 02 
15:44:01.563,0x7E8,8,CAN,x| 24 00 FF FF FF FF FF FF 
15:44:01.565,0x7E8,8,CAN,x| 25 FF FF FF FF FF FF FF 
15:44:01.565,0x120,6,CAN,x| 02 43 04 A4 60 01 
15:44:01.565,0x124,8,CAN,x| 68 0E 10 1D D8 12 21 00 
15:44:01.565,0x122,8,CAN,x| B0 00 00 01 12 00 00 00 
15:44:01.567,0x7E8,8,CAN,x| 26 FF FF FF FF FF FF FF 
15:44:01.569,0x7E8,8,CAN,x| 27 FF FF FF FF FF FF FF 
15:44:01.571,0x7E8,8,CAN,x| 28 FF FF FF FF FF FF FF 
15:44:01.573,0x7E8,8,CAN,x| 29 FF FF FF FF 01 FF FF 
15:44:01.575,0x7E8,8,CAN,x| 2A FF FF FF FF FF FF FF 
15:44:01.575,0x124,8,CAN,x| 68 0E 10 1D D8 12 22 00 
15:44:01.575,0x120,6,CAN,x| 02 43 04 A4 60 02 
15:44:01.575,0x122,8,CAN,x| B0 00 00 02 12 00 00 00 
15:44:01.577,0x310,8,CAN,x| 01 3B 00 00 00 00 08 00 
15:44:01.577,0x318,8,CAN,x| 01 41 FF 00 00 00 10 80 
15:44:01.577,0x13F,8,CAN,x| 00 0E 10 00 00 00 00 00 
15:44:01.577,0x7E8,8,CAN,x| 2B FF FF FF FF FF FF FF 
15:44:01.579,0x7E8,8,CAN,x| 2C FF FF FF FF FF FF FF 
15:44:01.581,0x7E8,8,CAN,x| 2D FF FF FF FF FF FF FF 
15:44:01.583,0x7E8,8,CAN,x| 2E FF 00 00 00 00 00 00 
15:44:01.585,0x124,8,CAN,x| 68 0E 10 1D D8 12 23 00 
15:44:01.585,0x120,6,CAN,x| 02 43 02 A4 60 03 
15:44:01.585,0x122,8,CAN,x| B0 00 00 03 12 00 00 00 
15:44:01.595,0x124,8,CAN,x| 68 0E 10 1D D8 11 20 00 
15:44:01.595,0x120,6,CAN,x| 02 43 02 A4 62 00 
15:44:01.595,0x122,8,CAN,x| B0 00 00 00 11 00 00 00 
15:44:01.597,0x13F,8,CAN,x| 00 0E 10 00 00 00 00 00 
15:44:01.605,0x124,8,CAN,x| 68 0E 10 1D D8 12 21 00 
15:44:01.605,0x120,6,CAN,x| 02 43 02 A4 62 01 
15:44:01.607,0x122,8,CAN,x| B0 00 00 01 12 00 00 00 
15:44:01.613,0x7E0,8,CAN,x| 02 21 00 00 00 00 00 00 
15:44:01.613,0x7E8,8,CAN,x| 10 D2 61 00 FF FF FF FF 
15:44:01.615,0x124,8,CAN,x| 68 0E 10 1D D8 12 22 00 
15:44:01.615,0x120,6,CAN,x| 02 42 FD A4 61 02 
15:44:01.617,0x122,8,CAN,x| B0 00 00 02 12 00 00 00 
15:44:01.617,0x13F,8,CAN,x| 00 0E 10 00 00 00 00 00 
15:44:01.617,0x7E0,8,CAN,x| 30 00 00 00 00 00 00 00 
15:44:01.619,0x7E8,8,CAN,x| 21 FF FF FF FF FF FF FF 
15:44:01.621,0x7E8,8,CAN,x| 22 FF FF FF FF 01 FF 80 
15:44:01.623,0x7E8,8,CAN,x| 23 80 FF FF 80 FF 08 66 
15:44:01.625,0x7E8,8,CAN,x| 24 FF FF CE FF FF FF FF 
15:44:01.625,0x120,6,CAN,x| 02 42 FD A4 61 03 
15:44:01.625,0x124,8,CAN,x| 68 0E 10 1D D8 0C 23 00 
15:44:01.625,0x122,8,CAN,x| B0 00 00 03 0C 00 00 00 
15:44:01.627,0x7E8,8,CAN,x| 25 FF FF 26 0E 10 BF FF 
15:44:01.629,0x7E8,8,CAN,x| 26 FF 00 14 3C 1A 64 00 
15:44:01.631,0x7E8,8,CAN,x| 27 FF FF 00 80 FF FF FF 
15:44:01.633,0x7E8,8,CAN,x| 28 FF FF FF FF FF FF 2F 
15:44:01.635,0x7E8,8,CAN,x| 29 00 00 00 00 12 39 FF 
15:44:01.635,0x124,8,CAN,x| 68 0E 10 1D D8 12 20 00 
15:44:01.635,0x120,6,CAN,x| 02 42 FD A4 63 00 
15:44:01.635,0x122,8,CAN,x| B0 00 00 00 12 00 00 00 
15:44:01.637,0x7E8,8,CAN,x| 2A FF FF FF FF FF FF FF 
15:44:01.637,0x13F,8,CAN,x| 00 0E 10 00 00 00 00 00 
15:44:01.639,0x7E8,8,CAN,x| 2B 5B 5B FF FF FF FF FF 
15:44:01.641,0x7E8,8,CAN,x| 2C FF FF FF FF FF FF FF 
15:44:01.643,0x7E8,8,CAN,x| 2D FF FF FF FF FF FF FF 
15:44:01.645,0x7E8,8,CAN,x| 2E FF FF 2F F2 FF FF FF 
15:44:01.645,0x124,8,CAN,x| 68 0E 10 1D D8 12 21 00 
15:44:01.645,0x120,6,CAN,x| 02 42 FF A4 63 01 
15:44:01.645,0x122,8,CAN,x| B0 00 00 01 12 00 00 00 
15:44:01.647,0x7E8,8,CAN,x| 2F FF FF FF FF FF FF FF 
15:44:01.647,0x314,8,CAN,x| 00 00 00 00 00 00 6F 01 
15:44:01.647,0x500,8,CAN,x| 75 01 00 3F 3F 3F 3F 3F 
15:44:01.647,0x32E,8,CAN,x| 00 00 00 03 64 00 00 00 
15:44:01.649,0x7E8,8,CAN,x| 20 FF FF FF FF FF FF C1 
15:44:01.651,0x7E8,8,CAN,x| 21 FF FF FF FF 8C 53 00 
15:44:01.653,0x7E8,8,CAN,x| 22 00 00 FF 01 FF FF FF 
15:44:01.655,0x7E8,8,CAN,x| 23 FF FF 08 04 FF FF 02 
15:44:01.655,0x120,6,CAN,x| 02 42 FF A4 62 02 
15:44:01.655,0x124,8,CAN,x| 68 0E 10 1D D8 11 22 00 
15:44:01.655,0x122,8,CAN,x| B0 00 00 02 11 00 00 00 
15:44:01.657,0x13F,8,CAN,x| 00 0E 10 00 00 00 00 00 
15:44:01.657,0x7E8,8,CAN,x| 24 00 FF FF FF FF FF FF 
15:44:01.659,0x7E8,8,CAN,x| 25 FF FF FF FF FF FF FF 
15:44:01.661,0x7E8,8,CAN,x| 26 FF FF FF FF FF FF FF 
15:44:01.663,0x7E8,8,CAN,x| 27 FF FF FF FF FF FF FF 
15:44:01.665,0x7E8,8,CAN,x| 28 FF FF FF FF FF FF FF 
15:44:01.665,0x120,6,CAN,x| 02 42 FF A4 62 03 
15:44:01.665,0x124,8,CAN,x| 68 0E 10 1D D8 12 23 00 
15:44:01.665,0x122,8,CAN,x| B0 00 00 03 12 00 00 00 
15:44:01.667,0x7E8,8,CAN,x| 29 FF FF FF FF 01 FF FF 
15:44:01.668,0x7E8,8,CAN,x| 2A FF FF FF FF FF FF FF 
15:44:01.670,0x7E8,8,CAN,x| 2B FF FF FF FF FF FF FF 
15:44:01.672,0x7E8,8,CAN,x| 2C FF FF FF FF FF FF FF 
15:44:01.674,0x7E8,8,CAN,x| 2D FF FF FF FF FF FF FF 
15:44:01.674,0x124,8,CAN,x| 68 0E 10 1D D8 12 20 00 
15:44:01.674,0x120,6,CAN,x| 02 42 FF A4 65 00 
15:44:01.674,0x122,8,CAN,x| B0 00 00 00 12 00 00 00 
15:44:01.677,0x310,8,CAN,x| 01 3B 00 00 00 00 08 00 
15:44:01.677,0x318,8,CAN,x| 01 41 FF 00 00 00 10 80 
15:44:01.677,0x7E8,8,CAN,x| 2E FF 00 00 00 00 00 00 
15:44:01.677,0x13F,8,CAN,x| 00 0E 10 00 00 00 00 00 
15:44:01.685,0x124,8,CAN,x| 68 0E 10 1D D8 12 21 00 
15:44:01.685,0x120,6,CAN,x| 02 42 FD A4 60 01 
15:44:01.685,0x122,8,CAN,x| B0 00 00 01 12 00 00 00 
15:44:01.694,0x124,8,CAN,x| 68 0E 10 1D D8 12 22 00 
15:44:01.694,0x120,6,CAN,x| 02 42 FD A4 61 02 
15:44:01.694,0x122,8,CAN,x| B0 00 00 02 12 00 00 00 
15:44:01.696,0x13F,8,CAN,x| 00 0E 10 00 00 00 00 00 
15:44:01.700,0x7E0,8,CAN,x| 02 21 00 00 00 00 00 00 
15:44:01.704,0x7E8,8,CAN,x| 10 D2 61 00 FF FF FF FF 
15:44:01.706,0x7E0,8,CAN,x| 30 00 00 00 00 00 00 00 
15:44:01.706,0x124,8,CAN,x| 68 0E 10 1D D8 13 23 00 
15:44:01.706,0x120,6,CAN,x| 02 42 FD A4 61 03 
15:44:01.706,0x122,8,CAN,x| B0 00 00 03 13 00 00 00 
15:44:01.706,0x7E8,8,CAN,x| 21 FF FF FF FF FF FF FF 
15:44:01.709,0x7E8,8,CAN,x| 22 FF FF FF FF 01 FF 80 
15:44:01.710,0x7E8,8,CAN,x| 23 80 FF FF 80 FF 08 16 
15:44:01.713,0x7E8,8,CAN,x| 24 FF FF C5 FF FF FF FF 
15:44:01.714,0x7E8,8,CAN,x| 25 FF FF 24 0E 10 BF FF 
15:44:01.714,0x120,6,CAN,x| 02 43 03 A4 60 00 
15:44:01.714,0x124,8,CAN,x| 68 0E 10 1D D8 13 20 00 
15:44:01.714,0x122,8,CAN,x| B0 00 00 00 13 00 00 00 
15:44:01.716,0x13F,8,CAN,x| 00 0E 10 00 00 00 00 00 
15:44:01.716,0x7E8,8,CAN,x| 26 FF 00 14 3C 1A 64 00 
15:44:01.718,0x7E8,8,CAN,x| 27 FF FF 00 80 FF FF FF 
15:44:01.721,0x7E8,8,CAN,x| 28 FF FF FF FF FF FF 2F 
15:44:01.722,0x7E8,8,CAN,x| 29 00 00 00 00 12 36 FF 
15:44:01.724,0x7E8,8,CAN,x| 2A FF FF FF FF FF FF FF 
15:44:01.724,0x120,6,CAN,x| 02 43 03 A4 60 01 
15:44:01.724,0x124,8,CAN,x| 68 0E 10 1D D8 0A 21 00 
15:44:01.724,0x122,8,CAN,x| B0 00 00 01 0A 00 00 00 
15:44:01.726,0x7E8,8,CAN,x| 2B 5B 5B FF FF FF FF FF 
15:44:01.728,0x7E8,8,CAN,x| 2C FF FF FF FF FF FF FF 
15:44:01.730,0x7E8,8,CAN,x| 2D FF FF FF FF FF FF FF 
15:44:01.732,0x7E8,8,CAN,x| 2E FF FF 2F F2 FF FF FF 
15:44:01.734,0x7E8,8,CAN,x| 2F FF FF FF FF FF FF FF 
15:44:01.734,0x124,8,CAN,x| 68 0E 10 1D D8 13 22 00 
15:44:01.734,0x120,6,CAN,x| 02 43 03 A4 61 02 
15:44:01.734,0x122,8,CAN,x| B0 00 00 02 13 00 00 00 
15:44:01.736,0x7E8,8,CAN,x| 20 FF FF FF FF FF FF C1 
15:44:01.736,0x13F,8,CAN,x| 00 0E 10 00 00 00 00 00 
15:44:01.738,0x7E8,8,CAN,x| 21 FF FF FF FF 8C 53 00 
15:44:01.740,0x7E8,8,CAN,x| 22 00 00 FF 01 FF FF FF 
15:44:01.742,0x7E8,8,CAN,x| 23 FF FF 08 04 FF FF 02 
15:44:01.744,0x7E8,8,CAN,x| 24 00 FF FF FF FF FF FF 
15:44:01.744,0x124,8,CAN,x| 68 0E 10 1D D8 13 23 00 
15:44:01.746,0x120,6,CAN,x| 02 43 03 A4 61 03 
15:44:01.746,0x122,8,CAN,x| B0 00 00 03 13 00 00 00 
15:44:01.746,0x7E8,8,CAN,x| 25 FF FF FF FF FF FF FF 
15:44:01.746,0x314,8,CAN,x| 00 00 00 00 00 00 7B 01 
15:44:01.746,0x32E,8,CAN,x| 00 00 00 00 64 00 00 00 
15:44:01.748,0x7E8,8,CAN,x| 26 FF FF FF FF FF FF FF 
15:44:01.750,0x7E8,8,CAN,x| 27 FF FF FF FF FF FF FF 
15:44:01.752,0x7E8,8,CAN,x| 28 FF FF FF FF FF FF FF 
15:44:01.754,0x7E8,8,CAN,x| 29 FF FF FF FF 01 FF FF 
15:44:01.754,0x120,6,CAN,x| 02 43 03 A4 5F 00 
15:44:01.754,0x124,8,CAN,x| 68 0E 10 1D D8 13 20 00 
15:44:01.754,0x122,8,CAN,x| B0 00 00 00 13 00 00 00 
15:44:01.756,0x13F,8,CAN,x| 00 0E 10 00 00 00 00 00 
15:44:01.756,0x7E8,8,CAN,x| 2A FF FF FF FF FF FF FF 
15:44:01.758,0x7E8,8,CAN,x| 2B FF FF FF FF FF FF FF 
15:44:01.760,0x7E8,8,CAN,x| 2C FF FF FF FF FF FF FF 
15:44:01.762,0x7E8,8,CAN,x| 2D FF FF FF FF FF FF FF 
15:44:01.764,0x7E8,8,CAN,x| 2E FF 00 00 00 00 00 00 
15:44:01.764,0x120,6,CAN,x| 02 43 03 A4 5E 01 
15:44:01.764,0x124,8,CAN,x| 68 0E 10 1D D8 13 21 00 
15:44:01.764,0x122,8,CAN,x| B0 00 00 01 13 00 00 00 
15:44:01.774,0x124,8,CAN,x| 68 0E 10 1D D8 13 22 00 
15:44:01.774,0x120,6,CAN,x| 02 43 03 A4 5D 02 
15:44:01.774,0x122,8,CAN,x| B0 00 00 02 13 00 00 00 
15:44:01.776,0x310,8,CAN,x| 01 3B 00 00 00 00 08 00 
15:44:01.776,0x318,8,CAN,x| 01 41 FF 00 00 00 10 80 
15:44:01.776,0x13F,8,CAN,x| 00 0E 10 00 00 00 00 00 
15:44:01.784,0x124,8,CAN,x| 68 0E 10 1D D8 13 23 00 
15:44:01.784,0x120,6,CAN,x| 02 43 08 A4 60 03 
15:44:01.784,0x122,8,CAN,x| B0 00 00 03 13 00 00 00 
15:44:01.794,0x124,8,CAN,x| 68 0E 10 1D D8 13 20 00 
15:44:01.794,0x120,6,CAN,x| 02 43 08 A4 5F 00 
15:44:01.794,0x122,8,CAN,x| B0 00 00 00 13 00 00 00 
15:44:01.796,0x13F,8,CAN,x| 00 0E 10 00 00 00 00 00 
15:44:01.796,0x7E0,8,CAN,x| 02 21 00 00 00 00 00 00 
15:44:01.804,0x7E8,8,CAN,x| 10 D2 61 00 FF FF FF FF 
15:44:01.804,0x7E0,8,CAN,x| 30 00 00 00 00 00 00 00 
15:44:01.804,0x7E8,8,CAN,x| 21 FF FF FF FF FF FF FF 
15:44:01.806,0x124,8,CAN,x| 68 0E 10 1D D8 13 21 00 
15:44:01.806,0x120,6,CAN,x| 02 43 08 A4 5F 01 
15:44:01.806,0x122,8,CAN,x| B0 00 00 01 13 00 00 00 
15:44:01.806,0x7E8,8,CAN,x| 22 FF FF FF FF 01 FF 80 
15:44:01.808,0x7E8,8,CAN,x| 23 80 FF FF 80 FF 08 B6 
15:44:01.810,0x7E8,8,CAN,x| 24 FF FF CE FF FF FF FF 
15:44:01.812,0x7E8,8,CAN,x| 25 FF FF 26 0E 10 BF FF 
15:44:01.814,0x7E8,8,CAN,x| 26 FF 00 15 3B 19 64 00 
15:44:01.814,0x120,6,CAN,x| 02 43 08 A4 5E 02 
15:44:01.814,0x124,8,CAN,x| 68 0E 10 1D D8 13 22 00 
15:44:01.814,0x122,8,CAN,x| B0 00 00 02 13 00 00 00 
15:44:01.816,0x13F,8,CAN,x| 00 0E 10 00 00 00 00 00 
15:44:01.816,0x7E8,8,CAN,x| 27 FF FF 00 80 FF FF FF 
15:44:01.818,0x7E8,8,CAN,x| 28 FF FF FF FF FF FF 30 
15:44:01.820,0x7E8,8,CAN,x| 29 00 00 00 00 13 35 FF 
15:44:01.822,0x7E8,8,CAN,x| 2A FF FF FF FF FF FF FF 
15:44:01.824,0x7E8,8,CAN,x| 2B 5B 5B FF FF FF FF FF 
15:44:01.824,0x120,6,CAN,x| 02 43 08 A4 5C 03 
15:44:01.824,0x124,8,CAN,x| 68 0E 10 1D D8 0E 23 00 
15:44:01.824,0x122,8,CAN,x| B0 00 00 03 0E 00 00 00 
15:44:01.826,0x7E8,8,CAN,x| 2C FF FF FF FF FF FF FF 
15:44:01.828,0x7E8,8,CAN,x| 2D FF FF FF FF FF FF FF 
15:44:01.830,0x7E8,8,CAN,x| 2E FF FF 2F F2 FF FF FF 
15:44:01.832,0x7E8,8,CAN,x| 2F FF FF FF FF FF FF FF 
15:44:01.834,0x7E8,8,CAN,x| 20 FF FF FF FF FF FF C1 
15:44:01.834,0x124,8,CAN,x| 68 0E 10 1D D8 13 20 00 
15:44:01.834,0x120,6,CAN,x| 02 43 08 A4 5B 00 
15:44:01.834,0x122,8,CAN,x| B0 00 00 00 13 00 00 00 
15:44:01.836,0x7E8,8,CAN,x| 21 FF FF FF FF 8C 53 00 
15:44:01.836,0x13F,8,CAN,x| 00 0E 10 00 00 00 00 00 
15:44:01.838,0x7E8,8,CAN,x| 22 00 00 FF 01 FF FF FF 
15:44:01.840,0x7E8,8,CAN,x| 23 FF FF 08 04 FF FF 02 
15:44:01.842,0x7E8,8,CAN,x| 24 00 FF FF FF FF FF FF 
15:44:01.844,0x7E8,8,CAN,x| 25 FF FF FF FF FF FF FF 
15:44:01.844,0x124,8,CAN,x| 68 0E 10 1D D8 14 21 00 
15:44:01.844,0x120,6,CAN,x| 02 43 0A A4 5A 01 
15:44:01.846,0x122,8,CAN,x| B0 00 00 01 14 00 00 00 
15:44:01.846,0x7E8,8,CAN,x| 26 FF FF FF FF FF FF FF 
15:44:01.846,0x314,8,CAN,x| 00 00 00 00 00 00 93 01 
15:44:01.846,0x500,8,CAN,x| 75 02 3F 3F 3F 3F 3F 3F 
15:44:01.848,0x32E,8,CAN,x| 00 00 00 01 64 00 00 00 
15:44:01.848,0x7E8,8,CAN,x| 27 FF FF FF FF FF FF FF 
15:44:01.850,0x7E8,8,CAN,x| 28 FF FF FF FF FF FF FF 
15:44:01.852,0x7E8,8,CAN,x| 29 FF FF FF FF 01 FF FF 
15:44:01.854,0x7E8,8,CAN,x| 2A FF FF FF FF FF FF FF 
15:44:01.854,0x120,6,CAN,x| 02 43 0A A4 5F 02 
15:44:01.854,0x124,8,CAN,x| 68 0E 10 1D D8 12 22 00 
15:44:01.854,0x122,8,CAN,x| B0 00 00 02 12 00 00 00 
15:44:01.856,0x13F,8,CAN,x| 00 0E 10 00 00 00 00 00 
15:44:01.856,0x7E8,8,CAN,x| 2B FF FF FF FF FF FF FF 
15:44:01.858,0x7E8,8,CAN,x| 2C FF FF FF FF FF FF FF 
15:44:01.860,0x7E8,8,CAN,x| 2D FF FF FF FF FF FF FF 
15:44:01.862,0x7E8,8,CAN,x| 2E FF 00 00 00 00 00 00 
15:44:01.864,0x124,8,CAN,x| 68 0E 10 1D D8 14 23 00 
15:44:01.864,0x120,6,CAN,x| 02 43 0A A4 5E 03 
15:44:01.864,0x122,8,CAN,x| B0 00 00 03 14 00 00 00 
15:44:01.874,0x124,8,CAN,x| 68 0E 10 1D D8 14 20 00 
15:44:01.874,0x120,6,CAN,x| 02 43 0A A4 5E 00 
15:44:01.874,0x122,8,CAN,x| B0 00 00 00 14 00 00 00 
15:44:01.876,0x310,8,CAN,x| 01 3B 00 00 00 00 08 00 
15:44:01.876,0x318,8,CAN,x| 01 41 FF 00 00 00 10 80 
15:44:01.876,0x13F,8,CAN,x| 00 0E 10 00 00 00 00 00 
15:44:01.884,0x124,8,CAN,x| 68 0E 10 1D D8 14 21 00 
15:44:01.884,0x120,6,CAN,x| 02 43 0A A4 5E 01 
15:44:01.884,0x122,8,CAN,x| B0 00 00 01 14 00 00 00 
15:44:01.886,0x7E0,8,CAN,x| 02 21 00 00 00 00 00 00 
15:44:01.892,0x7E8,8,CAN,x| 10 D2 61 00 FF FF FF FF 
15:44:01.894,0x7E0,8,CAN,x| 30 00 00 00 00 00 00 00 
15:44:01.894,0x7E8,8,CAN,x| 21 FF FF FF FF FF FF FF 
15:44:01.894,0x124,8,CAN,x| 68 0E 10 1D D8 14 22 00 
15:44:01.896,0x120,6,CAN,x| 02 43 0A A4 5E 02 
15:44:01.896,0x122,8,CAN,x| B0 00 00 02 14 00 00 00 
15:44:01.896,0x7E8,8,CAN,x| 22 FF FF FF FF 01 FF 80 
15:44:01.896,0x13F,8,CAN,x| 00 0E 10 00 00 00 00 00 
15:44:01.898,0x7E8,8,CAN,x| 23 80 FF FF 80 FF 09 A6 
15:44:01.900,0x7E8,8,CAN,x| 24 FF FF CE FF FF FF FF 
15:44:01.902,0x7E8,8,CAN,x| 25 FF FF 28 0E 10 BF FF 
15:44:01.904,0x7E8,8,CAN,x| 26 FF 00 16 3A 1A 64 00 
15:44:01.904,0x124,8,CAN,x| 68 0E 10 1D D8 14 23 00 
15:44:01.906,0x120,6,CAN,x| 02 43 0A A4 5D 03 
15:44:01.906,0x122,8,CAN,x| B0 00 00 03 14 00 00 00 
15:44:01.906,0x7E8,8,CAN,x| 27 FF FF 00 80 FF FF FF 
15:44:01.908,0x7E8,8,CAN,x| 28 FF FF FF FF FF FF 2F 
15:44:01.910,0x7E8,8,CAN,x| 29 00 00 00 00 12 37 FF 
15:44:01.912,0x7E8,8,CAN,x| 2A FF FF FF FF FF FF FF 
15:44:01.914,0x7E8,8,CAN,x| 2B 5B 5B FF FF FF FF FF 
15:44:01.914,0x120,6,CAN,x| 02 43 0D A4 60 00 
15:44:01.914,0x124,8,CAN,x| 68 0E 10 1D D8 14 20 00 
15:44:01.914,0x122,8,CAN,x| B0 00 00 00 14 00 00 00 
15:44:01.916,0x13F,8,CAN,x| 00 0E 10 00 00 00 00 00 
15:44:01.916,0x7E8,8,CAN,x| 2C FF FF FF FF FF FF FF 
15:44:01.918,0x7E8,8,CAN,x| 2D FF FF FF FF FF FF FF 
15:44:01.920,0x7E8,8,CAN,x| 2E FF FF 2F F2 FF FF FF 
15:44:01.922,0x7E8,8,CAN,x| 2F FF FF FF FF FF FF FF 
15:44:01.924,0x7E8,8,CAN,x| 20 FF FF FF FF FF FF C1 
15:44:01.924,0x120,6,CAN,x| 02 43 0D A4 60 01 
15:44:01.924,0x124,8,CAN,x| 68 0E 10 1D D8 09 21 00 
15:44:01.924,0x122,8,CAN,x| B0 00 00 01 09 00 00 00 
15:44:01.926,0x7E8,8,CAN,x| 21 FF FF FF FF 8C 53 00 
15:44:01.928,0x7E8,8,CAN,x| 22 00 00 FF 01 FF FF FF 
15:44:01.930,0x7E8,8,CAN,x| 23 FF FF 08 04 FF FF 02 
15:44:01.932,0x7E8,8,CAN,x| 24 00 FF FF FF FF FF FF 
15:44:01.934,0x7E8,8,CAN,x| 25 FF FF FF FF FF FF FF 
15:44:01.934,0x124,8,CAN,x| 68 0E 10 1D D8 14 22 00 
15:44:01.934,0x120,6,CAN,x| 02 43 0D A4 60 02 
15:44:01.934,0x122,8,CAN,x| B0 00 00 02 14 00 00 00 
15:44:01.936,0x7E8,8,CAN,x| 26 FF FF FF FF FF FF FF 
15:44:01.936,0x13F,8,CAN,x| 00 0E 10 00 00 00 00 00 
15:44:01.938,0x7E8,8,CAN,x| 27 FF FF FF FF FF FF FF 
15:44:01.940,0x7E8,8,CAN,x| 28 FF FF FF FF FF FF FF 
15:44:01.942,0x7E8,8,CAN,x| 29 FF FF FF FF 01 FF FF 
15:44:01.944,0x7E8,8,CAN,x| 2A FF FF FF FF FF FF FF 
15:44:01.944,0x124,8,CAN,x| 68 0E 10 1D D8 14 23 00 
15:44:01.944,0x120,6,CAN,x| 02 43 0B A4 60 03 
15:44:01.946,0x122,8,CAN,x| B0 00 00 03 14 00 00 00 
15:44:01.946,0x7E8,8,CAN,x| 2B FF FF FF FF FF FF FF 
15:44:01.946,0x314,8,CAN,x| 00 00 00 00 00 00 95 01 
15:44:01.948,0x32E,8,CAN,x| 00 00 00 02 64 00 00 00 
15:44:01.948,0x7E8,8,CAN,x| 2C FF FF FF FF FF FF FF 
15:44:01.950,0x7E8,8,CAN,x| 2D FF FF FF FF FF FF FF 
15:44:01.952,0x7E8,8,CAN,x| 2E FF 00 00 00 00 00 00 
15:44:01.954,0x124,8,CAN,x| 68 0E 10 1D D8 14 20 00 
15:44:01.954,0x120,6,CAN,x| 02 43 0B A4 5E 00 
15:44:01.954,0x122,8,CAN,x| B0 00 00 00 14 00 00 00 
15:44:01.956,0x13F,8,CAN,x| 00 0E 10 00 00 00 00 00 
15:44:01.964,0x124,8,CAN,x| 68 0E 10 1D D8 13 21 00 
15:44:01.964,0x120,6,CAN,x| 02 43 0B A4 5D 01 
15:44:01.964,0x122,8,CAN,x| B0 00 00 01 13 00 00 00 
15:44:01.974,0x124,8,CAN,x| 68 0E 10 1D D8 13 22 00 
15:44:01.974,0x120,6,CAN,x| 02 43 0B A4 5C 02 
15:44:01.976,0x122,8,CAN,x| B0 00 00 02 13 00 00 00 
15:44:01.976,0x310,8,CAN,x| 01 3B 00 00 00 00 08 00 
15:44:01.976,0x318,8,CAN,x| 01 41 FF 00 00 00 10 80 
15:44:01.976,0x13F,8,CAN,x| 00 0E 10 00 00 00 00 00 
15:44:01.982,0x7E0,8,CAN,x| 02 21 00 00 00 00 00 00 
15:44:01.982,0x7E8,8,CAN,x| 10 D2 61 00 FF FF FF FF 
15:44:01.984,0x124,8,CAN,x| 68 0E 10 1D D8 13 23 00 
15:44:01.986,0x120,6,CAN,x| 02 43 0D A4 60 03 
15:44:01.986,0x122,8,CAN,x| B0 00 00 03 13 00 00 00 
15:44:01.986,0x7E0,8,CAN,x| 30 00 00 00 00 00 00 00 
15:44:01.988,0x7E8,8,CAN,x| 21 FF FF FF FF FF FF FF 
15:44:01.990,0x7E8,8,CAN,x| 22 FF FF FF FF 01 FF 80 
15:44:01.992,0x7E8,8,CAN,x| 23 80 FF FF 80 FF 09 86 
15:44:01.994,0x7E8,8,CAN,x| 24 FF FF CC FF FF FF FF 
15:44:01.994,0x120,6,CAN,x| 02 43 0D A4 60 00 
15:44:01.994,0x124,8,CAN,x| 68 0E 10 1D D8 13 20 00 
15:44:01.994,0x122,8,CAN,x| B0 00 00 00 13 00 00 00 
15:44:01.996,0x13F,8,CAN,x| 00 0E 10 00 00 00 00 00 
15:44:01.996,0x7E8,8,CAN,x| 25 FF FF 28 0E 10 BF FF 
15:44:01.998,0x7E8,8,CAN,x| 26 FF 00 16 3B 1A 64 00 
15:44:02.000,0x7E8,8,CAN,x| 27 FF FF 00 80 FF FF FF 
15:44:02.002,0x7E8,8,CAN,x| 28 FF FF FF FF FF FF 30 
15:44:02.004,0x7E8,8,CAN,x| 29 00 00 00 00 13 35 FF 
15:44:02.006,0x124,8,CAN,x| 68 0E 10 1D D8 13 21 00 
15:44:02.006,0x120,6,CAN,x| 02 43 0D A4 60 01 
15:44:02.006,0x122,8,CAN,x| B0 00 00 01 13 00 00 00 
15:44:02.006,0x7E8,8,CAN,x| 2A FF FF FF FF FF FF FF 
15:44:02.008,0x7E8,8,CAN,x| 2B 5B 5B FF FF FF FF FF 
15:44:02.010,0x7E8,8,CAN,x| 2C FF FF FF FF FF FF FF 
15:44:02.012,0x7E8,8,CAN,x| 2D FF FF FF FF FF FF FF 
15:44:02.014,0x7E8,8,CAN,x| 2E FF FF 2F F2 FF FF FF 
15:44:02.014,0x120,6,CAN,x| 02 43 09 A4 5F 02 
15:44:02.014,0x124,8,CAN,x| 68 0E 10 1D D8 13 22 00 
15:44:02.014,0x122,8,CAN,x| B0 00 00 02 13 00 00 00 
15:44:02.016,0x13F,8,CAN,x| 00 0E 10 00 00 00 00 00 
15:44:02.016,0x7E8,8,CAN,x| 2F FF FF FF FF FF FF FF 
15:44:02.018,0x7E8,8,CAN,x| 20 FF FF FF FF FF FF C1 
15:44:02.020,0x7E8,8,CAN,x| 21 FF FF FF FF 8C 53 00 
15:44:02.022,0x7E8,8,CAN,x| 22 00 00 FF 01 FF FF FF 
15:44:02.024,0x7E8,8,CAN,x| 23 FF FF 08 04 FF FF 02 
15:44:02.024,0x120,6,CAN,x| 02 43 09 A4 5F 03 
15:44:02.024,0x124,8,CAN,x| 68 0E 10 1D D8 0E 23 00 
15:44:02.024,0x122,8,CAN,x| B0 00 00 03 0E 00 00 00 
15:44:02.026,0x7E8,8,CAN,x| 24 00 FF FF FF FF FF FF 
15:44:02.028,0x7E8,8,CAN,x| 25 FF FF FF FF FF FF FF 
15:44:02.030,0x7E8,8,CAN,x| 26 FF FF FF FF FF FF FF 
15:44:02.032,0x7E8,8,CAN,x| 27 FF FF FF FF FF FF FF 
15:44:02.034,0x7E8,8,CAN,x| 28 FF FF FF FF FF FF FF 
15:44:02.034,0x124,8,CAN,x| 68 0E 10 1D D8 13 20 00 
15:44:02.034,0x120,6,CAN,x| 02 43 09 A4 5E 00 
15:44:02.036,0x122,8,CAN,x| B0 00 00 00 13 00 00 00 
15:44:02.036,0x7E8,8,CAN,x| 29 FF FF FF FF 01 FF FF 
15:44:02.036,0x13F,8,CAN,x| 00 0E 10 00 00 00 00 00 
15:44:02.038,0x7E8,8,CAN,x| 2A FF FF FF FF FF FF FF 
15:44:02.040,0x7E8,8,CAN,x| 2B FF FF FF FF FF FF FF 
15:44:02.042,0x7E8,8,CAN,x| 2C FF FF FF FF FF FF FF 
15:44:02.044,0x7E8,8,CAN,x| 2D FF FF FF FF FF FF FF 
15:44:02.044,0x124,8,CAN,x| 68 0E 10 1D D8 13 21 00 
15:44:02.044,0x120,6,CAN,x| 02 43 0A A4 5E 01 
15:44:02.046,0x122,8,CAN,x| B0 00 00 01 13 00 00 00 
15:44:02.046,0x7E8,8,CAN,x| 2E FF 00 00 00 00 00 00 
15:44:02.046,0x314,8,CAN,x| 00 00 00 00 00 00 91 01 
15:44:02.046,0x500,8,CAN,x| 75 03 3F 3F 3F 3F 3F 3F 
15:44:02.048,0x32E,8,CAN,x| 00 00 00 03 64 00 00 00 
15:44:02.054,0x124,8,CAN,x| 68 0E 10 1D D8 11 22 00 
15:44:02.054,0x120,6,CAN,x| 02 43 0A A4 5F 02 
15:44:02.054,0x122,8,CAN,x| B0 00 00 02 11 00 00 00 
15:44:02.056,0x13F,8,CAN,x| 00 0E 10 00 00 00 00 00 
15:44:02.064,0x124,8,CAN,x| 68 0E 10 1D D8 13 23 00 
15:44:02.064,0x120,6,CAN,x| 02 43 0A A4 60 03 
15:44:02.064,0x122,8,CAN,x| B0 00 00 03 13 00 00 00 
15:44:02.074,0x124,8,CAN,x| 68 0E 10 1D D8 13 20 00 
15:44:02.074,0x120,6,CAN,x| 02 43 0A A4 60 00 
15:44:02.076,0x122,8,CAN,x| B0 00 00 00 13 00 00 00 
15:44:02.076,0x310,8,CAN,x| 01 3B 00 00 00 00 08 00 
15:44:02.076,0x318,8,CAN,x| 01 41 FF 00 00 00 10 80 
15:44:02.076,0x13F,8,CAN,x| 00 0E 10 00 00 00 00 00 
15:44:02.086,0x124,8,CAN,x| 68 0E 10 1D D8 13 21 00 
15:44:02.086,0x120,6,CAN,x| 02 43 04 A4 5F 01 
15:44:02.086,0x122,8,CAN,x| B0 00 00 01 13 00 00 00 
15:44:02.086,0x7E0,8,CAN,x| 02 21 00 00 00 00 00 00 
15:44:02.092,0x7E8,8,CAN,x| 10 D2 61 00 FF FF FF FF 
15:44:02.094,0x7E0,8,CAN,x| 30 00 00 00 00 00 00 00 
15:44:02.094,0x7E8,8,CAN,x| 21 FF FF FF FF FF FF FF 
15:44:02.094,0x124,8,CAN,x| 68 0E 10 1D D8 12 22 00 
15:44:02.096,0x120,6,CAN,x| 02 43 04 A4 60 02 
15:44:02.096,0x122,8,CAN,x| B0 00 00 02 12 00 00 00 
15:44:02.096,0x7E8,8,CAN,x| 22 FF FF FF FF 01 FF 80 
15:44:02.096,0x13F,8,CAN,x| 00 0E 10 00 00 00 00 00 
15:44:02.098,0x7E8,8,CAN,x| 23 80 FF FF 80 FF 09 36 
15:44:02.100,0x7E8,8,CAN,x| 24 FF FF C3 FF FF FF FF 
15:44:02.102,0x7E8,8,CAN,x| 25 FF FF 28 0E 10 BF FF 
15:44:02.104,0x7E8,8,CAN,x| 26 FF 00 15 3C 1B 64 00 
15:44:02.106,0x124,8,CAN,x| 68 0E 10 1D D8 12 23 00 
15:44:02.106,0x120,6,CAN,x| 02 43 04 A4 60 03 
15:44:02.106,0x122,8,CAN,x| B0 00 00 03 12 00 00 00 
15:44:02.106,0x7E8,8,CAN,x| 27 FF FF 00 80 FF FF FF 
15:44:02.108,0x7E8,8,CAN,x| 28 FF FF FF FF FF FF 2E 
15:44:02.110,0x7E8,8,CAN,x| 29 00 00 00 00 11 37 FF 
15:44:02.112,0x7E8,8,CAN,x| 2A FF FF FF FF FF FF FF 
15:44:02.114,0x7E8,8,CAN,x| 2B 5B 5B FF FF FF FF FF 
15:44:02.114,0x120,6,CAN,x| 02 43 02 A4 61 00 
15:44:02.114,0x124,8,CAN,x| 68 0E 10 1D D8 12 20 00 
15:44:02.114,0x122,8,CAN,x| B0 00 00 00 12 00 00 00 
15:44:02.116,0x13F,8,CAN,x| 00 0E 10 00 00 00 00 00 
15:44:02.116,0x7E8,8,CAN,x| 2C FF FF FF FF FF FF FF 
15:44:02.118,0x7E8,8,CAN,x| 2D FF FF FF FF FF FF FF 
15:44:02.120,0x7E8,8,CAN,x| 2E FF FF 2F F2 FF FF FF 
15:44:02.122,0x7E8,8,CAN,x| 2F FF FF FF FF FF FF FF 
15:44:02.124,0x7E8,8,CAN,x| 20 FF FF FF FF FF FF C1 
15:44:02.124,0x120,6,CAN,x| 02 43 02 A4 61 01 
15:44:02.124,0x124,8,CAN,x| 68 0E 10 1D D8 08 21 00 
15:44:02.124,0x122,8,CAN,x| B0 00 00 01 08 00 00 00 
15:44:02.126,0x7E8,8,CAN,x| 21 FF FF FF FF 8C 53 00 
15:44:02.128,0x7E8,8,CAN,x| 22 00 00 FF 01 FF FF FF 
15:44:02.130,0x7E8,8,CAN,x| 23 FF FF 08 04 FF FF 02 
15:44:02.132,0x7E8,8,CAN,x| 24 00 FF FF FF FF FF FF 
15:44:02.134,0x7E8,8,CAN,x| 25 FF FF FF FF FF FF FF 
15:44:02.134,0x124,8,CAN,x| 68 0E 10 1D D8 12 22 00 
15:44:02.134,0x120,6,CAN,x| 02 43 02 A4 62 02 
15:44:02.136,0x122,8,CAN,x| B0 00 00 02 12 00 00 00 
15:44:02.136,0x7E8,8,CAN,x| 26 FF FF FF FF FF FF FF 
15:44:02.136,0x13F,8,CAN,x| 00 0E 10 00 00 00 00 00 
15:44:02.138,0x7E8,8,CAN,x| 27 FF FF FF FF FF FF FF 
15:44:02.140,0x7E8,8,CAN,x| 28 FF FF FF FF FF FF FF 
15:44:02.142,0x7E8,8,CAN,x| 29 FF FF FF FF 01 FF FF 
15:44:02.144,0x7E8,8,CAN,x| 2A FF FF FF FF FF FF FF 
15:44:02.144,0x124,8,CAN,x| 68 0E 10 1D D8 12 23 00 
15:44:02.146,0x120,6,CAN,x| 02 42 FD A4 62 03 
15:44:02.146,0x122,8,CAN,x| B0 00 00 03 12 00 00 00 
15:44:02.146,0x7E8,8,CAN,x| 2B FF FF FF FF FF FF FF 
15:44:02.146,0x314,8,CAN,x| 00 00 00 00 00 00 72 01 
15:44:02.148,0x32E,8,CAN,x| 00 00 00 00 64 00 00 00 
15:44:02.148,0x7E8,8,CAN,x| 2C FF FF FF FF FF FF FF 
15:44:02.150,0x7E8,8,CAN,x| 2D FF FF FF FF FF FF FF 
15:44:02.152,0x7E8,8,CAN,x| 2E FF 00 00 00 00 00 00 
15:44:02.154,0x124,8,CAN,x| 68 0E 10 1D D8 11 20 00 
15:44:02.154,0x120,6,CAN,x| 02 42 FD A4 61 00 
15:44:02.154,0x122,8,CAN,x| B0 00 00 00 11 00 00 00 
15:44:02.156,0x13F,8,CAN,x| 00 0E 10 00 00 00 00 00 
15:44:02.164,0x124,8,CAN,x| 68 0E 10 1D D8 12 21 00 
15:44:02.164,0x120,6,CAN,x| 02 42 FD A4 61 01 
15:44:02.164,0x122,8,CAN,x| B0 00 00 01 12 00 00 00 
15:44:02.174,0x124,8,CAN,x| 68 0E 10 1D D8 12 22 00 
15:44:02.174,0x120,6,CAN,x| 02 42 FD A4 62 02 
15:44:02.176,0x122,8,CAN,x| B0 00 00 02 12 00 00 00 
15:44:02.176,0x310,8,CAN,x| 01 3B 00 00 00 00 08 00 
15:44:02.176,0x318,8,CAN,x| 01 41 FF 00 00 00 10 80 
15:44:02.176,0x13F,8,CAN,x| 00 0E 10 00 00 00 00 00 
15:44:02.182,0x7E0,8,CAN,x| 02 21 00 00 00 00 00 00 
15:44:02.184,0x7E8,8,CAN,x| 10 D2 61 00 FF FF FF FF 
15:44:02.186,0x124,8,CAN,x| 68 0E 10 1D D8 12 23 00 
15:44:02.186,0x120,6,CAN,x| 02 42 FF A4 60 03 
15:44:02.186,0x122,8,CAN,x| B0 00 00 03 12 00 00 00 
15:44:02.188,0x7E0,8,CAN,x| 30 00 00 00 00 00 00 00 
15:44:02.188,0x7E8,8,CAN,x| 21 FF FF FF FF FF FF FF 
15:44:02.190,0x7E8,8,CAN,x| 22 FF FF FF FF 01 FF 80 
15:44:02.192,0x7E8,8,CAN,x| 23 80 FF FF 80 FF 07 C6 
15:44:02.194,0x7E8,8,CAN,x| 24 FF FF CF FF FF FF FF 
15:44:02.194,0x120,6,CAN,x| 02 42 FF A4 63 00 
15:44:02.194,0x124,8,CAN,x| 68 0E 10 1D D8 12 20 00 
15:44:02.194,0x122,8,CAN,x| B0 00 00 00 12 00 00 00 
15:44:02.196,0x13F,8,CAN,x| 00 0E 10 00 00 00 00 00 
15:44:02.196,0x7E8,8,CAN,x| 25 FF FF 23 0E 10 BF FF 
15:44:02.198,0x7E8,8,CAN,x| 26 FF 00 14 3C 1A 64 00 
15:44:02.200,0x7E8,8,CAN,x| 27 FF FF 00 80 FF FF FF 
15:44:02.202,0x7E8,8,CAN,x| 28 FF FF FF FF FF FF 2F 
15:44:02.204,0x7E8,8,CAN,x| 29 00 00 00 00 12 36 FF 
15:44:02.206,0x124,8,CAN,x| 68 0E 10 1D D8 12 21 00 
15:44:02.206,0x120,6,CAN,x| 02 42 FF A4 63 01 
15:44:02.206,0x122,8,CAN,x| B0 00 00 01 12 00 00 00 
15:44:02.206,0x7E8,8,CAN,x| 2A FF FF FF FF FF FF FF 
15:44:02.208,0x7E8,8,CAN,x| 2B 5B 5B FF FF FF FF FF 
15:44:02.210,0x7E8,8,CAN,x| 2C FF FF FF FF FF FF FF 
15:44:02.212,0x7E8,8,CAN,x| 2D FF FF FF FF FF FF FF 
15:44:02.214,0x7E8,8,CAN,x| 2E FF FF 2F F2 FF FF FF 
15:44:02.214,0x120,6,CAN,x| 02 42 FE A4 60 02 
15:44:02.214,0x124,8,CAN,x| 68 0E 10 1D D8 12 22 00 
15:44:02.214,0x122,8,CAN,x| B0 00 00 02 12 00 00 00 
15:44:02.216,0x13F,8,CAN,x| 00 0E 10 00 00 00 00 00 
15:44:02.216,0x7E8,8,CAN,x| 2F FF FF FF FF FF FF FF 
15:44:02.218,0x7E8,8,CAN,x| 20 FF FF FF FF FF FF C1 
15:44:02.220,0x7E8,8,CAN,x| 21 FF FF FF FF 8C 53 00 
15:44:02.222,0x7E8,8,CAN,x| 22 00 00 FF 01 FF FF FF 
15:44:02.224,0x7E8,8,CAN,x| 23 FF FF 08 04 FF FF 02 
15:44:02.224,0x120,6,CAN,x| 02 42 FE A4 60 03 
15:44:02.224,0x124,8,CAN,x| 68 0E 10 1D D8 0D 23 00 
15:44:02.224,0x122,8,CAN,x| B0 00 00 03 0D 00 00 00 
15:44:02.226,0x7E8,8,CAN,x| 24 00 FF FF FF FF FF FF 
15:44:02.228,0x7E8,8,CAN,x| 25 FF FF FF FF FF FF FF 
15:44:02.230,0x7E8,8,CAN,x| 26 FF FF FF FF FF FF FF 
15:44:02.232,0x7E8,8,CAN,x| 27 FF FF FF FF FF FF FF 
15:44:02.234,0x7E8,8,CAN,x| 28 FF FF FF FF FF FF FF 
15:44:02.234,0x124,8,CAN,x| 68 0E 10 1D D8 12 20 00 
15:44:02.234,0x120,6,CAN,x| 02 42 FE A4 62 00 
15:44:02.236,0x122,8,CAN,x| B0 00 00 00 12 00 00 00 
15:44:02.236,0x7E8,8,CAN,x| 29 FF FF FF FF 01 FF FF 
15:44:02.236,0x13F,8,CAN,x| 00 0E 10 00 00 00 00 00 
15:44:02.238,0x7E8,8,CAN,x| 2A FF FF FF FF FF FF FF 
15:44:02.240,0x7E8,8,CAN,x| 2B FF FF FF FF FF FF FF 
15:44:02.242,0x7E8,8,CAN,x| 2C FF FF FF FF FF FF FF 
15:44:02.244,0x7E8,8,CAN,x| 2D FF FF FF FF FF FF FF 
15:44:02.244,0x124,8,CAN,x| 68 0E 10 1D D8 13 21 00 
15:44:02.246,0x120,6,CAN,x| 02 43 02 A4 62 01 
15:44:02.246,0x122,8,CAN,x| B0 00 00 01 13 00 00 00 
15:44:02.246,0x7E8,8,CAN,x| 2E FF 00 00 00 00 00 00 
15:44:02.246,0x314,8,CAN,x| 00 00 00 00 00 00 73 01 
15:44:02.246,0x500,8,CAN,x| 75 01 00 3F 3F 3F 3F 3F 
15:44:02.248,0x32E,8,CAN,x| 00 00 00 01 64 00 00 00 
15:44:02.254,0x124,8,CAN,x| 68 0E 10 1D D8 11 22 00 
15:44:02.254,0x120,6,CAN,x| 02 43 02 A4 60 02 
15:44:02.254,0x122,8,CAN,x| B0 00 00 02 11 00 00 00 
15:44:02.256,0x13F,8,CAN,x| 00 0E 10 00 00 00 00 00 
15:44:02.264,0x124,8,CAN,x| 68 0E 10 1D D8 13 23 00 
15:44:02.264,0x120,6,CAN,x| 02 43 02 A4 60 03 
15:44:02.264,0x122,8,CAN,x| B0 00 00 03 13 00 00 00 
15:44:02.274,0x124,8,CAN,x| 68 0E 10 1D D8 13 20 00 
15:44:02.276,0x120,6,CAN,x| 02 43 02 A4 60 00 
15:44:02.276,0x122,8,CAN,x| B0 00 00 00 13 00 00 00 
15:44:02.276,0x310,8,CAN,x| 01 3B 00 00 00 00 08 00 
15:44:02.276,0x318,8,CAN,x| 01 41 FF 00 00 00 10 80 
15:44:02.276,0x13F,8,CAN,x| 00 0E 10 00 00 00 00 00 
15:44:02.276,0x7E0,8,CAN,x| 02 21 00 00 00 00 00 00 
15:44:02.284,0x7E8,8,CAN,x| 10 D2 61 00 FF FF FF FF 
15:44:02.284,0x7E0,8,CAN,x| 30 00 00 00 00 00 00 00 
15:44:02.284,0x7E8,8,CAN,x| 21 FF FF FF FF FF FF FF 
15:44:02.286,0x124,8,CAN,x| 68 0E 10 1D D8 13 21 00 
15:44:02.286,0x120,6,CAN,x| 02 43 03 A4 5F 01 
15:44:02.286,0x122,8,CAN,x| B0 00 00 01 13 00 00 00 
15:44:02.286,0x7E8,8,CAN,x| 22 FF FF FF FF 01 FF 80 
15:44:02.288,0x7E8,8,CAN,x| 23 80 FF FF 80 FF 08 B6 
15:44:02.290,0x7E8,8,CAN,x| 24 FF FF CF FF FF FF FF 
15:44:02.292,0x7E8,8,CAN,x| 25 FF FF 26 0E 10 BF FF 
15:44:02.294,0x7E8,8,CAN,x| 26 FF 00 15 3B 19 64 00 
15:44:02.294,0x120,6,CAN,x| 02 43 03 A4 5E 02 
15:44:02.294,0x124,8,CAN,x| 68 0E 10 1D D8 13 22 00 
15:44:02.294,0x122,8,CAN,x| B0 00 00 02 13 00 00 00 
15:44:02.296,0x13F,8,CAN,x| 00 0E 10 00 00 00 00 00 
15:44:02.296,0x7E8,8,CAN,x| 27 FF FF 00 80 FF FF FF 
15:44:02.298,0x7E8,8,CAN,x| 28 FF FF FF FF FF FF 2F 
15:44:02.300,0x7E8,8,CAN,x| 29 00 00 00 00 13 38 FF 
15:44:02.302,0x7E8,8,CAN,x| 2A FF FF FF FF FF FF FF 
15:44:02.304,0x7E8,8,CAN,x| 2B 5B 5B FF FF FF FF FF 
15:44:02.306,0x124,8,CAN,x| 68 0E 10 1D D8 13 23 00 
15:44:02.306,0x120,6,CAN,x| 02 43 03 A4 5E 03 
15:44:02.306,0x122,8,CAN,x| B0 00 00 03 13 00 00 00 
15:44:02.306,0x7E8,8,CAN,x| 2C FF FF FF FF FF FF FF 
15:44:02.308,0x7E8,8,CAN,x| 2D FF FF FF FF FF FF FF 
15:44:02.310,0x7E8,8,CAN,x| 2E FF FF 2F F2 FF FF FF 
15:44:02.312,0x7E8,8,CAN,x| 2F FF FF FF FF FF FF FF 
15:44:02.314,0x7E8,8,CAN,x| 20 FF FF FF FF FF FF C1 
15:44:02.314,0x120,6,CAN,x| 02 43 08 A4 5F 00 
15:44:02.314,0x124,8,CAN,x| 68 0E 10 1D D8 13 20 00 
15:44:02.314,0x122,8,CAN,x| B0 00 00 00 13 00 00 00 
15:44:02.316,0x13F,8,CAN,x| 00 0E 10 00 00 00 00 00 
15:44:02.316,0x7E8,8,CAN,x| 21 FF FF FF FF 8C 53 00 
15:44:02.318,0x7E8,8,CAN,x| 22 00 00 FF 01 FF FF FF 
15:44:02.320,0x7E8,8,CAN,x| 23 FF FF 08 04 FF FF 02 
15:44:02.322,0x7E8,8,CAN,x| 24 00 FF FF FF FF FF FF 
15:44:02.324,0x7E8,8,CAN,x| 25 FF FF FF FF FF FF FF 
15:44:02.324,0x120,6,CAN,x| 02 43 08 A4 5F 01 
15:44:02.324,0x124,8,CAN,x| 68 0E 10 1D D8 09 21 00 
15:44:02.326,0x122,8,CAN,x| B0 00 00 01 09 00 00 00 
15:44:02.326,0x7E8,8,CAN,x| 26 FF FF FF FF FF FF FF 
15:44:02.328,0x7E8,8,CAN,x| 27 FF FF FF FF FF FF FF 
15:44:02.330,0x7E8,8,CAN,x| 28 FF FF FF FF FF FF FF 
15:44:02.332,0x7E8,8,CAN,x| 29 FF FF FF FF 01 FF FF 
15:44:02.334,0x7E8,8,CAN,x| 2A FF FF FF FF FF FF FF 
15:44:02.334,0x124,8,CAN,x| 68 0E 10 1D D8 13 22 00 
15:44:02.334,0x120,6,CAN,x| 02 43 08 A4 5F 02 
15:44:02.336,0x122,8,CAN,x| B0 00 00 02 13 00 00 00 
15:44:02.336,0x7E8,8,CAN,x| 2B FF FF FF FF FF FF FF 
15:44:02.336,0x13F,8,CAN,x| 00 0E 10 00 00 00 00 00 
15:44:02.338,0x7E8,8,CAN,x| 2C FF FF FF FF FF FF FF 
15:44:02.340,0x7E8,8,CAN,x| 2D FF FF FF FF FF FF FF 
15:44:02.342,0x7E8,8,CAN,x| 2E FF 00 00 00 00 00 00 
15:44:02.344,0x124,8,CAN,x| 68 0E 10 1D D8 13 23 00 
15:44:02.346,0x120,6,CAN,x| 02 43 07 A4 5E 03 
15:44:02.346,0x122,8,CAN,x| B0 00 00 03 13 00 00 00 
15:44:02.346,0x314,8,CAN,x| 00 00 00 00 00 00 8B 01 
15:44:02.348,0x32E,8,CAN,x| 00 00 00 02 64 00 00 00 
15:44:02.354,0x124,8,CAN,x| 68 0E 10 1D D8 13 20 00 
15:44:02.354,0x120,6,CAN,x| 02 43 07 A4 5E 00 
15:44:02.354,0x122,8,CAN,x| B0 00 00 00 13 00 00 00 
15:44:02.356,0x13F,8,CAN,x| 00 0E 10 00 00 00 00 00 
15:44:02.364,0x124,8,CAN,x| 68 0E 10 1D D8 13 21 00 
15:44:02.364,0x120,6,CAN,x| 02 43 07 A4 5C 01 
15:44:02.364,0x122,8,CAN,x| B0 00 00 01 13 00 00 00 
15:44:02.370,0x7E0,8,CAN,x| 02 21 00 00 00 00 00 00 
15:44:02.374,0x7E8,8,CAN,x| 10 D2 61 00 FF FF FF FF 
15:44:02.376,0x124,8,CAN,x| 68 0E 10 1D D8 13 22 00 
15:44:02.376,0x120,6,CAN,x| 02 43 07 A4 5C 02 
15:44:02.376,0x122,8,CAN,x| B0 00 00 02 13 00 00 00 
15:44:02.376,0x310,8,CAN,x| 01 3B 00 00 00 00 08 00 
15:44:02.376,0x318,8,CAN,x| 01 41 FF 00 00 00 10 80 
15:44:02.376,0x7E0,8,CAN,x| 30 00 00 00 00 00 00 00 
15:44:02.378,0x13F,8,CAN,x| 00 0E 10 00 00 00 00 00 
15:44:02.378,0x7E8,8,CAN,x| 21 FF FF FF FF FF FF FF 
15:44:02.380,0x7E8,8,CAN,x| 22 FF FF FF FF 01 FF 80 
15:44:02.382,0x7E8,8,CAN,x| 23 80 FF FF 80 FF 09 36 
15:44:02.384,0x7E8,8,CAN,x| 24 FF FF C3 FF FF FF FF 
15:44:02.384,0x120,6,CAN,x| 02 43 0B A4 5F 03 
15:44:02.384,0x124,8,CAN,x| 68 0E 10 1D D8 13 23 00 
15:44:02.386,0x122,8,CAN,x| B0 00 00 03 13 00 00 00 
15:44:02.386,0x7E8,8,CAN,x| 25 FF FF 27 0E 10 BF FF 
15:44:02.388,0x7E8,8,CAN,x| 26 FF 00 15 3A 19 64 00 
15:44:02.390,0x7E8,8,CAN,x| 27 FF FF 00 80 FF FF FF 
15:44:02.392,0x7E8,8,CAN,x| 28 FF FF FF FF FF FF 30 
15:44:02.394,0x7E8,8,CAN,x| 29 00 00 00 00 13 34 FF 
15:44:02.394,0x120,6,CAN,x| 02 43 0B A4 5F 00 
15:44:02.394,0x124,8,CAN,x| 68 0E 10 1D D8 13 20 00 
15:44:02.396,0x122,8,CAN,x| B0 00 00 00 13 00 00 00 
15:44:02.396,0x13F,8,CAN,x| 00 0E 10 00 00 00 00 00 
15:44:02.396,0x7E8,8,CAN,x| 2A FF FF FF FF FF FF FF 
15:44:02.398,0x7E8,8,CAN,x| 2B 5B 5B FF FF FF FF FF 
15:44:02.400,0x7E8,8,CAN,x| 2C FF FF FF FF FF FF FF 
15:44:02.402,0x7E8,8,CAN,x| 2D FF FF FF FF FF FF FF 
15:44:02.404,0x7E8,8,CAN,x| 2E FF FF 2F F2 FF FF FF 
15:44:02.406,0x124,8,CAN,x| 68 0E 10 1D D8 14 21 00 
15:44:02.406,0x120,6,CAN,x| 02 43 0B A4 5E 01 
15:44:02.406,0x122,8,CAN,x| B0 00 00 01 14 00 00 00 
15:44:02.406,0x7E8,8,CAN,x| 2F FF FF FF FF FF FF FF 
15:44:02.408,0x7E8,8,CAN,x| 20 FF FF FF FF FF FF C1 
15:44:02.410,0x7E8,8,CAN,x| 21 FF FF FF FF 8C 53 00 
15:44:02.412,0x7E8,8,CAN,x| 22 00 00 FF 01 FF FF FF 
15:44:02.414,0x7E8,8,CAN,x| 23 FF FF 08 04 FF FF 02 
15:44:02.414,0x120,6,CAN,x| 02 43 0A A4 5E 02 
15:44:02.414,0x124,8,CAN,x| 68 0E 10 1D D8 14 22 00 
15:44:02.416,0x122,8,CAN,x| B0 00 00 02 14 00 00 00 
15:44:02.416,0x13F,8,CAN,x| 00 0E 10 00 00 00 00 00 
15:44:02.416,0x7E8,8,CAN,x| 24 00 FF FF FF FF FF FF 
15:44:02.418,0x7E8,8,CAN,x| 25 FF FF FF FF FF FF FF 
15:44:02.420,0x7E8,8,CAN,x| 26 FF FF FF FF FF FF FF 
15:44:02.422,0x7E8,8,CAN,x| 27 FF FF FF FF FF FF FF 
15:44:02.424,0x7E8,8,CAN,x| 28 FF FF FF FF FF FF FF 
15:44:02.424,0x120,6,CAN,x| 02 43 0A A4 5D 03 
15:44:02.424,0x124,8,CAN,x| 68 0E 10 1D D8 0E 23 00 
15:44:02.426,0x122,8,CAN,x| B0 00 00 03 0E 00 00 00 
15:44:02.426,0x7E8,8,CAN,x| 29 FF FF FF FF 01 FF FF 
15:44:02.428,0x7E8,8,CAN,x| 2A FF FF FF FF FF FF FF 
15:44:02.430,0x7E8,8,CAN,x| 2B FF FF FF FF FF FF FF 
15:44:02.432,0x7E8,8,CAN,x| 2C FF FF FF FF FF FF FF 
15:44:02.434,0x7E8,8,CAN,x| 2D FF FF FF FF FF FF FF 
15:44:02.434,0x124,8,CAN,x| 68 0E 10 1D D8 14 20 00 
15:44:02.436,0x120,6,CAN,x| 02 43 0A A4 5C 00 
15:44:02.436,0x122,8,CAN,x| B0 00 00 00 14 00 00 00 
15:44:02.436,0x7E8,8,CAN,x| 2E FF 00 00 00 00 00 00 
15:44:02.436,0x13F,8,CAN,x| 00 0E 10 00 00 00 00 00 
15:44:02.446,0x124,8,CAN,x| 68 0E 10 1D D8 14 21 00 
15:44:02.446,0x120,6,CAN,x| 02 43 0C A4 5C 01 
15:44:02.446,0x122,8,CAN,x| B0 00 00 01 14 00 00 00 
15:44:02.446,0x314,8,CAN,x| 00 00 00 00 00 00 9A 01 
15:44:02.448,0x500,8,CAN,x| 75 02 3F 3F 3F 3F 3F 3F 
15:44:02.448,0x32E,8,CAN,x| 00 00 00 03 64 00 00 00 
15:44:02.454,0x124,8,CAN,x| 68 0E 10 1D D8 13 22 00 
15:44:02.454,0x120,6,CAN,x| 02 43 0C A4 5F 02 
15:44:02.456,0x122,8,CAN,x| B0 00 00 02 13 00 00 00 
15:44:02.456,0x13F,8,CAN,x| 00 0E 10 00 00 00 00 00 
15:44:02.464,0x124,8,CAN,x| 68 0E 10 1D D8 14 23 00 
15:44:02.464,0x120,6,CAN,x| 02 43 0C A4 5F 03 
15:44:02.464,0x122,8,CAN,x| B0 00 00 03 14 00 00 00 
15:44:02.470,0x7E0,8,CAN,x| 02 21 00 00 00 00 00 00 
15:44:02.474,0x7E8,8,CAN,x| 10 D2 61 00 FF FF FF FF 
15:44:02.474,0x7E0,8,CAN,x| 30 00 00 00 00 00 00 00 
15:44:02.476,0x124,8,CAN,x| 68 0E 10 1D D8 14 20 00 
15:44:02.476,0x120,6,CAN,x| 02 43 0C A4 5F 00 
15:44:02.476,0x122,8,CAN,x| B0 00 00 00 14 00 00 00 
15:44:02.476,0x310,8,CAN,x| 01 3B 00 00 00 00 08 00 
15:44:02.476,0x318,8,CAN,x| 01 41 FF 00 00 00 10 80 
15:44:02.476,0x7E8,8,CAN,x| 21 FF FF FF FF FF FF FF 
15:44:02.478,0x13F,8,CAN,x| 00 0E 10 00 00 00 00 00 
15:44:02.478,0x7E8,8,CAN,x| 22 FF FF FF FF 01 FF 80 
15:44:02.480,0x7E8,8,CAN,x| 23 80 FF FF 80 FF 09 D6 
15:44:02.482,0x7E8,8,CAN,x| 24 FF FF C2 FF FF FF FF 
15:44:02.484,0x7E8,8,CAN,x| 25 FF FF 28 0E 10 BF FF 
15:44:02.484,0x120,6,CAN,x| 02 43 0B A4 5E 01 
15:44:02.484,0x124,8,CAN,x| 68 0E 10 1D D8 14 21 00 
15:44:02.486,0x122,8,CAN,x| B0 00 00 01 14 00 00 00 
15:44:02.486,0x7E8,8,CAN,x| 26 FF 00 16 3B 1A 64 00 
15:44:02.488,0x7E8,8,CAN,x| 27 FF FF 00 80 FF FF FF 
15:44:02.490,0x7E8,8,CAN,x| 28 FF FF FF FF FF FF 30 
15:44:02.492,0x7E8,8,CAN,x| 29 00 00 00 00 14 34 FF 
15:44:02.494,0x7E8,8,CAN,x| 2A FF FF FF FF FF FF FF 
15:44:02.494,0x120,6,CAN,x| 02 43 0B A4 5D 02 
15:44:02.494,0x124,8,CAN,x| 68 0E 10 1D D8 13 22 00 
15:44:02.496,0x122,8,CAN,x| B0 00 00 02 13 00 00 00 
15:44:02.496,0x13F,8,CAN,x| 00 0E 10 00 00 00 00 00 
15:44:02.496,0x7E8,8,CAN,x| 2B 5B 5B FF FF FF FF FF 
15:44:02.498,0x7E8,8,CAN,x| 2C FF FF FF FF FF FF FF 
15:44:02.500,0x7E8,8,CAN,x| 2D FF FF FF FF FF FF FF 
15:44:02.502,0x7E8,8,CAN,x| 2E FF FF 2F F2 FF FF FF 
15:44:02.504,0x7E8,8,CAN,x| 2F FF FF FF FF FF FF FF 
15:44:02.506,0x124,8,CAN,x| 68 0E 10 1D D8 13 23 00 
15:44:02.506,0x120,6,CAN,x| 02 43 0B A4 5C 03 
15:44:02.506,0x122,8,CAN,x| B0 00 00 03 13 00 00 00 
15:44:02.506,0x7E8,8,CAN,x| 20 FF FF FF FF FF FF C1 
15:44:02.508,0x7E8,8,CAN,x| 21 FF FF FF FF 8C 53 00 
15:44:02.510,0x7E8,8,CAN,x| 22 00 00 FF 01 FF FF FF 
15:44:02.512,0x7E8,8,CAN,x| 23 FF FF 08 04 FF FF 02 
15:44:02.514,0x7E8,8,CAN,x| 24 00 FF FF FF FF FF FF 
15:44:02.514,0x120,6,CAN,x| 02 43 0D A4 60 00 
15:44:02.514,0x124,8,CAN,x| 68 0E 10 1D D8 14 20 00 
15:44:02.516,0x122,8,CAN,x| B0 00 00 00 14 00 00 00 
15:44:02.516,0x13F,8,CAN,x| 00 0E 10 00 00 00 00 00 
15:44:02.516,0x7E8,8,CAN,x| 25 FF FF FF FF FF FF FF 
15:44:02.518,0x7E8,8,CAN,x| 26 FF FF FF FF FF FF FF 
15:44:02.520,0x7E8,8,CAN,x| 27 FF FF FF FF FF FF FF 
15:44:02.522,0x7E8,8,CAN,x| 28 FF FF FF FF FF FF FF 
15:44:02.524,0x7E8,8,CAN,x| 29 FF FF FF FF 01 FF FF 
15:44:02.524,0x120,6,CAN,x| 02 43 0D A4 60 01 
15:44:02.524,0x124,8,CAN,x| 68 0E 10 1D D8 09 21 00 
15:44:02.526,0x122,8,CAN,x| B0 00 00 01 09 00 00 00 
15:44:02.526,0x7E8,8,CAN,x| 2A FF FF FF FF FF FF FF 
15:44:02.528,0x7E8,8,CAN,x| 2B FF FF FF FF FF FF FF 
15:44:02.530,0x7E8,8,CAN,x| 2C FF FF FF FF FF FF FF 
15:44:02.532,0x7E8,8,CAN,x| 2D FF FF FF FF FF FF FF 
15:44:02.534,0x7E8,8,CAN,x| 2E FF 00 00 00 00 00 00 
15:44:02.534,0x124,8,CAN,x| 68 0E 10 1D D8 13 22 00 
15:44:02.536,0x120,6,CAN,x| 02 43 0D A4 60 02 
15:44:02.536,0x122,8,CAN,x| B0 00 00 02 13 00 00 00 
15:44:02.536,0x13F,8,CAN,x| 00 0E 10 00 00 00 00 00 
15:44:02.546,0x124,8,CAN,x| 68 0E 10 1D D8 13 23 00 
15:44:02.546,0x120,6,CAN,x| 02 43 09 A4 60 03 
15:44:02.546,0x122,8,CAN,x| B0 00 00 03 13 00 00 00 
15:44:02.548,0x314,8,CAN,x| 00 00 00 00 00 00 93 01 
15:44:02.548,0x32E,8,CAN,x| 00 00 00 00 64 00 00 00 
15:44:02.554,0x124,8,CAN,x| 68 0E 10 1D D8 13 20 00 
15:44:02.554,0x120,6,CAN,x| 02 43 09 A4 5F 00 
15:44:02.556,0x122,8,CAN,x| B0 00 00 00 13 00 00 00 
15:44:02.556,0x13F,8,CAN,x| 00 0E 10 00 00 00 00 00 
15:44:02.564,0x7E0,8,CAN,x| 02 21 00 00 00 00 00 00 
15:44:02.564,0x124,8,CAN,x| 68 0E 10 1D D8 13 21 00 
15:44:02.564,0x120,6,CAN,x| 02 43 09 A4 5F 01 
15:44:02.566,0x122,8,CAN,x| B0 00 00 01 13 00 00 00 
15:44:02.574,0x7E8,8,CAN,x| 10 D2 61 00 FF FF FF FF 
15:44:02.574,0x7E0,8,CAN,x| 30 00 00 00 00 00 00 00 
15:44:02.574,0x7E8,8,CAN,x| 21 FF FF FF FF FF FF FF 
15:44:02.576,0x124,8,CAN,x| 68 0E 10 1D D8 13 22 00 
15:44:02.576,0x120,6,CAN,x| 02 43 09 A4 5E 02 
15:44:02.576,0x122,8,CAN,x| B0 00 00 02 13 00 00 00 
15:44:02.576,0x310,8,CAN,x| 01 3B 00 00 00 00 08 00 
15:44:02.576,0x318,8,CAN,x| 01 41 FF 00 00 00 10 80 
15:44:02.576,0x7E8,8,CAN,x| 22 FF FF FF FF 01 FF 80 
15:44:02.578,0x13F,8,CAN,x| 00 0E 10 00 00 00 00 00 
15:44:02.578,0x7E8,8,CAN,x| 23 80 FF FF 80 FF 09 36 
15:44:02.580,0x7E8,8,CAN,x| 24 FF FF C3 FF FF FF FF 
15:44:02.582,0x7E8,8,CAN,x| 25 FF FF 29 0E 10 BF FF 
15:44:02.584,0x7E8,8,CAN,x| 26 FF 00 16 3C 1B 64 00 
15:44:02.584,0x120,6,CAN,x| 02 43 0A A4 60 03 
15:44:02.584,0x124,8,CAN,x| 68 0E 10 1D D8 13 23 00 
15:44:02.586,0x122,8,CAN,x| B0 00 00 03 13 00 00 00 
15:44:02.586,0x7E8,8,CAN,x| 27 FF FF 00 80 FF FF FF 
15:44:02.588,0x7E8,8,CAN,x| 28 FF FF FF FF FF FF 30 
15:44:02.590,0x7E8,8,CAN,x| 29 00 00 00 00 13 35 FF 
15:44:02.592,0x7E8,8,CAN,x| 2A FF FF FF FF FF FF FF 
15:44:02.594,0x7E8,8,CAN,x| 2B 5B 5B FF FF FF FF FF 
15:44:02.594,0x120,6,CAN,x| 02 43 0A A4 60 00 
15:44:02.594,0x124,8,CAN,x| 68 0E 10 1D D8 13 20 00 
15:44:02.596,0x122,8,CAN,x| B0 00 00 00 13 00 00 00 
15:44:02.596,0x13F,8,CAN,x| 00 0E 10 00 00 00 00 00 
15:44:02.596,0x7E8,8,CAN,x| 2C FF FF FF FF FF FF FF 
15:44:02.598,0x7E8,8,CAN,x| 2D FF FF FF FF FF FF FF 
15:44:02.600,0x7E8,8,CAN,x| 2E FF FF 2F F2 FF FF FF 
15:44:02.602,0x7E8,8,CAN,x| 2F FF FF FF FF FF FF FF 
15:44:02.604,0x7E8,8,CAN,x| 20 FF FF FF FF FF FF C1 
15:44:02.606,0x124,8,CAN,x| 68 0E 10 1D D8 13 21 00 
15:44:02.606,0x120,6,CAN,x| 02 43 0A A4 60 01 
15:44:02.606,0x122,8,CAN,x| B0 00 00 01 13 00 00 00 
15:44:02.606,0x7E8,8,CAN,x| 21 FF FF FF FF 8C 53 00 
15:44:02.608,0x7E8,8,CAN,x| 22 00 00 FF 01 FF FF FF 
15:44:02.610,0x7E8,8,CAN,x| 23 FF FF 08 04 FF FF 02 
15:44:02.612,0x7E8,8,CAN,x| 24 00 FF FF FF FF FF FF 
15:44:02.614,0x7E8,8,CAN,x| 25 FF FF FF FF FF FF FF 
15:44:02.614,0x120,6,CAN,x| 02 43 04 A4 5F 02 
15:44:02.616,0x124,8,CAN,x| 68 0E 10 1D D8 13 22 00 
15:44:02.616,0x122,8,CAN,x| B0 00 00 02 13 00 00 00 
15:44:02.616,0x13F,8,CAN,x| 00 0E 10 00 00 00 00 00 
15:44:02.616,0x7E8,8,CAN,x| 26 FF FF FF FF FF FF FF 
15:44:02.618,0x7E8,8,CAN,x| 27 FF FF FF FF FF FF FF 
15:44:02.620,0x7E8,8,CAN,x| 28 FF FF FF FF FF FF FF 
15:44:02.622,0x7E8,8,CAN,x| 29 FF FF FF FF 01 FF FF 
15:44:02.624,0x7E8,8,CAN,x| 2A FF FF FF FF FF FF FF 
15:44:02.624,0x120,6,CAN,x| 02 43 04 A4 5F 03 
15:44:02.624,0x124,8,CAN,x| 68 0E 10 1D D8 0D 23 00 
15:44:02.626,0x122,8,CAN,x| B0 00 00 03 0D 00 00 00 
15:44:02.626,0x7E8,8,CAN,x| 2B FF FF FF FF FF FF FF 
15:44:02.628,0x7E8,8,CAN,x| 2C FF FF FF FF FF FF FF 
15:44:02.630,0x7E8,8,CAN,x| 2D FF FF FF FF FF FF FF 
15:44:02.632,0x7E8,8,CAN,x| 2E FF 00 00 00 00 00 00 
15:44:02.634,0x124,8,CAN,x| 68 0E 10 1D D8 12 20 00 
15:44:02.636,0x120,6,CAN,x| 02 43 04 A4 60 00 
15:44:02.636,0x122,8,CAN,x| B0 00 00 00 12 00 00 00 
15:44:02.636,0x13F,8,CAN,x| 00 0E 10 00 00 00 00 00 
15:44:02.646,0x124,8,CAN,x| 68 0E 10 1D D8 12 21 00 
15:44:02.646,0x120,6,CAN,x| 02 43 02 A4 60 01 
15:44:02.646,0x122,8,CAN,x| B0 00 00 01 12 00 00 00 
15:44:02.646,0x314,8,CAN,x| 00 00 00 00 00 00 7F 01 
15:44:02.648,0x500,8,CAN,x| 75 03 3F 3F 3F 3F 3F 3F 
15:44:02.648,0x32E,8,CAN,x| 00 00 00 01 64 00 00 00 
15:44:02.654,0x124,8,CAN,x| 68 0E 10 1D D8 11 22 00 
15:44:02.654,0x120,6,CAN,x| 02 43 02 A4 60 02 
15:44:02.656,0x122,8,CAN,x| B0 00 00 02 11 00 00 00 
15:44:02.656,0x13F,8,CAN,x| 00 0E 10 00 00 00 00 00 
15:44:02.662,0x7E0,8,CAN,x| 02 21 00 00 00 00 00 00 
15:44:02.664,0x7E8,8,CAN,x| 10 D2 61 00 FF FF FF FF 
15:44:02.666,0x124,8,CAN,x| 68 0E 10 1D D8 12 23 00 
15:44:02.666,0x120,6,CAN,x| 02 43 02 A4 62 03 
15:44:02.666,0x122,8,CAN,x| B0 00 00 03 12 00 00 00 
15:44:02.668,0x7E0,8,CAN,x| 30 00 00 00 00 00 00 00 
15:44:02.668,0x7E8,8,CAN,x| 21 FF FF FF FF FF FF FF 
15:44:02.670,0x7E8,8,CAN,x| 22 FF FF FF FF 01 FF 80 
15:44:02.672,0x7E8,8,CAN,x| 23 80 FF FF 80 FF 08 66 
15:44:02.674,0x7E8,8,CAN,x| 24 FF FF CE FF FF FF FF 
15:44:02.676,0x124,8,CAN,x| 68 0E 10 1D D8 12 20 00 
15:44:02.676,0x120,6,CAN,x| 02 43 02 A4 62 00 
15:44:02.676,0x122,8,CAN,x| B0 00 00 00 12 00 00 00 
15:44:02.676,0x310,8,CAN,x| 01 3B 00 00 00 00 08 00 
15:44:02.676,0x318,8,CAN,x| 01 41 FF 00 00 00 10 80 
15:44:02.676,0x7E8,8,CAN,x| 25 FF FF 26 0E 10 BF FF 
15:44:02.676,0x13F,8,CAN,x| 00 0E 10 00 00 00 00 00 
15:44:02.678,0x7E8,8,CAN,x| 26 FF 00 15 3C 1A 64 00 
15:44:02.680,0x7E8,8,CAN,x| 27 FF FF 00 80 FF FF FF 
15:44:02.682,0x7E8,8,CAN,x| 28 FF FF FF FF FF FF 2F 
15:44:02.684,0x7E8,8,CAN,x| 29 00 00 00 00 12 36 FF 
15:44:02.684,0x120,6,CAN,x| 02 42 FD A4 61 01 
15:44:02.686,0x124,8,CAN,x| 68 0E 10 1D D8 12 21 00 
15:44:02.686,0x122,8,CAN,x| B0 00 00 01 12 00 00 00 
15:44:02.686,0x7E8,8,CAN,x| 2A FF FF FF FF FF FF FF 
15:44:02.688,0x7E8,8,CAN,x| 2B 5B 5B FF FF FF FF FF 
15:44:02.690,0x7E8,8,CAN,x| 2C FF FF FF FF FF FF FF 
15:44:02.692,0x7E8,8,CAN,x| 2D FF FF FF FF FF FF FF 
15:44:02.694,0x7E8,8,CAN,x| 2E FF FF 2F F2 FF FF FF 
15:44:02.694,0x120,6,CAN,x| 02 42 FD A4 61 02 
15:44:02.694,0x124,8,CAN,x| 68 0E 10 1D D8 12 22 00 
15:44:02.696,0x122,8,CAN,x| B0 00 00 02 12 00 00 00 
15:44:02.696,0x13F,8,CAN,x| 00 0E 10 00 00 00 00 00 
15:44:02.696,0x7E8,8,CAN,x| 2F FF FF FF FF FF FF FF 
15:44:02.698,0x7E8,8,CAN,x| 20 FF FF FF FF FF FF C1 
15:44:02.700,0x7E8,8,CAN,x| 21 FF FF FF FF 8C 53 00 
15:44:02.702,0x7E8,8,CAN,x| 22 00 00 FF 01 FF FF FF 
15:44:02.704,0x7E8,8,CAN,x| 23 FF FF 08 04 FF FF 02 
15:44:02.706,0x124,8,CAN,x| 68 0E 10 1D D8 12 23 00 
15:44:02.706,0x120,6,CAN,x| 02 42 FD A4 62 03 
15:44:02.706,0x122,8,CAN,x| B0 00 00 03 12 00 00 00 
15:44:02.706,0x7E8,8,CAN,x| 24 00 FF FF FF FF FF FF 
15:44:02.708,0x7E8,8,CAN,x| 25 FF FF FF FF FF FF FF 
15:44:02.710,0x7E8,8,CAN,x| 26 FF FF FF FF FF FF FF 
15:44:02.712,0x7E8,8,CAN,x| 27 FF FF FF FF FF FF FF 
15:44:02.714,0x7E8,8,CAN,x| 28 FF FF FF FF FF FF FF 
15:44:02.714,0x120,6,CAN,x| 02 42 FF A4 60 00 
15:44:02.716,0x124,8,CAN,x| 68 0E 10 1D D8 12 20 00 
15:44:02.716,0x122,8,CAN,x| B0 00 00 00 12 00 00 00 
15:44:02.716,0x13F,8,CAN,x| 00 0E 10 00 00 00 00 00 
15:44:02.716,0x7E8,8,CAN,x| 29 FF FF FF FF 01 FF FF 
15:44:02.718,0x7E8,8,CAN,x| 2A FF FF FF FF FF FF FF 
15:44:02.720,0x7E8,8,CAN,x| 2B FF FF FF FF FF FF FF 
15:44:02.722,0x7E8,8,CAN,x| 2C FF FF FF FF FF FF FF 
15:44:02.724,0x7E8,8,CAN,x| 2D FF FF FF FF FF FF FF 
15:44:02.724,0x120,6,CAN,x| 02 42 FF A4 63 01 
15:44:02.724,0x124,8,CAN,x| 68 0E 10 1D D8 09 21 00 
15:44:02.726,0x122,8,CAN,x| B0 00 00 01 09 00 00 00 
15:44:02.726,0x7E8,8,CAN,x| 2E FF 00 00 00 00 00 00 
15:44:02.734,0x124,8,CAN,x| 68 0E 10 1D D8 12 22 00 
15:44:02.736,0x120,6,CAN,x| 02 42 FF A4 63 02 
15:44:02.736,0x122,8,CAN,x| B0 00 00 02 12 00 00 00 
15:44:02.736,0x13F,8,CAN,x| 00 0E 10 00 00 00 00 00 
15:44:02.746,0x124,8,CAN,x| 68 0E 10 1D D8 12 23 00 
15:44:02.746,0x120,6,CAN,x| 02 42 FE A4 65 03 
15:44:02.746,0x122,8,CAN,x| B0 00 00 03 12 00 00 00 
15:44:02.748,0x314,8,CAN,x| 00 00 00 00 00 00 6D 01 
15:44:02.748,0x32E,8,CAN,x| 00 00 00 02 64 00 00 00 
15:44:02.750,0x7E0,8,CAN,x| 02 21 00 00 00 00 00 00 
15:44:02.754,0x7E8,8,CAN,x| 10 D2 61 00 FF FF FF FF 
15:44:02.756,0x124,8,CAN,x| 68 0E 10 1D D8 11 20 00 
15:44:02.756,0x120,6,CAN,x| 02 42 FE A4 60 00 
15:44:02.756,0x122,8,CAN,x| B0 00 00 00 11 00 00 00 
15:44:02.756,0x7E0,8,CAN,x| 30 00 00 00 00 00 00 00 
15:44:02.756,0x7E8,8,CAN,x| 21 FF FF FF FF FF FF FF 
15:44:02.756,0x13F,8,CAN,x| 00 0E 10 00 00 00 00 00 
15:44:02.758,0x7E8,8,CAN,x| 22 FF FF FF FF 01 FF 80 
15:44:02.760,0x7E8,8,CAN,x| 23 80 FF FF 80 FF 08 16 
15:44:02.762,0x7E8,8,CAN,x| 24 FF FF CF FF FF FF FF 
15:44:02.764,0x7E8,8,CAN,x| 25 FF FF 24 0E 10 BF FF 
15:44:02.764,0x120,6,CAN,x| 02 42 FE A4 62 01 
15:44:02.766,0x124,8,CAN,x| 68 0E 10 1D D8 12 21 00 
15:44:02.766,0x122,8,CAN,x| B0 00 00 01 12 00 00 00 
15:44:02.766,0x7E8,8,CAN,x| 26 FF 00 14 3B 1A 64 00 
15:44:02.768,0x7E8,8,CAN,x| 27 FF FF 00 80 FF FF FF 
15:44:02.770,0x7E8,8,CAN,x| 28 FF FF FF FF FF FF 2F 
15:44:02.772,0x7E8,8,CAN,x| 29 00 00 00 00 12 38 FF 
15:44:02.774,0x7E8,8,CAN,x| 2A FF FF FF FF FF FF FF 
15:44:02.776,0x124,8,CAN,x| 68 0E 10 1D D8 13 22 00 
15:44:02.776,0x120,6,CAN,x| 02 42 FE A4 62 02 
15:44:02.776,0x122,8,CAN,x| B0 00 00 02 13 00 00 00 
15:44:02.776,0x310,8,CAN,x| 01 3B 00 00 00 00 08 00 
15:44:02.776,0x318,8,CAN,x| 01 41 FF 00 00 00 10 80 
15:44:02.776,0x13F,8,CAN,x| 00 0E 10 00 00 00 00 00 
15:44:02.776,0x7E8,8,CAN,x| 2B 5B 5B FF FF FF FF FF 
15:44:02.778,0x7E8,8,CAN,x| 2C FF FF FF FF FF FF FF 
15:44:02.780,0x7E8,8,CAN,x| 2D FF FF FF FF FF FF FF 
15:44:02.782,0x7E8,8,CAN,x| 2E FF FF 2F F2 FF FF FF 
15:44:02.784,0x7E8,8,CAN,x| 2F FF FF FF FF FF FF FF 
15:44:02.784,0x120,6,CAN,x| 02 43 02 A4 60 03 
15:44:02.786,0x124,8,CAN,x| 68 0E 10 1D D8 13 23 00 
15:44:02.786,0x122,8,CAN,x| B0 00 00 03 13 00 00 00 
15:44:02.786,0x7E8,8,CAN,x| 20 FF FF FF FF FF FF C1 
15:44:02.788,0x7E8,8,CAN,x| 21 FF FF FF FF 8C 53 00 
15:44:02.790,0x7E8,8,CAN,x| 22 00 00 FF 01 FF FF FF 
15:44:02.792,0x7E8,8,CAN,x| 23 FF FF 08 04 FF FF 02 
15:44:02.794,0x7E8,8,CAN,x| 24 00 FF FF FF FF FF FF 
15:44:02.794,0x120,6,CAN,x| 02 43 02 A4 60 00 
15:44:02.796,0x124,8,CAN,x| 68 0E 10 1D D8 12 20 00 
15:44:02.796,0x122,8,CAN,x| B0 00 00 00 12 00 00 00 
15:44:02.796,0x13F,8,CAN,x| 00 0E 10 00 00 00 00 00 
15:44:02.796,0x7E8,8,CAN,x| 25 FF FF FF FF FF FF FF 
15:44:02.798,0x7E8,8,CAN,x| 26 FF FF FF FF FF FF FF 
15:44:02.800,0x7E8,8,CAN,x| 27 FF FF FF FF FF FF FF 
15:44:02.802,0x7E8,8,CAN,x| 28 FF FF FF FF FF FF FF 
15:44:02.804,0x7E8,8,CAN,x| 29 FF FF FF FF 01 FF FF 
15:44:02.806,0x124,8,CAN,x| 68 0E 10 1D D8 13 21 00 
15:44:02.806,0x120,6,CAN,x| 02 43 02 A4 60 01 
15:44:02.806,0x122,8,CAN,x| B0 00 00 01 13 00 00 00 
15:44:02.806,0x7E8,8,CAN,x| 2A FF FF FF FF FF FF FF 
15:44:02.808,0x7E8,8,CAN,x| 2B FF FF FF FF FF FF FF 
15:44:02.810,0x7E8,8,CAN,x| 2C FF FF FF FF FF FF FF 
15:44:02.812,0x7E8,8,CAN,x| 2D FF FF FF FF FF FF FF 
15:44:02.814,0x7E8,8,CAN,x| 2E FF 00 00 00 00 00 00 
15:44:02.814,0x120,6,CAN,x| 02 43 03 A4 5F 02 
15:44:02.816,0x124,8,CAN,x| 68 0E 10 1D D8 13 22 00 
15:44:02.816,0x122,8,CAN,x| B0 00 00 02 13 00 00 00 
15:44:02.816,0x13F,8,CAN,x| 00 0E 10 00 00 00 00 00 
15:44:02.824,0x124,8,CAN,x| 68 0E 10 1D D8 0D 23 00 
15:44:02.824,0x120,6,CAN,x| 02 43 03 A4 5E 03 
15:44:02.826,0x122,8,CAN,x| B0 00 00 03 0D 00 00 00 
15:44:02.836,0x124,8,CAN,x| 68 0E 10 1D D8 13 20 00 
15:44:02.836,0x120,6,CAN,x| 02 43 03 A4 5E 00 
15:44:02.836,0x122,8,CAN,x| B0 00 00 00 13 00 00 00 
15:44:02.838,0x13F,8,CAN,x| 00 0E 10 00 00 00 00 00 
15:44:02.846,0x124,8,CAN,x| 68 0E 10 1D D8 13 21 00 
15:44:02.846,0x120,6,CAN,x| 02 43 08 A4 5D 01 
15:44:02.846,0x122,8,CAN,x| B0 00 00 01 13 00 00 00 
15:44:02.848,0x314,8,CAN,x| 00 00 00 00 00 00 85 01 
15:44:02.848,0x500,8,CAN,x| 75 01 00 3F 3F 3F 3F 3F 
15:44:02.848,0x32E,8,CAN,x| 00 00 00 03 64 00 00 00 
15:44:02.854,0x124,8,CAN,x| 68 0E 10 1D D8 12 22 00 
15:44:02.854,0x120,6,CAN,x| 02 43 08 A4 5F 02 
15:44:02.856,0x122,8,CAN,x| B0 00 00 02 12 00 00 00 
15:44:02.856,0x13F,8,CAN,x| 00 0E 10 00 00 00 00 00 
15:44:02.864,0x124,8,CAN,x| 68 0E 10 1D D8 13 23 00 
15:44:02.864,0x120,6,CAN,x| 02 43 08 A4 5F 03 
15:44:02.866,0x122,8,CAN,x| B0 00 00 03 13 00 00 00 
15:44:02.876,0x124,8,CAN,x| 68 0E 10 1D D8 13 20 00 
15:44:02.876,0x120,6,CAN,x| 02 43 08 A4 5F 00 
15:44:02.876,0x122,8,CAN,x| B0 00 00 00 13 00 00 00 
15:44:02.876,0x310,8,CAN,x| 01 3B 00 00 00 00 08 00 
15:44:02.876,0x318,8,CAN,x| 01 41 FF 00 00 00 10 80 
15:44:02.876,0x13F,8,CAN,x| 00 0E 10 00 00 00 00 00 
15:44:02.884,0x124,8,CAN,x| 68 0E 10 1D D8 13 21 00 
15:44:02.884,0x120,6,CAN,x| 02 43 07 A4 5E 01 
15:44:02.886,0x122,8,CAN,x| B0 00 00 01 13 00 00 00 
15:44:02.894,0x124,8,CAN,x| 68 0E 10 1D D8 13 22 00 
15:44:02.894,0x120,6,CAN,x| 02 43 07 A4 5E 02 
15:44:02.896,0x122,8,CAN,x| B0 00 00 02 13 00 00 00 
15:44:02.896,0x13F,8,CAN,x| 00 0E 10 00 00 00 00 00 
15:44:02.906,0x124,8,CAN,x| 68 0E 10 1D D8 13 23 00 
15:44:02.906,0x120,6,CAN,x| 02 43 07 A4 5D 03 
15:44:02.906,0x122,8,CAN,x| B0 00 00 03 13 00 00 00 
15:44:02.914,0x124,8,CAN,x| 68 0E 10 1D D8 13 20 00 
15:44:02.916,0x120,6,CAN,x| 02 43 0B A4 5F 00 
15:44:02.916,0x122,8,CAN,x| B0 00 00 00 13 00 00 00 
15:44:02.916,0x13F,8,CAN,x| 00 0E 10 00 00 00 00 00 
15:44:02.924,0x124,8,CAN,x| 68 0E 10 1D D8 09 21 00 
15:44:02.924,0x120,6,CAN,x| 02 43 0B A4 5E 01 
15:44:02.926,0x122,8,CAN,x| B0 00 00 01 09 00 00 00 
15:44:02.936,0x124,8,CAN,x| 68 0E 10 1D D8 14 22 00 
15:44:02.936,0x120,6,CAN,x| 02 43 0B A4 5E 02 
15:44:02.936,0x122,8,CAN,x| B0 00 00 02 14 00 00 00 
15:44:02.936,0x13F,8,CAN,x| 00 0E 10 00 00 00 00 00 
15:44:02.946,0x124,8,CAN,x| 68 0E 10 1D D8 14 23 00 
15:44:02.946,0x120,6,CAN,x| 02 43 09 A4 5E 03 
15:44:02.946,0x122,8,CAN,x| B0 00 00 03 14 00 00 00 
15:44:02.948,0x314,8,CAN,x| 00 00 00 00 00 00 93 01 
15:44:02.948,0x32E,8,CAN,x| 00 00 00 00 64 00 00 00 
15:44:02.954,0x124,8,CAN,x| 68 0E 10 1D D8 14 20 00 
15:44:02.954,0x120,6,CAN,x| 02 43 09 A4 5E 00 
15:44:02.956,0x122,8,CAN,x| B0 00 00 00 14 00 00 00 
15:44:02.956,0x13F,8,CAN,x| 00 0E 10 00 00 00 00 00 
15:44:02.964,0x124,8,CAN,x| 68 0E 10 1D D8 14 21 00 
15:44:02.966,0x120,6,CAN,x| 02 43 09 A4 5D 01 
15:44:02.966,0x122,8,CAN,x| B0 00 00 01 14 00 00 00 
15:44:02.976,0x124,8,CAN,x| 68 0E 10 1D D8 14 22 00 
15:44:02.976,0x120,6,CAN,x| 02 43 09 A4 5C 02 
15:44:02.976,0x122,8,CAN,x| B0 00 00 02 14 00 00 00 
15:44:02.976,0x310,8,CAN,x| 01 3B 00 00 00 00 08 00 
15:44:02.976,0x318,8,CAN,x| 01 41 FF 00 00 00 10 80 
15:44:02.976,0x13F,8,CAN,x| 00 0E 10 00 00 00 00 00 
15:44:02.984,0x124,8,CAN,x| 68 0E 10 1D D8 14 23 00 
15:44:02.986,0x120,6,CAN,x| 02 43 0C A4 60 03 
15:44:02.986,0x122,8,CAN,x| B0 00 00 03 14 00 00 00 
15:44:02.994,0x124,8,CAN,x| 68 0E 10 1D D8 13 20 00 
15:44:02.996,0x120,6,CAN,x| 02 43 0C A4 60 00 
15:44:02.996,0x122,8,CAN,x| B0 00 00 00 13 00 00 00 
15:44:02.996,0x13F,8,CAN,x| 00 0E 10 00 00 00 00 00 
15:44:03.006,0x124,8,CAN,x| 68 0E 10 1D D8 14 21 00 
15:44:03.006,0x120,6,CAN,x| 02 43 0C A4 60 01 
15:44:03.006,0x122,8,CAN,x| B0 00 00 01 14 00 00 00 
15:44:03.014,0x124,8,CAN,x| 68 0E 10 1D D8 14 22 00 
15:44:03.016,0x120,6,CAN,x| 02 43 0B A4 5E 02 
15:44:03.016,0x122,8,CAN,x| B0 00 00 02 14 00 00 00 
15:44:03.016,0x13F,8,CAN,x| 00 0E 10 00 00 00 00 00 
15:44:03.024,0x124,8,CAN,x| 68 0E 10 1D D8 0E 23 00 
15:44:03.026,0x120,6,CAN,x| 02 43 0B A4 5D 03 
15:44:03.026,0x122,8,CAN,x| B0 00 00 03 0E 00 00 00 
15:44:03.036,0x124,8,CAN,x| 68 0E 10 1D D8 14 20 00 
15:44:03.036,0x120,6,CAN,x| 02 43 0B A4 5C 00 
15:44:03.036,0x122,8,CAN,x| B0 00 00 00 14 00 00 00 
15:44:03.038,0x13F,8,CAN,x| 00 0E 10 00 00 00 00 00 
15:44:03.046,0x124,8,CAN,x| 68 0E 10 1D D8 14 21 00 
15:44:03.046,0x120,6,CAN,x| 02 43 0D A4 5B 01 
15:44:03.046,0x122,8,CAN,x| B0 00 00 01 14 00 00 00 
15:44:03.048,0x314,8,CAN,x| 00 00 00 00 00 00 97 01 
15:44:03.048,0x500,8,CAN,x| 75 02 3F 3F 3F 3F 3F 3F 
15:44:03.048,0x32E,8,CAN,x| 00 00 00 01 64 00 00 00 
15:44:03.054,0x124,8,CAN,x| 68 0E 10 1D D8 13 22 00 
15:44:03.056,0x120,6,CAN,x| 02 43 0D A4 5F 02 
15:44:03.056,0x122,8,CAN,x| B0 00 00 02 13 00 00 00 
15:44:03.056,0x13F,8,CAN,x| 00 0E 10 00 00 00 00 00 
15:44:03.064,0x124,8,CAN,x| 68 0E 10 1D D8 13 23 00 
15:44:03.066,0x120,6,CAN,x| 02 43 0D A4 60 03 
15:44:03.066,0x122,8,CAN,x| B0 00 00 03 13 00 00 00 
15:44:03.076,0x124,8,CAN,x| 68 0E 10 1D D8 13 20 00 
15:44:03.076,0x120,6,CAN,x| 02 43 0D A4 60 00 
15:44:03.076,0x122,8,CAN,x| B0 00 00 00 13 00 00 00 
15:44:03.076,0x310,8,CAN,x| 01 3B 00 00 00 00 08 00 
15:44:03.076,0x318,8,CAN,x| 01 41 FF 00 00 00 10 80 
15:44:03.076,0x13F,8,CAN,x| 00 0E 10 00 00 00 00 00 
15:44:03.086,0x124,8,CAN,x| 68 0E 10 1D D8 13 21 00 
15:44:03.086,0x120,6,CAN,x| 02 43 0A A4 5F 01 
15:44:03.086,0x122,8,CAN,x| B0 00 00 01 13 00 00 00 
15:44:03.094,0x124,8,CAN,x| 68 0E 10 1D D8 13 22 00 
15:44:03.096,0x120,6,CAN,x| 02 43 0A A4 5F 02 
15:44:03.096,0x122,8,CAN,x| B0 00 00 02 13 00 00 00 
15:44:03.096,0x13F,8,CAN,x| 00 0E 10 00 00 00 00 00 
15:44:03.106,0x124,8,CAN,x| 68 0E 10 1D D8 13 23 00 
15:44:03.106,0x120,6,CAN,x| 02 43 0A A4 5F 03 
15:44:03.106,0x122,8,CAN,x| B0 00 00 03 13 00 00 00 
15:44:03.114,0x124,8,CAN,x| 68 0E 10 1D D8 13 20 00 
15:44:03.116,0x120,6,CAN,x| 02 43 0A A4 60 00 
15:44:03.116,0x122,8,CAN,x| B0 00 00 00 13 00 00 00 
15:44:03.116,0x13F,8,CAN,x| 00 0E 10 00 00 00 00 00 
15:44:03.124,0x124,8,CAN,x| 68 0E 10 1D D8 08 21 00 
15:44:03.126,0x120,6,CAN,x| 02 43 0A A4 60 01 
15:44:03.126,0x122,8,CAN,x| B0 00 00 01 08 00 00 00 
15:44:03.136,0x124,8,CAN,x| 68 0E 10 1D D8 13 22 00 
15:44:03.136,0x120,6,CAN,x| 02 43 0A A4 60 02 
15:44:03.136,0x122,8,CAN,x| B0 00 00 02 13 00 00 00 
15:44:03.136,0x13F,8,CAN,x| 00 0E 10 00 00 00 00 00 
15:44:03.146,0x124,8,CAN,x| 68 0E 10 1D D8 13 23 00 
15:44:03.146,0x120,6,CAN,x| 02 43 05 A4 60 03 
15:44:03.146,0x122,8,CAN,x| B0 00 00 03 13 00 00 00 
15:44:03.148,0x314,8,CAN,x| 00 00 00 00 00 00 87 01 
15:44:03.148,0x32E,8,CAN,x| 00 00 00 02 64 00 00 00 
15:44:03.154,0x124,8,CAN,x| 68 0E 10 1D D8 12 20 00 
15:44:03.156,0x120,6,CAN,x| 02 43 04 A4 60 00 
15:44:03.156,0x122,8,CAN,x| B0 00 00 00 12 00 00 00 
15:44:03.156,0x13F,8,CAN,x| 00 0E 10 00 00 00 00 00 
15:44:03.164,0x124,8,CAN,x| 68 0E 10 1D D8 13 21 00 
15:44:03.166,0x120,6,CAN,x| 02 43 04 A4 60 01 
15:44:03.166,0x122,8,CAN,x| B0 00 00 01 13 00 00 00 
15:44:03.176,0x124,8,CAN,x| 68 0E 10 1D D8 12 22 00 
15:44:03.176,0x120,6,CAN,x| 02 43 04 A4 60 02 
15:44:03.176,0x122,8,CAN,x| B0 00 00 02 12 00 00 00 
15:44:03.176,0x310,8,CAN,x| 01 3B 00 00 00 00 08 00 
15:44:03.176,0x318,8,CAN,x| 01 41 FF 00 00 00 10 80 
15:44:03.176,0x13F,8,CAN,x| 00 0E 10 00 00 00 00 00 
15:44:03.184,0x124,8,CAN,x| 68 0E 10 1D D8 12 23 00 
15:44:03.186,0x120,6,CAN,x| 02 43 03 A4 60 03 
15:44:03.186,0x122,8,CAN,x| B0 00 00 03 12 00 00 00 
15:44:03.194,0x124,8,CAN,x| 68 0E 10 1D D8 12 20 00 
15:44:03.196,0x120,6,CAN,x| 02 43 03 A4 62 00 
15:44:03.196,0x122,8,CAN,x| B0 00 00 00 12 00 00 00 
15:44:03.196,0x13F,8,CAN,x| 00 0E 10 00 00 00 00 00 
15:44:03.206,0x124,8,CAN,x| 68 0E 10 1D D8 12 21 00 
15:44:03.206,0x120,6,CAN,x| 02 43 03 A4 62 01 
15:44:03.206,0x122,8,CAN,x| B0 00 00 01 12 00 00 00 
15:44:03.214,0x124,8,CAN,x| 68 0E 10 1D D8 12 22 00 
15:44:03.216,0x120,6,CAN,x| 02 42 FD A4 60 02 
15:44:03.216,0x122,8,CAN,x| B0 00 00 02 12 00 00 00 
15:44:03.216,0x13F,8,CAN,x| 00 0E 10 00 00 00 00 00 
15:44:03.224,0x124,8,CAN,x| 68 0E 10 1D D8 0C 23 00 
15:44:03.226,0x120,6,CAN,x| 02 42 FD A4 60 03 
15:44:03.226,0x122,8,CAN,x| B0 00 00 03 0C 00 00 00 
15:44:03.236,0x124,8,CAN,x| 68 0E 10 1D D8 12 20 00 
15:44:03.236,0x120,6,CAN,x| 02 42 FD A4 62 00 
15:44:03.236,0x122,8,CAN,x| B0 00 00 00 12 00 00 00 
15:44:03.238,0x13F,8,CAN,x| 00 0E 10 00 00 00 00 00 
15:44:03.246,0x124,8,CAN,x| 68 0E 10 1D D8 12 21 00 
15:44:03.246,0x120,6,CAN,x| 02 42 FE A4 62 01 
15:44:03.246,0x122,8,CAN,x| B0 00 00 01 12 00 00 00 
15:44:03.248,0x314,8,CAN,x| 00 00 00 00 00 00 6F 01 
15:44:03.248,0x500,8,CAN,x| 75 03 3F 3F 3F 3F 3F 3F 
15:44:03.248,0x32E,8,CAN,x| 00 00 00 03 64 00 00 00 
15:44:03.254,0x124,8,CAN,x| 68 0E 10 1D D8 12 22 00 
15:44:03.256,0x120,6,CAN,x| 02 42 FE A4 62 02 
15:44:03.256,0x122,8,CAN,x| B0 00 00 02 12 00 00 00 
15:44:03.256,0x13F,8,CAN,x| 00 0E 10 00 00 00 00 00 
15:44:03.266,0x124,8,CAN,x| 68 0E 10 1D D8 12 23 00 
15:44:03.266,0x120,6,CAN,x| 02 42 FE A4 62 03 
15:44:03.266,0x122,8,CAN,x| B0 00 00 03 12 00 00 00 
15:44:03.276,0x124,8,CAN,x| 68 0E 10 1D D8 12 20 00 
15:44:03.276,0x120,6,CAN,x| 02 42 FE A4 64 00 
15:44:03.276,0x122,8,CAN,x| B0 00 00 00 12 00 00 00 
15:44:03.276,0x310,8,CAN,x| 01 3B 00 00 00 00 08 00 
15:44:03.276,0x318,8,CAN,x| 01 41 FF 00 00 00 10 80 
15:44:03.276,0x13F,8,CAN,x| 00 0E 10 00 00 00 00 00 
15:44:03.286,0x124,8,CAN,x| 68 0E 10 1D D8 12 21 00 
15:44:03.286,0x120,6,CAN,x| 02 42 FE A4 60 01 
15:44:03.286,0x122,8,CAN,x| B0 00 00 01 12 00 00 00 
15:44:03.296,0x124,8,CAN,x| 68 0E 10 1D D8 12 22 00 
15:44:03.296,0x120,6,CAN,x| 02 42 FE A4 60 02 
15:44:03.296,0x122,8,CAN,x| B0 00 00 02 12 00 00 00 
15:44:03.296,0x13F,8,CAN,x| 00 0E 10 00 00 00 00 00 
15:44:03.306,0x124,8,CAN,x| 68 0E 10 1D D8 12 23 00 
15:44:03.306,0x120,6,CAN,x| 02 42 FE A4 60 03 
15:44:03.306,0x122,8,CAN,x| B0 00 00 03 12 00 00 00 
15:44:03.316,0x124,8,CAN,x| 68 0E 10 1D D8 13 20 00 
15:44:03.316,0x120,6,CAN,x| 02 43 02 A4 60 00 
15:44:03.316,0x122,8,CAN,x| B0 00 00 00 13 00 00 00 
15:44:03.316,0x13F,8,CAN,x| 00 0E 10 00 00 00 00 00 
15:44:03.326,0x124,8,CAN,x| 68 0E 10 1D D8 09 21 00 
15:44:03.326,0x120,6,CAN,x| 02 43 02 A4 60 01 
15:44:03.326,0x122,8,CAN,x| B0 00 00 01 09 00 00 00 
15:44:03.336,0x124,8,CAN,x| 68 0E 10 1D D8 13 22 00 
15:44:03.336,0x120,6,CAN,x| 02 43 02 A4 62 02 
15:44:03.336,0x122,8,CAN,x| B0 00 00 02 13 00 00 00 
15:44:03.336,0x13F,8,CAN,x| 00 0E 10 00 00 00 00 00 
15:44:03.346,0x124,8,CAN,x| 68 0E 10 1D D8 13 23 00 
15:44:03.346,0x120,6,CAN,x| 02 43 02 A4 62 03 
15:44:03.346,0x122,8,CAN,x| B0 00 00 03 13 00 00 00 
15:44:03.348,0x314,8,CAN,x| 00 00 00 00 00 00 79 01 
15:44:03.348,0x32E,8,CAN,x| 00 00 00 00 64 00 00 00 
15:44:03.356,0x124,8,CAN,x| 68 0E 10 1D D8 13 20 00 
15:44:03.356,0x120,6,CAN,x| 02 43 02 A4 5F 00 
15:44:03.356,0x122,8,CAN,x| B0 00 00 00 13 00 00 00 
15:44:03.356,0x13F,8,CAN,x| 00 0E 10 00 00 00 00 00 
15:44:03.366,0x124,8,CAN,x| 68 0E 10 1D D8 13 21 00 
15:44:03.366,0x120,6,CAN,x| 02 43 02 A4 5E 01 
15:44:03.366,0x122,8,CAN,x| B0 00 00 01 13 00 00 00 
15:44:03.376,0x124,8,CAN,x| 68 0E 10 1D D8 13 22 00 
15:44:03.376,0x120,6,CAN,x| 02 43 02 A4 5D 02 
15:44:03.376,0x122,8,CAN,x| B0 00 00 02 13 00 00 00 
15:44:03.376,0x310,8,CAN,x| 01 3B 00 00 00 00 08 00 
15:44:03.376,0x318,8,CAN,x| 01 41 FF 00 00 00 10 80 
15:44:03.376,0x13F,8,CAN,x| 00 0E 10 00 00 00 00 00 
15:44:03.386,0x124,8,CAN,x| 68 0E 10 1D D8 13 23 00 
15:44:03.386,0x120,6,CAN,x| 02 43 08 A4 60 03 
15:44:03.396,0x122,8,CAN,x| B0 00 00 03 13 00 00 00 
15:44:03.396,0x124,8,CAN,x| 68 0E 10 1D D8 13 20 00 
15:44:03.396,0x120,6,CAN,x| 02 43 08 A4 60 00 
15:44:03.396,0x122,8,CAN,x| B0 00 00 00 13 00 00 00 
15:44:03.396,0x13F,8,CAN,x| 00 0E 10 00 00 00 00 00 
15:44:03.406,0x124,8,CAN,x| 68 0E 10 1D D8 13 21 00 
15:44:03.406,0x120,6,CAN,x| 02 43 08 A4 5F 01 
15:44:03.406,0x122,8,CAN,x| B0 00 00 01 13 00 00 00 
15:44:03.416,0x124,8,CAN,x| 68 0E 10 1D D8 13 22 00 
15:44:03.416,0x120,6,CAN,x| 02 43 07 A4 5E 02 
15:44:03.416,0x122,8,CAN,x| B0 00 00 02 13 00 00 00 
15:44:03.416,0x13F,8,CAN,x| 00 0E 10 00 00 00 00 00 
15:44:03.426,0x124,8,CAN,x| 68 0E 10 1D D8 0E 23 00 
15:44:03.426,0x120,6,CAN,x| 02 43 07 A4 5E 03 
15:44:03.426,0x122,8,CAN,x| B0 00 00 03 0E 00 00 00 
15:44:03.436,0x124,8,CAN,x| 68 0E 10 1D D8 13 20 00 
15:44:03.436,0x120,6,CAN,x| 02 43 07 A4 5D 00 
15:44:03.436,0x122,8,CAN,x| B0 00 00 00 13 00 00 00 
15:44:03.437,0x13F,8,CAN,x| 00 0E 10 00 00 00 00 00 
15:44:03.445,0x124,8,CAN,x| 68 0E 10 1D D8 13 21 00 
15:44:03.445,0x120,6,CAN,x| 02 43 0A A4 5C 01 
15:44:03.445,0x122,8,CAN,x| B0 00 00 01 13 00 00 00 
15:44:03.447,0x314,8,CAN,x| 00 00 00 00 00 00 93 01 
15:44:03.447,0x500,8,CAN,x| 75 01 00 3F 3F 3F 3F 3F 
15:44:03.447,0x32E,8,CAN,x| 00 00 00 01 64 00 00 00 
15:44:03.456,0x124,8,CAN,x| 68 0E 10 1D D8 12 22 00 
15:44:03.456,0x120,6,CAN,x| 02 43 0A A4 5E 02 
15:44:03.456,0x122,8,CAN,x| B0 00 00 02 12 00 00 00 
15:44:03.456,0x13F,8,CAN,x| 00 0E 10 00 00 00 00 00 
15:44:03.465,0x124,8,CAN,x| 68 0E 10 1D D8 14 23 00 
15:44:03.465,0x120,6,CAN,x| 02 43 0A A4 5E 03 
15:44:03.465,0x122,8,CAN,x| B0 00 00 03 14 00 00 00 
15:44:03.475,0x124,8,CAN,x| 68 0E 10 1D D8 14 20 00 
15:44:03.475,0x120,6,CAN,x| 02 43 0A A4 5E 00 
15:44:03.475,0x122,8,CAN,x| B0 00 00 00 14 00 00 00 
15:44:03.475,0x310,8,CAN,x| 01 3B 00 00 00 00 08 00 
15:44:03.475,0x318,8,CAN,x| 01 41 FF 00 00 00 10 80 
15:44:03.477,0x13F,8,CAN,x| 00 0E 10 00 00 00 00 00 
15:44:03.485,0x124,8,CAN,x| 68 0E 10 1D D8 14 21 00 
15:44:03.485,0x120,6,CAN,x| 02 43 0A A4 5E 01 
15:44:03.485,0x122,8,CAN,x| B0 00 00 01 14 00 00 00 
15:44:03.495,0x124,8,CAN,x| 68 0E 10 1D D8 13 22 00 
15:44:03.495,0x120,6,CAN,x| 02 43 0A A4 5D 02 
15:44:03.495,0x122,8,CAN,x| B0 00 00 02 13 00 00 00 
15:44:03.495,0x13F,8,CAN,x| 00 0E 10 00 00 00 00 00 
15:44:03.505,0x124,8,CAN,x| 68 0E 10 1D D8 14 23 00 
15:44:03.505,0x120,6,CAN,x| 02 43 0A A4 5C 03 
15:44:03.505,0x122,8,CAN,x| B0 00 00 03 14 00 00 00 
15:44:03.515,0x124,8,CAN,x| 68 0E 10 1D D8 14 20 00 
15:44:03.515,0x120,6,CAN,x| 02 43 0D A4 60 00 
15:44:03.515,0x122,8,CAN,x| B0 00 00 00 14 00 00 00 
15:44:03.515,0x13F,8,CAN,x| 00 0E 10 00 00 00 00 00 
15:44:03.525,0x124,8,CAN,x| 68 0E 10 1D D8 09 21 00 
15:44:03.525,0x120,6,CAN,x| 02 43 0D A4 60 01 
15:44:03.525,0x122,8,CAN,x| B0 00 00 01 09 00 00 00 
15:44:03.535,0x124,8,CAN,x| 68 0E 10 1D D8 14 22 00 
15:44:03.535,0x120,6,CAN,x| 02 43 0D A4 60 02 
15:44:03.535,0x122,8,CAN,x| B0 00 00 02 14 00 00 00 
15:44:03.537,0x13F,8,CAN,x| 00 0E 10 00 00 00 00 00 
15:44:03.545,0x124,8,CAN,x| 68 0E 10 1D D8 14 23 00 
15:44:03.545,0x120,6,CAN,x| 02 43 0B A4 60 03 
15:44:03.545,0x122,8,CAN,x| B0 00 00 03 14 00 00 00 
15:44:03.547,0x314,8,CAN,x| 00 00 00 00 00 00 95 01 
15:44:03.547,0x32E,8,CAN,x| 00 00 00 02 64 00 00 00 
15:44:03.555,0x124,8,CAN,x| 68 0E 10 1D D8 13 20 00 
15:44:03.555,0x120,6,CAN,x| 02 43 0B A4 5E 00 
15:44:03.555,0x122,8,CAN,x| B0 00 00 00 13 00 00 00 
15:44:03.555,0x13F,8,CAN,x| 00 0E 10 00 00 00 00 00 
15:44:03.565,0x124,8,CAN,x| 68 0E 10 1D D8 14 21 00 
15:44:03.565,0x120,6,CAN,x| 02 43 0B A4 5E 01 
15:44:03.565,0x122,8,CAN,x| B0 00 00 01 14 00 00 00 
15:44:03.575,0x124,8,CAN,x| 68 0E 10 1D D8 14 22 00 
15:44:03.575,0x120,6,CAN,x| 02 43 0B A4 5D 02 
15:44:03.575,0x122,8,CAN,x| B0 00 00 02 14 00 00 00 
15:44:03.575,0x310,8,CAN,x| 01 3B 00 00 00 00 08 00 
15:44:03.575,0x318,8,CAN,x| 01 41 FF 00 00 00 10 80 
15:44:03.575,0x13F,8,CAN,x| 00 0E 10 00 00 00 00 00 
15:44:03.585,0x124,8,CAN,x| 68 0E 10 1D D8 14 23 00 
15:44:03.585,0x120,6,CAN,x| 02 43 0D A4 60 03 
15:44:03.585,0x122,8,CAN,x| B0 00 00 03 14 00 00 00 
15:44:03.595,0x124,8,CAN,x| 68 0E 10 1D D8 13 20 00 
15:44:03.595,0x120,6,CAN,x| 02 43 0D A4 60 00 
15:44:03.595,0x122,8,CAN,x| B0 00 00 00 13 00 00 00 
15:44:03.595,0x13F,8,CAN,x| 00 0E 10 00 00 00 00 00 
15:44:03.605,0x124,8,CAN,x| 68 0E 10 1D D8 13 21 00 
15:44:03.605,0x120,6,CAN,x| 02 43 0D A4 60 01 
15:44:03.605,0x122,8,CAN,x| B0 00 00 01 13 00 00 00 
15:44:03.615,0x124,8,CAN,x| 68 0E 10 1D D8 13 22 00 
15:44:03.615,0x120,6,CAN,x| 02 43 09 A4 5F 02 
15:44:03.615,0x122,8,CAN,x| B0 00 00 02 13 00 00 00 
15:44:03.615,0x13F,8,CAN,x| 00 0E 10 00 00 00 00 00 
15:44:03.625,0x124,8,CAN,x| 68 0E 10 1D D8 0E 23 00 
15:44:03.625,0x120,6,CAN,x| 02 43 09 A4 5E 03 
15:44:03.625,0x122,8,CAN,x| B0 00 00 03 0E 00 00 00 
15:44:03.635,0x124,8,CAN,x| 68 0E 10 1D D8 13 20 00 
15:44:03.635,0x120,6,CAN,x| 02 43 09 A4 5D 00 
15:44:03.635,0x122,8,CAN,x| B0 00 00 00 13 00 00 00 
15:44:03.637,0x13F,8,CAN,x| 00 0E 10 00 00 00 00 00 
15:44:03.645,0x124,8,CAN,x| 68 0E 10 1D D8 13 21 00 
15:44:03.645,0x120,6,CAN,x| 02 43 0A A4 5D 01 
15:44:03.645,0x122,8,CAN,x| B0 00 00 01 13 00 00 00 
15:44:03.647,0x314,8,CAN,x| 00 00 00 00 00 00 91 01 
15:44:03.647,0x500,8,CAN,x| 75 02 3F 3F 3F 3F 3F 3F 
15:44:03.647,0x32E,8,CAN,x| 00 00 00 03 64 00 00 00 
15:44:03.655,0x124,8,CAN,x| 68 0E 10 1D D8 12 22 00 
15:44:03.655,0x120,6,CAN,x| 02 43 0A A4 5F 02 
15:44:03.655,0x122,8,CAN,x| B0 00 00 02 12 00 00 00 
15:44:03.655,0x13F,8,CAN,x| 00 0E 10 00 00 00 00 00 
15:44:03.665,0x124,8,CAN,x| 68 0E 10 1D D8 13 23 00 
15:44:03.665,0x120,6,CAN,x| 02 43 0A A4 60 03 
15:44:03.665,0x122,8,CAN,x| B0 00 00 03 13 00 00 00 
15:44:03.675,0x124,8,CAN,x| 68 0E 10 1D D8 13 20 00 
15:44:03.675,0x120,6,CAN,x| 02 43 0A A4 60 00 
15:44:03.675,0x122,8,CAN,x| B0 00 00 00 13 00 00 00 
15:44:03.675,0x310,8,CAN,x| 01 3B 00 00 00 00 08 00 
15:44:03.675,0x318,8,CAN,x| 01 41 FF 00 00 00 10 80 
15:44:03.677,0x13F,8,CAN,x| 00 0E 10 00 00 00 00 00 
15:44:03.685,0x124,8,CAN,x| 68 0E 10 1D D8 13 21 00 
15:44:03.685,0x120,6,CAN,x| 02 43 05 A4 60 01 
15:44:03.685,0x122,8,CAN,x| B0 00 00 01 13 00 00 00 
15:44:03.695,0x124,8,CAN,x| 68 0E 10 1D D8 12 22 00 
15:44:03.695,0x120,6,CAN,x| 02 43 05 A4 60 02 
15:44:03.695,0x122,8,CAN,x| B0 00 00 02 12 00 00 00 
15:44:03.695,0x13F,8,CAN,x| 00 0E 10 00 00 00 00 00 
15:44:03.705,0x124,8,CAN,x| 68 0E 10 1D D8 12 23 00 
15:44:03.705,0x120,6,CAN,x| 02 43 05 A4 60 03 
15:44:03.705,0x122,8,CAN,x| B0 00 00 03 12 00 00 00 
15:44:03.715,0x124,8,CAN,x| 68 0E 10 1D D8 12 20 00 
15:44:03.715,0x120,6,CAN,x| 02 43 04 A4 60 00 
15:44:03.715,0x122,8,CAN,x| B0 00 00 00 12 00 00 00 
15:44:03.715,0x13F,8,CAN,x| 00 0E 10 00 00 00 00 00 
15:44:03.725,0x124,8,CAN,x| 68 0E 10 1D D8 08 21 00 
15:44:03.725,0x120,6,CAN,x| 02 43 04 A4 62 01 
15:44:03.725,0x122,8,CAN,x| B0 00 00 01 08 00 00 00 
15:44:03.735,0x124,8,CAN,x| 68 0E 10 1D D8 12 22 00 
15:44:03.735,0x120,6,CAN,x| 02 43 04 A4 62 02 
15:44:03.735,0x122,8,CAN,x| B0 00 00 02 12 00 00 00 
15:44:03.737,0x13F,8,CAN,x| 00 0E 10 00 00 00 00 00 
15:44:03.745,0x124,8,CAN,x| 68 0E 10 1D D8 12 23 00 
15:44:03.745,0x120,6,CAN,x| 02 42 FD A4 64 03 
15:44:03.745,0x122,8,CAN,x| B0 00 00 03 12 00 00 00 
15:44:03.747,0x314,8,CAN,x| 00 00 00 00 00 00 73 01 
15:44:03.747,0x32E,8,CAN,x| 00 00 00 00 64 00 00 00 
15:44:03.755,0x124,8,CAN,x| 68 0E 10 1D D8 12 20 00 
15:44:03.755,0x120,6,CAN,x| 02 42 FD A4 60 00 
15:44:03.755,0x122,8,CAN,x| B0 00 00 00 12 00 00 00 
15:44:03.755,0x13F,8,CAN,x| 00 0E 10 00 00 00 00 00 
15:44:03.765,0x124,8,CAN,x| 68 0E 10 1D D8 12 21 00 
15:44:03.765,0x120,6,CAN,x| 02 42 FD A4 62 01 
15:44:03.765,0x122,8,CAN,x| B0 00 00 01 12 00 00 00 
15:44:03.775,0x124,8,CAN,x| 68 0E 10 1D D8 12 22 00 
15:44:03.775,0x120,6,CAN,x| 02 42 FD A4 62 02 
15:44:03.775,0x122,8,CAN,x| B0 00 00 02 12 00 00 00 
15:44:03.775,0x310,8,CAN,x| 01 3B 00 00 00 00 08 00 
15:44:03.775,0x318,8,CAN,x| 01 41 FF 00 00 00 10 80 
15:44:03.777,0x13F,8,CAN,x| 00 0E 10 00 00 00 00 00 
15:44:03.785,0x124,8,CAN,x| 68 0E 10 1D D8 12 23 00 
15:44:03.785,0x120,6,CAN,x| 02 42 FE A4 61 03 
15:44:03.785,0x122,8,CAN,x| B0 00 00 03 12 00 00 00 
15:44:03.795,0x124,8,CAN,x| 68 0E 10 1D D8 11 20 00 
15:44:03.795,0x120,6,CAN,x| 02 42 FE A4 61 00 
15:44:03.795,0x122,8,CAN,x| B0 00 00 00 11 00 00 00 
15:44:03.795,0x13F,8,CAN,x| 00 0E 10 00 00 00 00 00 
15:44:03.805,0x124,8,CAN,x| 68 0E 10 1D D8 12 21 00 
15:44:03.805,0x120,6,CAN,x| 02 42 FE A4 64 01 
15:44:03.805,0x122,8,CAN,x| B0 00 00 01 12 00 00 00 
15:44:03.815,0x124,8,CAN,x| 68 0E 10 1D D8 12 22 00 
15:44:03.815,0x120,6,CAN,x| 02 42 FE A4 60 02 
15:44:03.815,0x122,8,CAN,x| B0 00 00 02 12 00 00 00 
15:44:03.815,0x13F,8,CAN,x| 00 0E 10 00 00 00 00 00 
15:44:03.825,0x124,8,CAN,x| 68 0E 10 1D D8 0D 23 00 
15:44:03.825,0x120,6,CAN,x| 02 42 FE A4 60 03 
15:44:03.825,0x122,8,CAN,x| B0 00 00 03 0D 00 00 00 
15:44:03.835,0x124,8,CAN,x| 68 0E 10 1D D8 12 20 00 
15:44:03.835,0x120,6,CAN,x| 02 42 FE A4 60 00 
15:44:03.835,0x122,8,CAN,x| B0 00 00 00 12 00 00 00 
15:44:03.837,0x13F,8,CAN,x| 00 0E 10 00 00 00 00 00 
15:44:03.845,0x124,8,CAN,x| 68 0E 10 1D D8 13 21 00 
15:44:03.845,0x120,6,CAN,x| 02 43 02 A4 61 01 
15:44:03.845,0x122,8,CAN,x| B0 00 00 01 13 00 00 00 
15:44:03.847,0x314,8,CAN,x| 00 00 00 00 00 00 73 01 
15:44:03.847,0x500,8,CAN,x| 75 03 3F 3F 3F 3F 3F 3F 
15:44:03.847,0x32E,8,CAN,x| 00 00 00 01 64 00 00 00 
15:44:03.855,0x124,8,CAN,x| 68 0E 10 1D D8 12 22 00 
15:44:03.855,0x120,6,CAN,x| 02 43 02 A4 60 02 
15:44:03.855,0x122,8,CAN,x| B0 00 00 02 12 00 00 00 
15:44:03.855,0x13F,8,CAN,x| 00 0E 10 00 00 00 00 00 
15:44:03.865,0x124,8,CAN,x| 68 0E 10 1D D8 13 23 00 
15:44:03.865,0x120,6,CAN,x| 02 43 02 A4 62 03 
15:44:03.865,0x122,8,CAN,x| B0 00 00 03 13 00 00 00 
15:44:03.875,0x124,8,CAN,x| 68 0E 10 1D D8 13 20 00 
15:44:03.875,0x120,6,CAN,x| 02 43 02 A4 62 00 
15:44:03.875,0x122,8,CAN,x| B0 00 00 00 13 00 00 00 
15:44:03.875,0x310,8,CAN,x| 01 3B 00 00 00 00 08 00 
15:44:03.875,0x318,8,CAN,x| 01 41 FF 00 00 00 10 80 
15:44:03.877,0x13F,8,CAN,x| 00 0E 10 00 00 00 00 00 
15:44:03.885,0x124,8,CAN,x| 68 0E 10 1D D8 13 21 00 
15:44:03.885,0x120,6,CAN,x| 02 43 03 A4 5E 01 
15:44:03.885,0x122,8,CAN,x| B0 00 00 01 13 00 00 00 
15:44:03.895,0x124,8,CAN,x| 68 0E 10 1D D8 13 22 00 
15:44:03.895,0x120,6,CAN,x| 02 43 03 A4 5E 02 
15:44:03.895,0x122,8,CAN,x| B0 00 00 02 13 00 00 00 
15:44:03.895,0x13F,8,CAN,x| 00 0E 10 00 00 00 00 00 
15:44:03.905,0x124,8,CAN,x| 68 0E 10 1D D8 13 23 00 
15:44:03.905,0x120,6,CAN,x| 02 43 03 A4 5D 03 
15:44:03.905,0x122,8,CAN,x| B0 00 00 03 13 00 00 00 
15:44:03.915,0x124,8,CAN,x| 68 0E 10 1D D8 13 20 00 
15:44:03.915,0x120,6,CAN,x| 02 43 07 A4 60 00 
15:44:03.915,0x122,8,CAN,x| B0 00 00 00 13 00 00 00 
15:44:03.915,0x13F,8,CAN,x| 00 0E 10 00 00 00 00 00 
15:44:03.925,0x124,8,CAN,x| 68 0E 10 1D D8 0A 21 00 
15:44:03.925,0x120,6,CAN,x| 02 43 07 A4 5F 01 
15:44:03.925,0x122,8,CAN,x| B0 00 00 01 0A 00 00 00 
15:44:03.935,0x124,8,CAN,x| 68 0E 10 1D D8 13 22 00 
15:44:03.935,0x120,6,CAN,x| 02 43 07 A4 5F 02 
15:44:03.935,0x122,8,CAN,x| B0 00 00 02 13 00 00 00 
15:44:03.937,0x13F,8,CAN,x| 00 0E 10 00 00 00 00 00 
15:44:03.945,0x124,8,CAN,x| 68 0E 10 1D D8 13 23 00 
15:44:03.945,0x120,6,CAN,x| 02 43 07 A4 5F 03 
15:44:03.945,0x122,8,CAN,x| B0 00 00 03 13 00 00 00 
15:44:03.947,0x314,8,CAN,x| 00 00 00 00 00 00 89 01 
15:44:03.947,0x32E,8,CAN,x| 00 00 00 02 64 00 00 00 
15:44:03.955,0x124,8,CAN,x| 68 0E 10 1D D8 12 20 00 
15:44:03.955,0x120,6,CAN,x| 02 43 07 A4 5E 00 
15:44:03.955,0x122,8,CAN,x| B0 00 00 00 12 00 00 00 
15:44:03.955,0x13F,8,CAN,x| 00 0E 10 00 00 00 00 00 
15:44:03.965,0x124,8,CAN,x| 68 0E 10 1D D8 13 21 00 
15:44:03.965,0x120,6,CAN,x| 02 43 07 A4 5D 01 
15:44:03.965,0x122,8,CAN,x| B0 00 00 01 13 00 00 00 
15:44:03.975,0x124,8,CAN,x| 68 0E 10 1D D8 13 22 00 
15:44:03.975,0x120,6,CAN,x| 02 43 07 A4 5D 02 
15:44:03.975,0x122,8,CAN,x| B0 00 00 02 13 00 00 00 
15:44:03.975,0x310,8,CAN,x| 01 3B 00 00 00 00 08 00 
15:44:03.975,0x318,8,CAN,x| 01 41 FF 00 00 00 10 80 
15:44:03.977,0x13F,8,CAN,x| 00 0E 10 00 00 00 00 00 
15:44:03.985,0x124,8,CAN,x| 68 0E 10 1D D8 14 23 00 
15:44:03.985,0x120,6,CAN,x| 02 43 0B A4 5F 03 
15:44:03.985,0x122,8,CAN,x| B0 00 00 03 14 00 00 00 
15:44:03.995,0x124,8,CAN,x| 68 0E 10 1D D8 13 20 00 
15:44:03.995,0x120,6,CAN,x| 02 43 0B A4 5E 00 
15:44:03.995,0x122,8,CAN,x| B0 00 00 00 13 00 00 00 
15:44:03.995,0x13F,8,CAN,x| 00 0E 10 00 00 00 00 00 
15:44:04.005,0x124,8,CAN,x| 68 0E 10 1D D8 14 21 00 
15:44:04.005,0x120,6,CAN,x| 02 43 0B A4 5E 01 
15:44:04.005,0x122,8,CAN,x| B0 00 00 01 14 00 00 00 
15:44:04.015,0x124,8,CAN,x| 68 0E 10 1D D8 14 22 00 
15:44:04.015,0x120,6,CAN,x| 02 43 0A A4 5E 02 
15:44:04.015,0x122,8,CAN,x| B0 00 00 02 14 00 00 00 
15:44:04.015,0x13F,8,CAN,x| 00 0E 10 00 00 00 00 00 
15:44:04.025,0x124,8,CAN,x| 68 0E 10 1D D8 0D 23 00 
15:44:04.025,0x120,6,CAN,x| 02 43 0A A4 5D 03 
15:44:04.025,0x122,8,CAN,x| B0 00 00 03 0D 00 00 00 
15:44:04.035,0x124,8,CAN,x| 68 0E 10 1D D8 14 20 00 
15:44:04.035,0x120,6,CAN,x| 02 43 0A A4 5C 00 
15:44:04.035,0x122,8,CAN,x| B0 00 00 00 14 00 00 00 
15:44:04.037,0x13F,8,CAN,x| 00 0E 10 00 00 00 00 00 
15:44:04.045,0x124,8,CAN,x| 68 0E 10 1D D8 14 21 00 
15:44:04.045,0x120,6,CAN,x| 02 43 0D A4 5C 01 
15:44:04.045,0x122,8,CAN,x| B0 00 00 01 14 00 00 00 
15:44:04.047,0x314,8,CAN,x| 00 00 00 00 00 00 97 01 
15:44:04.047,0x500,8,CAN,x| 75 01 00 3F 3F 3F 3F 3F 
15:44:04.047,0x32E,8,CAN,x| 00 00 00 03 64 00 00 00 
15:44:04.055,0x124,8,CAN,x| 68 0E 10 1D D8 12 22 00 
15:44:04.055,0x120,6,CAN,x| 02 43 0D A4 5F 02 
15:44:04.055,0x122,8,CAN,x| B0 00 00 02 12 00 00 00 
15:44:04.055,0x13F,8,CAN,x| 00 0E 10 00 00 00 00 00 
15:44:04.065,0x124,8,CAN,x| 68 0E 10 1D D8 14 23 00 
15:44:04.065,0x120,6,CAN,x| 02 43 0D A4 5F 03 
15:44:04.065,0x122,8,CAN,x| B0 00 00 03 14 00 00 00 
15:44:04.075,0x124,8,CAN,x| 68 0E 10 1D D8 14 20 00 
15:44:04.075,0x120,6,CAN,x| 02 43 0D A4 5F 00 
15:44:04.075,0x122,8,CAN,x| B0 00 00 00 14 00 00 00 
15:44:04.075,0x310,8,CAN,x| 01 3B 00 00 00 00 08 00 
15:44:04.075,0x318,8,CAN,x| 01 41 FF 00 00 00 10 80 
15:44:04.077,0x13F,8,CAN,x| 00 0E 10 00 00 00 00 00 
15:44:04.085,0x124,8,CAN,x| 68 0E 10 1D D8 14 21 00 
15:44:04.085,0x120,6,CAN,x| 02 43 0B A4 5E 01 
15:44:04.085,0x122,8,CAN,x| B0 00 00 01 14 00 00 00 
15:44:04.095,0x124,8,CAN,x| 68 0E 10 1D D8 13 22 00 
15:44:04.095,0x120,6,CAN,x| 02 43 0B A4 5E 02 
15:44:04.095,0x122,8,CAN,x| B0 00 00 02 13 00 00 00 
15:44:04.095,0x13F,8,CAN,x| 00 0E 10 00 00 00 00 00 
15:44:04.105,0x124,8,CAN,x| 68 0E 10 1D D8 14 23 00 
15:44:04.105,0x120,6,CAN,x| 02 43 0B A4 5D 03 
15:44:04.105,0x122,8,CAN,x| B0 00 00 03 14 00 00 00 
15:44:04.115,0x124,8,CAN,x| 68 0E 10 1D D8 14 20 00 
15:44:04.115,0x120,6,CAN,x| 02 43 0C A4 60 00 
15:44:04.115,0x122,8,CAN,x| B0 00 00 00 14 00 00 00 
15:44:04.115,0x13F,8,CAN,x| 00 0E 10 00 00 00 00 00 
15:44:04.125,0x124,8,CAN,x| 68 0E 10 1D D8 0A 21 00 
15:44:04.125,0x120,6,CAN,x| 02 43 0C A4 60 01 
15:44:04.125,0x122,8,CAN,x| B0 00 00 01 0A 00 00 00 
15:44:04.135,0x124,8,CAN,x| 68 0E 10 1D D8 13 22 00 
15:44:04.135,0x120,6,CAN,x| 02 43 0C A4 60 02 
15:44:04.135,0x122,8,CAN,x| B0 00 00 02 13 00 00 00 
15:44:04.137,0x13F,8,CAN,x| 00 0E 10 00 00 00 00 00 
15:44:04.145,0x124,8,CAN,x| 68 0E 10 1D D8 13 23 00 
15:44:04.145,0x120,6,CAN,x| 02 43 09 A4 60 03 
15:44:04.145,0x122,8,CAN,x| B0 00 00 03 13 00 00 00 
15:44:04.147,0x314,8,CAN,x| 00 00 00 00 00 00 95 01 
15:44:04.147,0x32E,8,CAN,x| 00 00 00 00 64 00 00 00 
15:44:04.155,0x124,8,CAN,x| 68 0E 10 1D D8 13 20 00 
15:44:04.155,0x120,6,CAN,x| 02 43 09 A4 5F 00 
15:44:04.155,0x122,8,CAN,x| B0 00 00 00 13 00 00 00 
15:44:04.157,0x13F,8,CAN,x| 00 0E 10 00 00 00 00 00 
15:44:04.165,0x124,8,CAN,x| 68 0E 10 1D D8 13 21 00 
15:44:04.165,0x120,6,CAN,x| 02 43 09 A4 5E 01 
15:44:04.165,0x122,8,CAN,x| B0 00 00 01 13 00 00 00 
15:44:04.175,0x124,8,CAN,x| 68 0E 10 1D D8 13 22 00 
15:44:04.175,0x120,6,CAN,x| 02 43 09 A4 5D 02 
15:44:04.175,0x122,8,CAN,x| B0 00 00 02 13 00 00 00 
15:44:04.175,0x310,8,CAN,x| 01 3B 00 00 00 00 08 00 
15:44:04.175,0x318,8,CAN,x| 01 41 FF 00 00 00 10 80 
15:44:04.177,0x13F,8,CAN,x| 00 0E 10 00 00 00 00 00 
15:44:04.185,0x124,8,CAN,x| 68 0E 10 1D D8 13 23 00 
15:44:04.185,0x120,6,CAN,x| 02 43 0A A4 60 03 
15:44:04.185,0x122,8,CAN,x| B0 00 00 03 13 00 00 00 
15:44:04.195,0x124,8,CAN,x| 68 0E 10 1D D8 12 20 00 
15:44:04.195,0x120,6,CAN,x| 02 43 0A A4 61 00 
15:44:04.195,0x122,8,CAN,x| B0 00 00 00 12 00 00 00 
15:44:04.197,0x13F,8,CAN,x| 00 0E 10 00 00 00 00 00 
15:44:04.205,0x124,8,CAN,x| 68 0E 10 1D D8 13 21 00 
15:44:04.205,0x120,6,CAN,x| 02 43 0A A4 61 01 
15:44:04.205,0x122,8,CAN,x| B0 00 00 01 13 00 00 00 
15:44:04.214,0x124,8,CAN,x| 68 0E 10 1D D8 13 22 00 
15:44:04.214,0x120,6,CAN,x| 02 43 05 A4 5F 02 
15:44:04.214,0x122,8,CAN,x| B0 00 00 02 13 00 00 00 
15:44:04.216,0x13F,8,CAN,x| 00 0E 10 00 00 00 00 00 
15:44:04.224,0x124,8,CAN,x| 68 0E 10 1D D8 0D 23 00 
15:44:04.224,0x120,6,CAN,x| 02 43 05 A4 5F 03 
15:44:04.224,0x122,8,CAN,x| B0 00 00 03 0D 00 00 00 
15:44:04.234,0x124,8,CAN,x| 68 0E 10 1D D8 13 20 00 
15:44:04.236,0x120,6,CAN,x| 02 43 05 A4 5F 00 
15:44:04.236,0x122,8,CAN,x| B0 00 00 00 13 00 00 00 
15:44:04.236,0x13F,8,CAN,x| 00 0E 10 00 00 00 00 00 
15:44:04.246,0x124,8,CAN,x| 68 0E 10 1D D8 12 21 00 
15:44:04.246,0x120,6,CAN,x| 02 43 04 A4 5F 01 
15:44:04.246,0x122,8,CAN,x| B0 00 00 01 12 00 00 00 
15:44:04.246,0x314,8,CAN,x| 00 00 00 00 00 00 82 01 
15:44:04.248,0x500,8,CAN,x| 75 02 3F 3F 3F 3F 3F 3F 
15:44:04.248,0x32E,8,CAN,x| 00 00 00 01 64 00 00 00 
15:44:04.254,0x124,8,CAN,x| 68 0E 10 1D D8 11 22 00 
15:44:04.254,0x120,6,CAN,x| 02 43 04 A4 60 02 
15:44:04.254,0x122,8,CAN,x| B0 00 00 02 11 00 00 00 
15:44:04.256,0x13F,8,CAN,x| 00 0E 10 00 00 00 00 00 
15:44:04.264,0x124,8,CAN,x| 68 0E 10 1D D8 12 23 00 
15:44:04.264,0x120,6,CAN,x| 02 43 04 A4 62 03 
15:44:04.264,0x122,8,CAN,x| B0 00 00 03 12 00 00 00 
15:44:04.274,0x124,8,CAN,x| 68 0E 10 1D D8 12 20 00 
15:44:04.276,0x120,6,CAN,x| 02 43 04 A4 62 00 
15:44:04.276,0x122,8,CAN,x| B0 00 00 00 12 00 00 00 
15:44:04.276,0x310,8,CAN,x| 01 3B 00 00 00 00 08 00 
15:44:04.276,0x318,8,CAN,x| 01 41 FF 00 00 00 10 80 
15:44:04.276,0x13F,8,CAN,x| 00 0E 10 00 00 00 00 00 
15:44:04.284,0x124,8,CAN,x| 68 0E 10 1D D8 12 21 00 
15:44:04.284,0x120,6,CAN,x| 02 42 FE A4 60 01 
15:44:04.284,0x122,8,CAN,x| B0 00 00 01 12 00 00 00 
15:44:04.294,0x124,8,CAN,x| 68 0E 10 1D D8 12 22 00 
15:44:04.294,0x120,6,CAN,x| 02 42 FE A4 60 02 
15:44:04.294,0x122,8,CAN,x| B0 00 00 02 12 00 00 00 
15:44:04.296,0x13F,8,CAN,x| 00 0E 10 00 00 00 00 00 
15:44:04.306,0x124,8,CAN,x| 68 0E 10 1D D8 12 23 00 
15:44:04.306,0x120,6,CAN,x| 02 42 FE A4 61 03 
15:44:04.306,0x122,8,CAN,x| B0 00 00 03 12 00 00 00 
15:44:04.314,0x124,8,CAN,x| 68 0E 10 1D D8 12 20 00 
15:44:04.314,0x120,6,CAN,x| 02 42 FE A4 60 00 
15:44:04.316,0x122,8,CAN,x| B0 00 00 00 12 00 00 00 
15:44:04.316,0x13F,8,CAN,x| 00 0E 10 00 00 00 00 00 
15:44:04.324,0x124,8,CAN,x| 68 0E 10 1D D8 08 21 00 
15:44:04.324,0x120,6,CAN,x| 02 42 FE A4 63 01 
15:44:04.324,0x122,8,CAN,x| B0 00 00 01 08 00 00 00 
15:44:04.334,0x124,8,CAN,x| 68 0E 10 1D D8 12 22 00 
15:44:04.334,0x120,6,CAN,x| 02 42 FE A4 63 02 
15:44:04.336,0x122,8,CAN,x| B0 00 00 02 12 00 00 00 
15:44:04.336,0x13F,8,CAN,x| 00 0E 10 00 00 00 00 00 
15:44:04.346,0x124,8,CAN,x| 68 0E 10 1D D8 12 23 00 
15:44:04.346,0x120,6,CAN,x| 02 42 FE A4 66 03 
15:44:04.346,0x122,8,CAN,x| B0 00 00 03 12 00 00 00 
15:44:04.348,0x314,8,CAN,x| 00 00 00 00 00 00 6D 01 
15:44:04.348,0x32E,8,CAN,x| 00 00 00 02 64 00 00 00 
15:44:04.354,0x124,8,CAN,x| 68 0E 10 1D D8 11 20 00 
15:44:04.354,0x120,6,CAN,x| 02 42 FE A4 60 00 
15:44:04.356,0x122,8,CAN,x| B0 00 00 00 11 00 00 00 
15:44:04.356,0x13F,8,CAN,x| 00 0E 10 00 00 00 00 00 
15:44:04.364,0x124,8,CAN,x| 68 0E 10 1D D8 12 21 00 
15:44:04.364,0x120,6,CAN,x| 02 42 FE A4 61 01 
15:44:04.364,0x122,8,CAN,x| B0 00 00 01 12 00 00 00 
15:44:04.374,0x124,8,CAN,x| 68 0E 10 1D D8 12 22 00 
15:44:04.376,0x120,6,CAN,x| 02 42 FE A4 61 02 
15:44:04.376,0x122,8,CAN,x| B0 00 00 02 12 00 00 00 
15:44:04.376,0x310,8,CAN,x| 01 3B 00 00 00 00 08 00 
15:44:04.376,0x318,8,CAN,x| 01 41 FF 00 00 00 10 80 
15:44:04.376,0x13F,8,CAN,x| 00 0E 10 00 00 00 00 00 
15:44:04.384,0x124,8,CAN,x| 68 0E 10 1D D8 13 23 00 
15:44:04.384,0x120,6,CAN,x| 02 43 02 A4 61 03 
15:44:04.386,0x122,8,CAN,x| B0 00 00 03 13 00 00 00 
15:44:04.394,0x124,8,CAN,x| 68 0E 10 1D D8 12 20 00 
15:44:04.394,0x120,6,CAN,x| 02 43 02 A4 61 00 
15:44:04.394,0x122,8,CAN,x| B0 00 00 00 12 00 00 00 
15:44:04.396,0x13F,8,CAN,x| 00 0E 10 00 00 00 00 00 
15:44:04.406,0x124,8,CAN,x| 68 0E 10 1D D8 13 21 00 
15:44:04.406,0x120,6,CAN,x| 02 43 02 A4 62 01 
15:44:04.406,0x122,8,CAN,x| B0 00 00 01 13 00 00 00 
15:44:04.414,0x124,8,CAN,x| 68 0E 10 1D D8 13 22 00 
15:44:04.414,0x120,6,CAN,x| 02 43 03 A4 5F 02 
15:44:04.416,0x122,8,CAN,x| B0 00 00 02 13 00 00 00 
15:44:04.416,0x13F,8,CAN,x| 00 0E 10 00 00 00 00 00 
15:44:04.424,0x124,8,CAN,x| 68 0E 10 1D D8 0D 23 00 
15:44:04.424,0x120,6,CAN,x| 02 43 03 A4 5E 03 
15:44:04.424,0x122,8,CAN,x| B0 00 00 03 0D 00 00 00 
15:44:04.434,0x124,8,CAN,x| 68 0E 10 1D D8 13 20 00 
15:44:04.436,0x120,6,CAN,x| 02 43 03 A4 5E 00 
15:44:04.436,0x122,8,CAN,x| B0 00 00 00 13 00 00 00 
15:44:04.438,0x13F,8,CAN,x| 00 0E 10 00 00 00 00 00 
15:44:04.446,0x124,8,CAN,x| 68 0E 10 1D D8 13 21 00 
15:44:04.446,0x120,6,CAN,x| 02 43 07 A4 5D 01 
15:44:04.446,0x122,8,CAN,x| B0 00 00 01 13 00 00 00 
15:44:04.446,0x314,8,CAN,x| 00 00 00 00 00 00 82 01 
15:44:04.448,0x500,8,CAN,x| 75 03 3F 3F 3F 3F 3F 3F 
15:44:04.448,0x32E,8,CAN,x| 00 00 00 03 64 00 00 00 
15:44:04.454,0x124,8,CAN,x| 68 0E 10 1D D8 12 22 00 
15:44:04.454,0x120,6,CAN,x| 02 43 07 A4 5F 02 
15:44:04.456,0x122,8,CAN,x| B0 00 00 02 12 00 00 00 
15:44:04.456,0x13F,8,CAN,x| 00 0E 10 00 00 00 00 00 
15:44:04.464,0x124,8,CAN,x| 68 0E 10 1D D8 13 23 00 
15:44:04.464,0x120,6,CAN,x| 02 43 07 A4 5F 03 
15:44:04.466,0x122,8,CAN,x| B0 00 00 03 13 00 00 00 
15:44:04.476,0x124,8,CAN,x| 68 0E 10 1D D8 13 20 00 
15:44:04.476,0x120,6,CAN,x| 02 43 07 A4 5E 00 
15:44:04.476,0x122,8,CAN,x| B0 00 00 00 13 00 00 00 
15:44:04.476,0x310,8,CAN,x| 01 3B 00 00 00 00 08 00 
15:44:04.476,0x318,8,CAN,x| 01 41 FF 00 00 00 10 80 
15:44:04.476,0x13F,8,CAN,x| 00 0E 10 00 00 00 00 00 
15:44:04.484,0x124,8,CAN,x| 68 0E 10 1D D8 13 21 00 
15:44:04.484,0x120,6,CAN,x| 02 43 07 A4 5E 01 
15:44:04.486,0x122,8,CAN,x| B0 00 00 01 13 00 00 00 
15:44:04.494,0x124,8,CAN,x| 68 0E 10 1D D8 13 22 00 
15:44:04.494,0x120,6,CAN,x| 02 43 07 A4 5E 02 
15:44:04.496,0x122,8,CAN,x| B0 00 00 02 13 00 00 00 
15:44:04.496,0x13F,8,CAN,x| 00 0E 10 00 00 00 00 00 
15:44:04.506,0x124,8,CAN,x| 68 0E 10 1D D8 13 23 00 
15:44:04.506,0x120,6,CAN,x| 02 43 07 A4 5D 03 
15:44:04.506,0x122,8,CAN,x| B0 00 00 03 13 00 00 00 
15:44:04.514,0x124,8,CAN,x| 68 0E 10 1D D8 13 20 00 
15:44:04.514,0x120,6,CAN,x| 02 43 0A A4 5F 00 
15:44:04.516,0x122,8,CAN,x| B0 00 00 00 13 00 00 00 
15:44:04.516,0x13F,8,CAN,x| 00 0E 10 00 00 00 00 00 
15:44:04.524,0x124,8,CAN,x| 68 0E 10 1D D8 09 21 00 
15:44:04.524,0x120,6,CAN,x| 02 43 0A A4 5E 01 
15:44:04.526,0x122,8,CAN,x| B0 00 00 01 09 00 00 00 
15:44:04.534,0x124,8,CAN,x| 68 0E 10 1D D8 13 22 00 
15:44:04.536,0x120,6,CAN,x| 02 43 0A A4 5E 02 
15:44:04.536,0x122,8,CAN,x| B0 00 00 02 13 00 00 00 
15:44:04.536,0x13F,8,CAN,x| 00 0E 10 00 00 00 00 00 
15:44:04.546,0x124,8,CAN,x| 68 0E 10 1D D8 14 23 00 
15:44:04.546,0x120,6,CAN,x| 02 43 09 A4 5E 03 
15:44:04.546,0x122,8,CAN,x| B0 00 00 03 14 00 00 00 
15:44:04.548,0x314,8,CAN,x| 00 00 00 00 00 00 93 01 
15:44:04.548,0x32E,8,CAN,x| 00 00 00 00 64 00 00 00 
15:44:04.554,0x124,8,CAN,x| 68 0E 10 1D D8 14 20 00 
15:44:04.554,0x120,6,CAN,x| 02 43 09 A4 5E 00 
15:44:04.556,0x122,8,CAN,x| B0 00 00 00 14 00 00 00 
15:44:04.556,0x13F,8,CAN,x| 00 0E 10 00 00 00 00 00 
15:44:04.564,0x124,8,CAN,x| 68 0E 10 1D D8 14 21 00 
15:44:04.564,0x120,6,CAN,x| 02 43 09 A4 5D 01 
15:44:04.566,0x122,8,CAN,x| B0 00 00 01 14 00 00 00 
15:44:04.576,0x124,8,CAN,x| 68 0E 10 1D D8 14 22 00 
15:44:04.576,0x120,6,CAN,x| 02 43 09 A4 5C 02 
15:44:04.576,0x122,8,CAN,x| B0 00 00 02 14 00 00 00 
15:44:04.576,0x310,8,CAN,x| 01 3B 00 00 00 00 08 00 
15:44:04.576,0x318,8,CAN,x| 01 41 FF 00 00 00 10 80 
15:44:04.576,0x13F,8,CAN,x| 00 0E 10 00 00 00 00 00 
15:44:04.584,0x124,8,CAN,x| 68 0E 10 1D D8 14 23 00 
15:44:04.584,0x120,6,CAN,x| 02 43 0C A4 60 03 
15:44:04.586,0x122,8,CAN,x| B0 00 00 03 14 00 00 00 
15:44:04.594,0x124,8,CAN,x| 68 0E 10 1D D8 13 20 00 
15:44:04.594,0x120,6,CAN,x| 02 43 0C A4 60 00 
15:44:04.596,0x122,8,CAN,x| B0 00 00 00 13 00 00 00 
15:44:04.596,0x13F,8,CAN,x| 00 0E 10 00 00 00 00 00 
15:44:04.606,0x124,8,CAN,x| 68 0E 10 1D D8 14 21 00 
15:44:04.606,0x120,6,CAN,x| 02 43 0C A4 60 01 
15:44:04.606,0x122,8,CAN,x| B0 00 00 01 14 00 00 00 
15:44:04.614,0x124,8,CAN,x| 68 0E 10 1D D8 14 22 00 
15:44:04.614,0x120,6,CAN,x| 02 43 0B A4 5E 02 
15:44:04.616,0x122,8,CAN,x| B0 00 00 02 14 00 00 00 
15:44:04.616,0x13F,8,CAN,x| 00 0E 10 00 00 00 00 00 
15:44:04.624,0x124,8,CAN,x| 68 0E 10 1D D8 0E 23 00 
15:44:04.624,0x120,6,CAN,x| 02 43 0B A4 5D 03 
15:44:04.626,0x122,8,CAN,x| B0 00 00 03 0E 00 00 00 
15:44:04.636,0x124,8,CAN,x| 68 0E 10 1D D8 14 20 00 
15:44:04.636,0x120,6,CAN,x| 02 43 0B A4 5C 00 
15:44:04.636,0x122,8,CAN,x| B0 00 00 00 14 00 00 00 
15:44:04.638,0x13F,8,CAN,x| 00 0E 10 00 00 00 00 00 
15:44:04.646,0x124,8,CAN,x| 68 0E 10 1D D8 14 21 00 
15:44:04.646,0x120,6,CAN,x| 02 43 0D A4 5B 01 
15:44:04.646,0x122,8,CAN,x| B0 00 00 01 14 00 00 00 
15:44:04.648,0x314,8,CAN,x| 00 00 00 00 00 00 9A 01 
15:44:04.648,0x500,8,CAN,x| 75 01 00 3F 3F 3F 3F 3F 
15:44:04.648,0x32E,8,CAN,x| 00 00 00 01 64 00 00 00 
15:44:04.654,0x124,8,CAN,x| 68 0E 10 1D D8 13 22 00 
15:44:04.654,0x120,6,CAN,x| 02 43 0D A4 5F 02 
15:44:04.656,0x122,8,CAN,x| B0 00 00 02 13 00 00 00 
15:44:04.656,0x13F,8,CAN,x| 00 0E 10 00 00 00 00 00 
15:44:04.664,0x124,8,CAN,x| 68 0E 10 1D D8 13 23 00 
15:44:04.664,0x120,6,CAN,x| 02 43 0D A4 60 03 
15:44:04.666,0x122,8,CAN,x| B0 00 00 03 13 00 00 00 
15:44:04.676,0x124,8,CAN,x| 68 0E 10 1D D8 13 20 00 
15:44:04.676,0x120,6,CAN,x| 02 43 0D A4 60 00 
15:44:04.676,0x122,8,CAN,x| B0 00 00 00 13 00 00 00 
15:44:04.676,0x310,8,CAN,x| 01 3B 00 00 00 00 08 00 
15:44:04.676,0x318,8,CAN,x| 01 41 FF 00 00 00 10 80 
15:44:04.676,0x13F,8,CAN,x| 00 0E 10 00 00 00 00 00 
15:44:04.684,0x124,8,CAN,x| 68 0E 10 1D D8 13 21 00 
15:44:04.684,0x120,6,CAN,x| 02 43 0A A4 5F 01 
15:44:04.686,0x122,8,CAN,x| B0 00 00 01 13 00 00 00 
15:44:04.694,0x124,8,CAN,x| 68 0E 10 1D D8 13 22 00 
15:44:04.694,0x120,6,CAN,x| 02 43 0A A4 5E 02 
15:44:04.696,0x122,8,CAN,x| B0 00 00 02 13 00 00 00 
15:44:04.696,0x13F,8,CAN,x| 00 0E 10 00 00 00 00 00 
15:44:04.706,0x124,8,CAN,x| 68 0E 10 1D D8 13 23 00 
15:44:04.706,0x120,6,CAN,x| 02 43 0A A4 5E 03 
15:44:04.706,0x122,8,CAN,x| B0 00 00 03 13 00 00 00 
15:44:04.714,0x124,8,CAN,x| 68 0E 10 1D D8 13 20 00 
15:44:04.714,0x120,6,CAN,x| 02 43 0A A4 60 00 
15:44:04.716,0x122,8,CAN,x| B0 00 00 00 13 00 00 00 
15:44:04.716,0x13F,8,CAN,x| 00 0E 10 00 00 00 00 00 
15:44:04.724,0x124,8,CAN,x| 68 0E 10 1D D8 09 21 00 
15:44:04.724,0x120,6,CAN,x| 02 43 0A A4 61 01 
15:44:04.726,0x122,8,CAN,x| B0 00 00 01 09 00 00 00 
15:44:04.736,0x124,8,CAN,x| 68 0E 10 1D D8 13 22 00 
15:44:04.736,0x120,6,CAN,x| 02 43 0A A4 61 02 
15:44:04.736,0x122,8,CAN,x| B0 00 00 02 13 00 00 00 
15:44:04.736,0x13F,8,CAN,x| 00 0E 10 00 00 00 00 00 
15:44:04.746,0x124,8,CAN,x| 68 0E 10 1D D8 13 23 00 
15:44:04.746,0x120,6,CAN,x| 02 43 05 A4 62 03 
15:44:04.746,0x122,8,CAN,x| B0 00 00 03 13 00 00 00 
15:44:04.748,0x314,8,CAN,x| 00 00 00 00 00 00 89 01 
15:44:04.748,0x32E,8,CAN,x| 00 00 00 02 64 00 00 00 
15:44:04.754,0x124,8,CAN,x| 68 0E 10 1D D8 13 20 00 
15:44:04.756,0x120,6,CAN,x| 02 43 05 A4 60 00 
15:44:04.756,0x122,8,CAN,x| B0 00 00 00 13 00 00 00 
15:44:04.756,0x13F,8,CAN,x| 00 0E 10 00 00 00 00 00 
15:44:04.764,0x124,8,CAN,x| 68 0E 10 1D D8 13 21 00 
15:44:04.764,0x120,6,CAN,x| 02 43 05 A4 60 01 
15:44:04.766,0x122,8,CAN,x| B0 00 00 01 13 00 00 00 
15:44:04.776,0x124,8,CAN,x| 68 0E 10 1D D8 13 22 00 
15:44:04.776,0x120,6,CAN,x| 02 43 05 A4 60 02 
15:44:04.776,0x122,8,CAN,x| B0 00 00 02 13 00 00 00 
15:44:04.776,0x310,8,CAN,x| 01 3B 00 00 00 00 08 00 
15:44:04.776,0x318,8,CAN,x| 01 41 FF 00 00 00 10 80 
15:44:04.776,0x13F,8,CAN,x| 00 0E 10 00 00 00 00 00 
15:44:04.784,0x124,8,CAN,x| 68 0E 10 1D D8 12 23 00 
15:44:04.786,0x120,6,CAN,x| 02 43 04 A4 60 03 
15:44:04.786,0x122,8,CAN,x| B0 00 00 03 12 00 00 00 
15:44:04.794,0x124,8,CAN,x| 68 0E 10 1D D8 12 20 00 
15:44:04.794,0x120,6,CAN,x| 02 43 04 A4 62 00 
15:44:04.796,0x122,8,CAN,x| B0 00 00 00 12 00 00 00 
15:44:04.796,0x13F,8,CAN,x| 00 0E 10 00 00 00 00 00 
15:44:04.806,0x124,8,CAN,x| 68 0E 10 1D D8 12 21 00 
15:44:04.806,0x120,6,CAN,x| 02 43 04 A4 62 01 
15:44:04.806,0x122,8,CAN,x| B0 00 00 01 12 00 00 00 
15:44:04.814,0x124,8,CAN,x| 68 0E 10 1D D8 12 22 00 
15:44:04.814,0x120,6,CAN,x| 02 42 FE A4 60 02 
15:44:04.816,0x122,8,CAN,x| B0 00 00 02 12 00 00 00 
15:44:04.816,0x13F,8,CAN,x| 00 0E 10 00 00 00 00 00 
15:44:04.824,0x124,8,CAN,x| 68 0E 10 1D D8 0D 23 00 
15:44:04.824,0x120,6,CAN,x| 02 42 FE A4 60 03 
15:44:04.826,0x122,8,CAN,x| B0 00 00 03 0D 00 00 00 
15:44:04.836,0x124,8,CAN,x| 68 0E 10 1D D8 12 20 00 
15:44:04.836,0x120,6,CAN,x| 02 42 FE A4 61 00 
15:44:04.836,0x122,8,CAN,x| B0 00 00 00 12 00 00 00 
15:44:04.838,0x13F,8,CAN,x| 00 0E 10 00 00 00 00 00 
15:44:04.846,0x124,8,CAN,x| 68 0E 10 1D D8 12 21 00 
15:44:04.846,0x120,6,CAN,x| 02 42 FE A4 61 01 
15:44:04.846,0x122,8,CAN,x| B0 00 00 01 12 00 00 00 
