index,system time,time stamp,channel,Rx/Tx,ID,Frame,type,DLC,CAN-FD,data
72299,="15:44:22.475",0xAD8B06C,1,Rx,0x124,Standard Frame,data frame,8,CAN,x| 68 12 C0 1D B0 12 20 00 
72300,="15:44:22.475",0xAD8B134,1,Rx,0x120,Standard Frame,data frame,6,CAN,x| 02 43 10 A4 60 00 
72301,="15:44:22.475",0xAD8B1FC,1,Rx,0x122,Standard Frame,data frame,8,CAN,x| B0 00 00 00 12 00 00 00 
72302,="15:44:22.475",0xAD8B328,1,Rx,0x310,Standard Frame,data frame,8,CAN,x| 01 3D 00 00 00 00 08 00 
72303,="15:44:22.477",0xAD8B3F0,1,Rx,0x318,Standard Frame,data frame,8,CAN,x| 01 41 FF 00 00 00 10 80 
72304,="15:44:22.477",0xAD8B7D8,1,Rx,0x13F,Standard Frame,data frame,8,CAN,x| 00 12 C0 00 00 00 00 00 
72305,="15:44:22.486",0xAD8D970,1,Rx,0x124,Standard Frame,data frame,8,CAN,x| 68 12 C0 1D B0 12 21 00 
72306,="15:44:22.486",0xAD8DA38,1,Rx,0x120,Standard Frame,data frame,6,CAN,x| 02 43 11 A4 60 01 
72307,="15:44:22.486",0xAD8DB00,1,Rx,0x122,Standard Frame,data frame,8,CAN,x| B0 00 00 01 12 00 00 00 
72308,="15:44:22.496",0xAD8FE8C,1,Rx,0x124,Standard Frame,data frame,8,CAN,x| 68 12 C0 1D B0 0D 22 00 
72309,="15:44:22.496",0xAD8FF54,1,Rx,0x120,Standard Frame,data frame,6,CAN,x| 02 43 11 A4 62 02 
72310,="15:44:22.496",0xAD9001C,1,Rx,0x122,Standard Frame,data frame,8,CAN,x| B0 00 00 02 0D 00 00 00 
72311,="15:44:22.496",0xAD903A0,1,Rx,0x13F,Standard Frame,data frame,8,CAN,x| 00 12 C0 00 00 00 00 00 
72312,="15:44:22.506",0xAD927F4,1,Rx,0x124,Standard Frame,data frame,8,CAN,x| 68 12 C0 1D B0 12 23 00 
72313,="15:44:22.506",0xAD928BC,1,Rx,0x120,Standard Frame,data frame,6,CAN,x| 02 43 11 A4 63 03 
72314,="15:44:22.506",0xAD929E8,1,Rx,0x122,Standard Frame,data frame,8,CAN,x| B0 00 00 03 12 00 00 00 
72315,="15:44:22.516",0xAD94CAC,1,Rx,0x124,Standard Frame,data frame,8,CAN,x| 68 12 C0 1D B0 12 20 00 
72316,="15:44:22.516",0xAD94D10,1,Rx,0x120,Standard Frame,data frame,6,CAN,x| 02 43 0C A4 61 00 
72317,="15:44:22.516",0xAD94E3C,1,Rx,0x122,Standard Frame,data frame,8,CAN,x| B0 00 00 00 12 00 00 00 
72318,="15:44:22.516",0xAD95288,1,Rx,0x13F,Standard Frame,data frame,8,CAN,x| 00 12 C0 00 00 00 00 00 
72319,="15:44:22.526",0xAD97358,1,Rx,0x124,Standard Frame,data frame,8,CAN,x| 68 12 C0 1D B0 12 21 00 
72320,="15:44:22.526",0xAD97420,1,Rx,0x120,Standard Frame,data frame,6,CAN,x| 02 43 0C A4 62 01 
72321,="15:44:22.526",0xAD9754C,1,Rx,0x122,Standard Frame,data frame,8,CAN,x| B0 00 00 01 12 00 00 00 
72322,="15:44:22.536",0xAD99C5C,1,Rx,0x124,Standard Frame,data frame,8,CAN,x| 68 12 C0 1D B0 12 22 00 
72323,="15:44:22.536",0xAD99D24,1,Rx,0x120,Standard Frame,data frame,6,CAN,x| 02 43 0E A4 62 02 
72324,="15:44:22.536",0xAD99E50,1,Rx,0x122,Standard Frame,data frame,8,CAN,x| B0 00 00 02 12 00 00 00 
72325,="15:44:22.538",0xAD9A170,1,Rx,0x13F,Standard Frame,data frame,8,CAN,x| 00 12 C0 00 00 00 00 00 
72326,="15:44:22.546",0xAD9C178,1,Rx,0x124,Standard Frame,data frame,8,CAN,x| 68 12 C0 1D B0 0B 23 00 
72327,="15:44:22.546",0xAD9C240,1,Rx,0x120,Standard Frame,data frame,6,CAN,x| 02 43 0E A4 62 03 
72328,="15:44:22.546",0xAD9C308,1,Rx,0x122,Standard Frame,data frame,8,CAN,x| B0 00 00 03 0B 00 00 00 
72329,="15:44:22.548",0xAD9C9AC,1,Rx,0x314,Standard Frame,data frame,8,CAN,x| 00 00 00 00 00 00 93 01 
72330,="15:44:22.548",0xAD9CA74,1,Rx,0x32E,Standard Frame,data frame,8,CAN,x| 00 00 00 00 64 00 00 00 
72331,="15:44:22.556",0xAD9EB44,1,Rx,0x124,Standard Frame,data frame,8,CAN,x| 68 12 C0 1D B0 12 20 00 
72332,="15:44:22.556",0xAD9EC0C,1,Rx,0x120,Standard Frame,data frame,6,CAN,x| 02 43 0E A4 64 00 
72333,="15:44:22.556",0xAD9ECD4,1,Rx,0x122,Standard Frame,data frame,8,CAN,x| B0 00 00 00 12 00 00 00 
72334,="15:44:22.558",0xAD9F184,1,Rx,0x13F,Standard Frame,data frame,8,CAN,x| 00 12 C0 00 00 00 00 00 
72335,="15:44:22.566",0xADA0F98,1,Rx,0x124,Standard Frame,data frame,8,CAN,x| 68 12 C0 1D B0 12 21 00 
72336,="15:44:22.566",0xADA1060,1,Rx,0x120,Standard Frame,data frame,6,CAN,x| 02 43 0D A4 60 01 
72337,="15:44:22.566",0xADA1128,1,Rx,0x122,Standard Frame,data frame,8,CAN,x| B0 00 00 01 12 00 00 00 
72338,="15:44:22.576",0xADA36A8,1,Rx,0x124,Standard Frame,data frame,8,CAN,x| 68 12 C0 1D B0 12 22 00 
72339,="15:44:22.576",0xADA3770,1,Rx,0x120,Standard Frame,data frame,6,CAN,x| 02 43 0D A4 60 02 
72340,="15:44:22.576",0xADA3838,1,Rx,0x122,Standard Frame,data frame,8,CAN,x| B0 00 00 02 12 00 00 00 
72341,="15:44:22.576",0xADA3964,1,Rx,0x310,Standard Frame,data frame,8,CAN,x| 01 3D 00 00 00 00 08 00 
72342,="15:44:22.576",0xADA3A2C,1,Rx,0x318,Standard Frame,data frame,8,CAN,x| 01 41 FF 00 00 00 10 80 
72343,="15:44:22.576",0xADA3D4C,1,Rx,0x13F,Standard Frame,data frame,8,CAN,x| 00 12 C0 00 00 00 00 00 
72344,="15:44:22.586",0xADA5FAC,1,Rx,0x124,Standard Frame,data frame,8,CAN,x| 68 12 C0 1D B0 12 23 00 
72345,="15:44:22.586",0xADA6074,1,Rx,0x120,Standard Frame,data frame,6,CAN,x| 02 43 11 A4 60 03 
72346,="15:44:22.586",0xADA613C,1,Rx,0x122,Standard Frame,data frame,8,CAN,x| B0 00 00 03 12 00 00 00 
72347,="15:44:22.596",0xADA84C8,1,Rx,0x124,Standard Frame,data frame,8,CAN,x| 68 12 C0 1D B0 0C 20 00 
72348,="15:44:22.596",0xADA852C,1,Rx,0x120,Standard Frame,data frame,6,CAN,x| 02 43 11 A4 61 00 
72349,="15:44:22.596",0xADA8658,1,Rx,0x122,Standard Frame,data frame,8,CAN,x| B0 00 00 00 0C 00 00 00 
72350,="15:44:22.596",0xADA8AA4,1,Rx,0x13F,Standard Frame,data frame,8,CAN,x| 00 12 C0 00 00 00 00 00 
72351,="15:44:22.606",0xADAAE30,1,Rx,0x124,Standard Frame,data frame,8,CAN,x| 68 12 C0 1D B0 13 21 00 
72352,="15:44:22.606",0xADAAEF8,1,Rx,0x120,Standard Frame,data frame,6,CAN,x| 02 43 11 A4 62 01 
72353,="15:44:22.606",0xADAAFC0,1,Rx,0x122,Standard Frame,data frame,8,CAN,x| B0 00 00 01 13 00 00 00 
72354,="15:44:22.616",0xADAD2E8,1,Rx,0x124,Standard Frame,data frame,8,CAN,x| 68 12 C0 1D B0 13 22 00 
72355,="15:44:22.616",0xADAD3B0,1,Rx,0x120,Standard Frame,data frame,6,CAN,x| 02 43 10 A4 5F 02 
72356,="15:44:22.616",0xADAD478,1,Rx,0x122,Standard Frame,data frame,8,CAN,x| B0 00 00 02 13 00 00 00 
72357,="15:44:22.616",0xADAD7FC,1,Rx,0x13F,Standard Frame,data frame,8,CAN,x| 00 12 C0 00 00 00 00 00 
72358,="15:44:22.625",0xADAF994,1,Rx,0x124,Standard Frame,data frame,8,CAN,x| 68 12 C0 1D B0 13 23 00 
72359,="15:44:22.625",0xADAFA5C,1,Rx,0x120,Standard Frame,data frame,6,CAN,x| 02 43 10 A4 5E 03 
72360,="15:44:22.625",0xADAFB88,1,Rx,0x122,Standard Frame,data frame,8,CAN,x| B0 00 00 03 13 00 00 00 
72361,="15:44:22.635",0xADB2298,1,Rx,0x124,Standard Frame,data frame,8,CAN,x| 68 12 C0 1D B0 13 20 00 
72362,="15:44:22.635",0xADB2360,1,Rx,0x120,Standard Frame,data frame,6,CAN,x| 02 43 14 A4 5D 00 
72363,="15:44:22.637",0xADB248C,1,Rx,0x122,Standard Frame,data frame,8,CAN,x| B0 00 00 00 13 00 00 00 
72364,="15:44:22.637",0xADB28D8,1,Rx,0x13F,Standard Frame,data frame,8,CAN,x| 00 12 C0 00 00 00 00 00 
72365,="15:44:22.645",0xADB47B4,1,Rx,0x124,Standard Frame,data frame,8,CAN,x| 68 12 C0 1D B0 0C 21 00 
72366,="15:44:22.645",0xADB487C,1,Rx,0x120,Standard Frame,data frame,6,CAN,x| 02 43 14 A4 5F 01 
72367,="15:44:22.645",0xADB49A8,1,Rx,0x122,Standard Frame,data frame,8,CAN,x| B0 00 00 01 0C 00 00 00 
72368,="15:44:22.647",0xADB4EBC,1,Rx,0x314,Standard Frame,data frame,8,CAN,x| 00 00 00 00 00 00 A1 01 
72369,="15:44:22.647",0xADB4F84,1,Rx,0x500,Standard Frame,data frame,8,CAN,x| 75 01 00 3F 3F 3F 3F 3F 
72370,="15:44:22.647",0xADB50B0,1,Rx,0x32E,Standard Frame,data frame,8,CAN,x| 00 00 00 01 64 00 00 00 
72371,="15:44:22.655",0xADB7180,1,Rx,0x124,Standard Frame,data frame,8,CAN,x| 68 12 C0 1D B0 13 22 00 
72372,="15:44:22.657",0xADB7248,1,Rx,0x120,Standard Frame,data frame,6,CAN,x| 02 43 14 A4 5E 02 
72373,="15:44:22.657",0xADB7310,1,Rx,0x122,Standard Frame,data frame,8,CAN,x| B0 00 00 02 13 00 00 00 
72374,="15:44:22.657",0xADB7694,1,Rx,0x13F,Standard Frame,data frame,8,CAN,x| 00 12 C0 00 00 00 00 00 
72375,="15:44:22.665",0xADB95D4,1,Rx,0x124,Standard Frame,data frame,8,CAN,x| 68 12 C0 1D B0 13 23 00 
72376,="15:44:22.665",0xADB969C,1,Rx,0x120,Standard Frame,data frame,6,CAN,x| 02 43 13 A4 5E 03 
72377,="15:44:22.665",0xADB9764,1,Rx,0x122,Standard Frame,data frame,8,CAN,x| B0 00 00 03 13 00 00 00 
72378,="15:44:22.675",0xADBBCE4,1,Rx,0x124,Standard Frame,data frame,8,CAN,x| 68 12 C0 1D B0 13 20 00 
72379,="15:44:22.675",0xADBBDAC,1,Rx,0x120,Standard Frame,data frame,6,CAN,x| 02 43 13 A4 5D 00 
72380,="15:44:22.675",0xADBBE74,1,Rx,0x122,Standard Frame,data frame,8,CAN,x| B0 00 00 00 13 00 00 00 
72381,="15:44:22.675",0xADBBFA0,1,Rx,0x310,Standard Frame,data frame,8,CAN,x| 01 3D 00 00 00 00 08 00 
72382,="15:44:22.677",0xADBC068,1,Rx,0x318,Standard Frame,data frame,8,CAN,x| 01 41 FF 00 00 00 10 80 
72383,="15:44:22.677",0xADBC518,1,Rx,0x13F,Standard Frame,data frame,8,CAN,x| 00 12 C0 00 00 00 00 00 
72384,="15:44:22.685",0xADBE584,1,Rx,0x124,Standard Frame,data frame,8,CAN,x| 68 12 C0 1D B0 13 21 00 
72385,="15:44:22.687",0xADBE64C,1,Rx,0x120,Standard Frame,data frame,6,CAN,x| 02 43 17 A4 5C 01 
72386,="15:44:22.687",0xADBE778,1,Rx,0x122,Standard Frame,data frame,8,CAN,x| B0 00 00 01 13 00 00 00 
72387,="15:44:22.695",0xADC0AA0,1,Rx,0x124,Standard Frame,data frame,8,CAN,x| 68 12 C0 1D B0 0C 22 00 
72388,="15:44:22.695",0xADC0B68,1,Rx,0x120,Standard Frame,data frame,6,CAN,x| 02 43 17 A4 5F 02 
72389,="15:44:22.695",0xADC0C94,1,Rx,0x122,Standard Frame,data frame,8,CAN,x| B0 00 00 02 0C 00 00 00 
72390,="15:44:22.697",0xADC1018,1,Rx,0x13F,Standard Frame,data frame,8,CAN,x| 00 12 C0 00 00 00 00 00 
72391,="15:44:22.707",0xADC346C,1,Rx,0x124,Standard Frame,data frame,8,CAN,x| 68 12 C0 1D B0 13 23 00 
72392,="15:44:22.707",0xADC3534,1,Rx,0x120,Standard Frame,data frame,6,CAN,x| 02 43 17 A4 5F 03 
72393,="15:44:22.707",0xADC3660,1,Rx,0x122,Standard Frame,data frame,8,CAN,x| B0 00 00 03 13 00 00 00 
72394,="15:44:22.715",0xADC58C0,1,Rx,0x124,Standard Frame,data frame,8,CAN,x| 68 12 C0 1D B0 13 20 00 
72395,="15:44:22.715",0xADC5988,1,Rx,0x120,Standard Frame,data frame,6,CAN,x| 02 43 16 A4 5E 00 
72396,="15:44:22.715",0xADC5AB4,1,Rx,0x122,Standard Frame,data frame,8,CAN,x| B0 00 00 00 13 00 00 00 
72397,="15:44:22.717",0xADC5E9C,1,Rx,0x13F,Standard Frame,data frame,8,CAN,x| 00 12 C0 00 00 00 00 00 
72398,="15:44:22.725",0xADC7FD0,1,Rx,0x124,Standard Frame,data frame,8,CAN,x| 68 12 C0 1D B0 13 21 00 
72399,="15:44:22.725",0xADC8098,1,Rx,0x120,Standard Frame,data frame,6,CAN,x| 02 43 16 A4 5D 01 
72400,="15:44:22.725",0xADC81C4,1,Rx,0x122,Standard Frame,data frame,8,CAN,x| B0 00 00 01 13 00 00 00 
72401,="15:44:22.735",0xADCA8D4,1,Rx,0x124,Standard Frame,data frame,8,CAN,x| 68 12 C0 1D B0 13 22 00 
72402,="15:44:22.735",0xADCA99C,1,Rx,0x120,Standard Frame,data frame,6,CAN,x| 02 43 19 A4 5D 02 
72403,="15:44:22.737",0xADCAA64,1,Rx,0x122,Standard Frame,data frame,8,CAN,x| B0 00 00 02 13 00 00 00 
72404,="15:44:22.737",0xADCAE4C,1,Rx,0x13F,Standard Frame,data frame,8,CAN,x| 00 12 C0 00 00 00 00 00 
72405,="15:44:22.745",0xADCCDF0,1,Rx,0x124,Standard Frame,data frame,8,CAN,x| 68 12 C0 1D B0 0F 23 00 
72406,="15:44:22.745",0xADCCEB8,1,Rx,0x120,Standard Frame,data frame,6,CAN,x| 02 43 19 A4 5F 03 
72407,="15:44:22.745",0xADCCF80,1,Rx,0x122,Standard Frame,data frame,8,CAN,x| B0 00 00 03 0F 00 00 00 
72408,="15:44:22.747",0xADCD5C0,1,Rx,0x314,Standard Frame,data frame,8,CAN,x| 00 00 00 00 00 00 BB 01 
72409,="15:44:22.749",0xADCD6EC,1,Rx,0x32E,Standard Frame,data frame,8,CAN,x| 00 00 00 02 64 00 00 00 
72410,="15:44:22.757",0xADCF7BC,1,Rx,0x124,Standard Frame,data frame,8,CAN,x| 68 12 C0 1D B0 14 20 00 
72411,="15:44:22.757",0xADCF884,1,Rx,0x120,Standard Frame,data frame,6,CAN,x| 02 43 19 A4 5F 00 
72412,="15:44:22.757",0xADCF94C,1,Rx,0x122,Standard Frame,data frame,8,CAN,x| B0 00 00 00 14 00 00 00 
72413,="15:44:22.757",0xADCFD98,1,Rx,0x13F,Standard Frame,data frame,8,CAN,x| 00 12 C0 00 00 00 00 00 
72414,="15:44:22.765",0xADD1C10,1,Rx,0x124,Standard Frame,data frame,8,CAN,x| 68 12 C0 1D B0 14 21 00 
72415,="15:44:22.765",0xADD1CD8,1,Rx,0x120,Standard Frame,data frame,6,CAN,x| 02 43 16 A4 5E 01 
72416,="15:44:22.765",0xADD1DA0,1,Rx,0x122,Standard Frame,data frame,8,CAN,x| B0 00 00 01 14 00 00 00 
72417,="15:44:22.775",0xADD4320,1,Rx,0x124,Standard Frame,data frame,8,CAN,x| 68 12 C0 1D B0 14 22 00 
72418,="15:44:22.775",0xADD43E8,1,Rx,0x120,Standard Frame,data frame,6,CAN,x| 02 43 16 A4 5D 02 
72419,="15:44:22.775",0xADD44B0,1,Rx,0x122,Standard Frame,data frame,8,CAN,x| B0 00 00 02 14 00 00 00 
72420,="15:44:22.777",0xADD4578,1,Rx,0x310,Standard Frame,data frame,8,CAN,x| 01 3D 00 00 00 00 08 00 
72421,="15:44:22.777",0xADD46A4,1,Rx,0x318,Standard Frame,data frame,8,CAN,x| 01 41 FF 00 00 00 10 80 
72422,="15:44:22.777",0xADD4B54,1,Rx,0x13F,Standard Frame,data frame,8,CAN,x| 00 12 C0 00 00 00 00 00 
72423,="15:44:22.785",0xADD6BC0,1,Rx,0x124,Standard Frame,data frame,8,CAN,x| 68 12 C0 1D B0 14 23 00 
72424,="15:44:22.787",0xADD6C88,1,Rx,0x120,Standard Frame,data frame,6,CAN,x| 02 43 1B A4 5C 03 
72425,="15:44:22.787",0xADD6DB4,1,Rx,0x122,Standard Frame,data frame,8,CAN,x| B0 00 00 03 14 00 00 00 
72426,="15:44:22.795",0xADD9140,1,Rx,0x124,Standard Frame,data frame,8,CAN,x| 68 12 C0 1D B0 0F 20 00 
72427,="15:44:22.795",0xADD91A4,1,Rx,0x120,Standard Frame,data frame,6,CAN,x| 02 43 1B A4 60 00 
72428,="15:44:22.795",0xADD92D0,1,Rx,0x122,Standard Frame,data frame,8,CAN,x| B0 00 00 00 0F 00 00 00 
72429,="15:44:22.797",0xADD971C,1,Rx,0x13F,Standard Frame,data frame,8,CAN,x| 00 12 C0 00 00 00 00 00 
72430,="15:44:22.807",0xADDBAA8,1,Rx,0x124,Standard Frame,data frame,8,CAN,x| 68 12 C0 1D B0 14 21 00 
72431,="15:44:22.807",0xADDBB70,1,Rx,0x120,Standard Frame,data frame,6,CAN,x| 02 43 1B A4 60 01 
72432,="15:44:22.807",0xADDBC38,1,Rx,0x122,Standard Frame,data frame,8,CAN,x| B0 00 00 01 14 00 00 00 
72433,="15:44:22.815",0xADDDEFC,1,Rx,0x124,Standard Frame,data frame,8,CAN,x| 68 12 C0 1D B0 14 22 00 
72434,="15:44:22.815",0xADDDFC4,1,Rx,0x120,Standard Frame,data frame,6,CAN,x| 02 43 18 A4 5E 02 
72435,="15:44:22.815",0xADDE0F0,1,Rx,0x122,Standard Frame,data frame,8,CAN,x| B0 00 00 02 14 00 00 00 
72436,="15:44:22.817",0xADDE4D8,1,Rx,0x13F,Standard Frame,data frame,8,CAN,x| 00 12 C0 00 00 00 00 00 
72437,="15:44:22.825",0xADE060C,1,Rx,0x124,Standard Frame,data frame,8,CAN,x| 68 12 C0 1D B0 14 23 00 
72438,="15:44:22.825",0xADE06D4,1,Rx,0x120,Standard Frame,data frame,6,CAN,x| 02 43 18 A4 5D 03 
72439,="15:44:22.825",0xADE0800,1,Rx,0x122,Standard Frame,data frame,8,CAN,x| B0 00 00 03 14 00 00 00 
72440,="15:44:22.835",0xADE2F10,1,Rx,0x124,Standard Frame,data frame,8,CAN,x| 68 12 C0 1D B0 14 20 00 
72441,="15:44:22.837",0xADE2FD8,1,Rx,0x120,Standard Frame,data frame,6,CAN,x| 02 43 1B A4 5C 00 
72442,="15:44:22.837",0xADE30A0,1,Rx,0x122,Standard Frame,data frame,8,CAN,x| B0 00 00 00 14 00 00 00 
72443,="15:44:22.837",0xADE34EC,1,Rx,0x13F,Standard Frame,data frame,8,CAN,x| 00 12 C0 00 00 00 00 00 
72444,="15:44:22.845",0xADE542C,1,Rx,0x124,Standard Frame,data frame,8,CAN,x| 68 12 C0 1D B0 0F 21 00 
72445,="15:44:22.845",0xADE54F4,1,Rx,0x120,Standard Frame,data frame,6,CAN,x| 02 43 1C A4 5F 01 
72446,="15:44:22.845",0xADE55BC,1,Rx,0x122,Standard Frame,data frame,8,CAN,x| B0 00 00 01 0F 00 00 00 
72447,="15:44:22.847",0xADE5AD0,1,Rx,0x314,Standard Frame,data frame,8,CAN,x| 00 00 00 00 00 00 C0 01 
72448,="15:44:22.847",0xADE5BFC,1,Rx,0x500,Standard Frame,data frame,8,CAN,x| 75 02 3F 3F 3F 3F 3F 3F 
72449,="15:44:22.847",0xADE5CC4,1,Rx,0x32E,Standard Frame,data frame,8,CAN,x| 00 00 00 03 64 00 00 00 
72450,="15:44:22.857",0xADE7DF8,1,Rx,0x124,Standard Frame,data frame,8,CAN,x| 68 12 C0 1D B0 14 22 00 
72451,="15:44:22.857",0xADE7EC0,1,Rx,0x120,Standard Frame,data frame,6,CAN,x| 02 43 1C A4 60 02 
72452,="15:44:22.857",0xADE7F88,1,Rx,0x122,Standard Frame,data frame,8,CAN,x| B0 00 00 02 14 00 00 00 
72453,="15:44:22.857",0xADE8370,1,Rx,0x13F,Standard Frame,data frame,8,CAN,x| 00 12 C0 00 00 00 00 00 
72454,="15:44:22.865",0xADEA24C,1,Rx,0x124,Standard Frame,data frame,8,CAN,x| 68 12 C0 1D B0 13 23 00 
72455,="15:44:22.865",0xADEA314,1,Rx,0x120,Standard Frame,data frame,6,CAN,x| 02 43 18 A4 5E 03 
72456,="15:44:22.865",0xADEA3DC,1,Rx,0x122,Standard Frame,data frame,8,CAN,x| B0 00 00 03 13 00 00 00 
72457,="15:44:22.875",0xADEC8F8,1,Rx,0x124,Standard Frame,data frame,8,CAN,x| 68 12 C0 1D B0 14 20 00 
72458,="15:44:22.875",0xADEC9C0,1,Rx,0x120,Standard Frame,data frame,6,CAN,x| 02 43 18 A4 5E 00 
72459,="15:44:22.875",0xADECAEC,1,Rx,0x122,Standard Frame,data frame,8,CAN,x| B0 00 00 00 14 00 00 00 
72460,="15:44:22.877",0xADECBB4,1,Rx,0x310,Standard Frame,data frame,8,CAN,x| 01 3D 00 00 00 00 08 00 
72461,="15:44:22.877",0xADECCE0,1,Rx,0x318,Standard Frame,data frame,8,CAN,x| 01 41 FF 00 00 00 10 80 
72462,="15:44:22.877",0xADED0C8,1,Rx,0x13F,Standard Frame,data frame,8,CAN,x| 00 12 C0 00 00 00 00 00 
72463,="15:44:22.887",0xADEF1FC,1,Rx,0x124,Standard Frame,data frame,8,CAN,x| 68 12 C0 1D B0 13 21 00 
72464,="15:44:22.887",0xADEF2C4,1,Rx,0x120,Standard Frame,data frame,6,CAN,x| 02 43 1B A4 5E 01 
72465,="15:44:22.887",0xADEF3F0,1,Rx,0x122,Standard Frame,data frame,8,CAN,x| B0 00 00 01 13 00 00 00 
72466,="15:44:22.895",0xADF1718,1,Rx,0x124,Standard Frame,data frame,8,CAN,x| 68 12 C0 1D B0 0E 22 00 
72467,="15:44:22.895",0xADF17E0,1,Rx,0x120,Standard Frame,data frame,6,CAN,x| 02 43 1B A4 60 02 
72468,="15:44:22.895",0xADF190C,1,Rx,0x122,Standard Frame,data frame,8,CAN,x| B0 00 00 02 0E 00 00 00 
72469,="15:44:22.897",0xADF1C2C,1,Rx,0x13F,Standard Frame,data frame,8,CAN,x| 00 12 C0 00 00 00 00 00 
72470,="15:44:22.907",0xADF40E4,1,Rx,0x124,Standard Frame,data frame,8,CAN,x| 68 12 C0 1D B0 13 23 00 
72471,="15:44:22.907",0xADF41AC,1,Rx,0x120,Standard Frame,data frame,6,CAN,x| 02 43 1B A4 60 03 
72472,="15:44:22.907",0xADF4274,1,Rx,0x122,Standard Frame,data frame,8,CAN,x| B0 00 00 03 13 00 00 00 
72473,="15:44:22.915",0xADF6538,1,Rx,0x124,Standard Frame,data frame,8,CAN,x| 68 12 C0 1D B0 13 20 00 
72474,="15:44:22.915",0xADF6600,1,Rx,0x120,Standard Frame,data frame,6,CAN,x| 02 43 17 A4 5F 00 
72475,="15:44:22.915",0xADF672C,1,Rx,0x122,Standard Frame,data frame,8,CAN,x| B0 00 00 00 13 00 00 00 
72476,="15:44:22.916",0xADF6B14,1,Rx,0x13F,Standard Frame,data frame,8,CAN,x| 00 12 C0 00 00 00 00 00 
72477,="15:44:22.924",0xADF8C48,1,Rx,0x124,Standard Frame,data frame,8,CAN,x| 68 12 C0 1D B0 13 21 00 
72478,="15:44:22.924",0xADF8D10,1,Rx,0x120,Standard Frame,data frame,6,CAN,x| 02 43 17 A4 5E 01 
72479,="15:44:22.924",0xADF8DD8,1,Rx,0x122,Standard Frame,data frame,8,CAN,x| B0 00 00 01 13 00 00 00 
72480,="15:44:22.936",0xADFB54C,1,Rx,0x124,Standard Frame,data frame,8,CAN,x| 68 12 C0 1D B0 13 22 00 
72481,="15:44:22.936",0xADFB614,1,Rx,0x120,Standard Frame,data frame,6,CAN,x| 02 43 18 A4 5E 02 
72482,="15:44:22.936",0xADFB6DC,1,Rx,0x122,Standard Frame,data frame,8,CAN,x| B0 00 00 02 13 00 00 00 
72483,="15:44:22.936",0xADFBA60,1,Rx,0x13F,Standard Frame,data frame,8,CAN,x| 00 12 C0 00 00 00 00 00 
72484,="15:44:22.944",0xADFDA68,1,Rx,0x124,Standard Frame,data frame,8,CAN,x| 68 12 C0 1D B0 0E 23 00 
72485,="15:44:22.944",0xADFDB30,1,Rx,0x120,Standard Frame,data frame,6,CAN,x| 02 43 18 A4 60 03 
72486,="15:44:22.944",0xADFDBF8,1,Rx,0x122,Standard Frame,data frame,8,CAN,x| B0 00 00 03 0E 00 00 00 
72487,="15:44:22.946",0xADFE238,1,Rx,0x314,Standard Frame,data frame,8,CAN,x| 00 00 00 00 00 00 B6 01 
72488,="15:44:22.946",0xADFE364,1,Rx,0x32E,Standard Frame,data frame,8,CAN,x| 00 00 00 00 64 00 00 00 
72489,="15:44:22.956",0xAE003D0,1,Rx,0x124,Standard Frame,data frame,8,CAN,x| 68 12 C0 1D B0 13 20 00 
72490,="15:44:22.956",0xAE00498,1,Rx,0x120,Standard Frame,data frame,6,CAN,x| 02 43 18 A4 61 00 
72491,="15:44:22.956",0xAE005C4,1,Rx,0x122,Standard Frame,data frame,8,CAN,x| B0 00 00 00 13 00 00 00 
72492,="15:44:22.956",0xAE00A10,1,Rx,0x13F,Standard Frame,data frame,8,CAN,x| 00 12 C0 00 00 00 00 00 
72493,="15:44:22.964",0xAE02824,1,Rx,0x124,Standard Frame,data frame,8,CAN,x| 68 12 C0 1D B0 13 21 00 
72494,="15:44:22.964",0xAE028EC,1,Rx,0x120,Standard Frame,data frame,6,CAN,x| 02 43 14 A4 60 01 
72495,="15:44:22.964",0xAE02A18,1,Rx,0x122,Standard Frame,data frame,8,CAN,x| B0 00 00 01 13 00 00 00 
72496,="15:44:22.974",0xAE04F98,1,Rx,0x124,Standard Frame,data frame,8,CAN,x| 68 12 C0 1D B0 13 22 00 
72497,="15:44:22.974",0xAE05060,1,Rx,0x120,Standard Frame,data frame,6,CAN,x| 02 43 14 A4 5F 02 
72498,="15:44:22.974",0xAE05128,1,Rx,0x122,Standard Frame,data frame,8,CAN,x| B0 00 00 02 13 00 00 00 
72499,="15:44:22.977",0xAE051F0,1,Rx,0x310,Standard Frame,data frame,8,CAN,x| 01 3D 00 00 00 00 08 00 
72500,="15:44:22.977",0xAE0531C,1,Rx,0x318,Standard Frame,data frame,8,CAN,x| 01 41 FF 00 00 00 10 80 
72501,="15:44:22.977",0xAE055D8,1,Rx,0x13F,Standard Frame,data frame,8,CAN,x| 00 12 C0 00 00 00 00 00 
72502,="15:44:22.986",0xAE07838,1,Rx,0x124,Standard Frame,data frame,8,CAN,x| 68 12 C0 1D B0 13 23 00 
72503,="15:44:22.986",0xAE07900,1,Rx,0x120,Standard Frame,data frame,6,CAN,x| 02 43 14 A4 5F 03 
72504,="15:44:22.986",0xAE07A2C,1,Rx,0x122,Standard Frame,data frame,8,CAN,x| B0 00 00 03 13 00 00 00 
72505,="15:44:22.994",0xAE09D54,1,Rx,0x124,Standard Frame,data frame,8,CAN,x| 68 12 C0 1D B0 0E 20 00 
72506,="15:44:22.994",0xAE09E1C,1,Rx,0x120,Standard Frame,data frame,6,CAN,x| 02 43 14 A4 61 00 
72507,="15:44:22.994",0xAE09F48,1,Rx,0x122,Standard Frame,data frame,8,CAN,x| B0 00 00 00 0E 00 00 00 
72508,="15:44:22.996",0xAE0A330,1,Rx,0x13F,Standard Frame,data frame,8,CAN,x| 00 12 C0 00 00 00 00 00 
72509,="15:44:23.006",0xAE0C720,1,Rx,0x124,Standard Frame,data frame,8,CAN,x| 68 12 C0 1D B0 12 21 00 
72510,="15:44:23.006",0xAE0C7E8,1,Rx,0x120,Standard Frame,data frame,6,CAN,x| 02 43 14 A4 62 01 
72511,="15:44:23.006",0xAE0C8B0,1,Rx,0x122,Standard Frame,data frame,8,CAN,x| B0 00 00 01 12 00 00 00 
72512,="15:44:23.014",0xAE0EB74,1,Rx,0x124,Standard Frame,data frame,8,CAN,x| 68 12 C0 1D B0 12 22 00 
72513,="15:44:23.014",0xAE0EC3C,1,Rx,0x120,Standard Frame,data frame,6,CAN,x| 02 43 0E A4 60 02 
72514,="15:44:23.016",0xAE0ED04,1,Rx,0x122,Standard Frame,data frame,8,CAN,x| B0 00 00 02 12 00 00 00 
72515,="15:44:23.016",0xAE0F088,1,Rx,0x13F,Standard Frame,data frame,8,CAN,x| 00 12 C0 00 00 00 00 00 
72516,="15:44:23.024",0xAE11284,1,Rx,0x124,Standard Frame,data frame,8,CAN,x| 68 12 C0 1D B0 12 23 00 
72517,="15:44:23.024",0xAE1134C,1,Rx,0x120,Standard Frame,data frame,6,CAN,x| 02 43 0E A4 61 03 
72518,="15:44:23.026",0xAE11414,1,Rx,0x122,Standard Frame,data frame,8,CAN,x| B0 00 00 03 12 00 00 00 
72519,="15:44:23.036",0xAE13B88,1,Rx,0x124,Standard Frame,data frame,8,CAN,x| 68 12 C0 1D B0 12 20 00 
72520,="15:44:23.036",0xAE13C50,1,Rx,0x120,Standard Frame,data frame,6,CAN,x| 02 43 10 A4 61 00 
72521,="15:44:23.036",0xAE13D18,1,Rx,0x122,Standard Frame,data frame,8,CAN,x| B0 00 00 00 12 00 00 00 
72522,="15:44:23.036",0xAE141C8,1,Rx,0x13F,Standard Frame,data frame,8,CAN,x| 00 12 C0 00 00 00 00 00 
72523,="15:44:23.044",0xAE16040,1,Rx,0x124,Standard Frame,data frame,8,CAN,x| 68 12 C0 1D B0 0E 21 00 
72524,="15:44:23.044",0xAE16108,1,Rx,0x120,Standard Frame,data frame,6,CAN,x| 02 43 10 A4 62 01 
72525,="15:44:23.046",0xAE16234,1,Rx,0x122,Standard Frame,data frame,8,CAN,x| B0 00 00 01 0E 00 00 00 
72526,="15:44:23.046",0xAE16748,1,Rx,0x314,Standard Frame,data frame,8,CAN,x| 00 00 00 00 00 00 9A 01 
72527,="15:44:23.046",0xAE16810,1,Rx,0x500,Standard Frame,data frame,8,CAN,x| 75 03 3F 3F 3F 3F 3F 3F 
72528,="15:44:23.046",0xAE1693C,1,Rx,0x32E,Standard Frame,data frame,8,CAN,x| 00 00 00 01 64 00 00 00 
72529,="15:44:23.056",0xAE18A0C,1,Rx,0x124,Standard Frame,data frame,8,CAN,x| 68 12 C0 1D B0 12 22 00 
72530,="15:44:23.056",0xAE18AD4,1,Rx,0x120,Standard Frame,data frame,6,CAN,x| 02 43 10 A4 64 02 
72531,="15:44:23.056",0xAE18C00,1,Rx,0x122,Standard Frame,data frame,8,CAN,x| B0 00 00 02 12 00 00 00 
72532,="15:44:23.056",0xAE18F84,1,Rx,0x13F,Standard Frame,data frame,8,CAN,x| 00 12 C0 00 00 00 00 00 
72533,="15:44:23.064",0xAE1AE60,1,Rx,0x124,Standard Frame,data frame,8,CAN,x| 68 12 C0 1D B0 12 23 00 
72534,="15:44:23.064",0xAE1AF28,1,Rx,0x120,Standard Frame,data frame,6,CAN,x| 02 43 0C A4 60 03 
72535,="15:44:23.066",0xAE1B054,1,Rx,0x122,Standard Frame,data frame,8,CAN,x| B0 00 00 03 12 00 00 00 
72536,="15:44:23.074",0xAE1D570,1,Rx,0x124,Standard Frame,data frame,8,CAN,x| 68 12 C0 1D B0 12 20 00 
72537,="15:44:23.074",0xAE1D638,1,Rx,0x120,Standard Frame,data frame,6,CAN,x| 02 43 0C A4 60 00 
72538,="15:44:23.076",0xAE1D764,1,Rx,0x122,Standard Frame,data frame,8,CAN,x| B0 00 00 00 12 00 00 00 
72539,="15:44:23.076",0xAE1D82C,1,Rx,0x310,Standard Frame,data frame,8,CAN,x| 01 3D 00 00 00 00 08 00 
72540,="15:44:23.076",0xAE1D958,1,Rx,0x318,Standard Frame,data frame,8,CAN,x| 01 41 FF 00 00 00 10 80 
72541,="15:44:23.076",0xAE1DDA4,1,Rx,0x13F,Standard Frame,data frame,8,CAN,x| 00 12 C0 00 00 00 00 00 
72542,="15:44:23.086",0xAE2025C,1,Rx,0x124,Standard Frame,data frame,8,CAN,x| 68 12 C0 1D B0 12 21 00 
72543,="15:44:23.086",0xAE20324,1,Rx,0x120,Standard Frame,data frame,6,CAN,x| 02 43 0E A4 62 01 
72544,="15:44:23.086",0xAE203EC,1,Rx,0x122,Standard Frame,data frame,8,CAN,x| B0 00 00 01 12 00 00 00 
72545,="15:44:23.094",0xAE22390,1,Rx,0x124,Standard Frame,data frame,8,CAN,x| 68 12 C0 1D B0 0B 22 00 
72546,="15:44:23.094",0xAE22458,1,Rx,0x120,Standard Frame,data frame,6,CAN,x| 02 43 0E A4 62 02 
72547,="15:44:23.096",0xAE22584,1,Rx,0x122,Standard Frame,data frame,8,CAN,x| B0 00 00 02 0B 00 00 00 
72548,="15:44:23.096",0xAE228A4,1,Rx,0x13F,Standard Frame,data frame,8,CAN,x| 00 12 C0 00 00 00 00 00 
72549,="15:44:23.106",0xAE24D5C,1,Rx,0x124,Standard Frame,data frame,8,CAN,x| 68 12 C0 1D B0 12 23 00 
72550,="15:44:23.106",0xAE24E24,1,Rx,0x120,Standard Frame,data frame,6,CAN,x| 02 43 0E A4 63 03 
72551,="15:44:23.106",0xAE24EEC,1,Rx,0x122,Standard Frame,data frame,8,CAN,x| B0 00 00 03 12 00 00 00 
72552,="15:44:23.114",0xAE271B0,1,Rx,0x124,Standard Frame,data frame,8,CAN,x| 68 12 C0 1D B0 12 20 00 
72553,="15:44:23.114",0xAE27278,1,Rx,0x120,Standard Frame,data frame,6,CAN,x| 02 43 0D A4 60 00 
72554,="15:44:23.116",0xAE27340,1,Rx,0x122,Standard Frame,data frame,8,CAN,x| B0 00 00 00 12 00 00 00 
72555,="15:44:23.116",0xAE2778C,1,Rx,0x13F,Standard Frame,data frame,8,CAN,x| 00 12 C0 00 00 00 00 00 
72556,="15:44:23.124",0xAE298C0,1,Rx,0x124,Standard Frame,data frame,8,CAN,x| 68 12 C0 1D B0 12 21 00 
72557,="15:44:23.124",0xAE29988,1,Rx,0x120,Standard Frame,data frame,6,CAN,x| 02 43 0D A4 60 01 
72558,="15:44:23.126",0xAE29A50,1,Rx,0x122,Standard Frame,data frame,8,CAN,x| B0 00 00 01 12 00 00 00 
72559,="15:44:23.136",0xAE2C160,1,Rx,0x124,Standard Frame,data frame,8,CAN,x| 68 12 C0 1D B0 13 22 00 
72560,="15:44:23.136",0xAE2C228,1,Rx,0x120,Standard Frame,data frame,6,CAN,x| 02 43 12 A4 60 02 
72561,="15:44:23.136",0xAE2C354,1,Rx,0x122,Standard Frame,data frame,8,CAN,x| B0 00 00 02 13 00 00 00 
72562,="15:44:23.136",0xAE2C6D8,1,Rx,0x13F,Standard Frame,data frame,8,CAN,x| 00 12 C0 00 00 00 00 00 
72563,="15:44:23.144",0xAE2E67C,1,Rx,0x124,Standard Frame,data frame,8,CAN,x| 68 12 C0 1D B0 0A 23 00 
72564,="15:44:23.144",0xAE2E744,1,Rx,0x120,Standard Frame,data frame,6,CAN,x| 02 43 12 A4 60 03 
72565,="15:44:23.146",0xAE2E870,1,Rx,0x122,Standard Frame,data frame,8,CAN,x| B0 00 00 03 0A 00 00 00 
72566,="15:44:23.146",0xAE2EEB0,1,Rx,0x314,Standard Frame,data frame,8,CAN,x| 00 00 00 00 00 00 97 01 
72567,="15:44:23.146",0xAE2EF78,1,Rx,0x32E,Standard Frame,data frame,8,CAN,x| 00 00 00 02 64 00 00 00 
72568,="15:44:23.156",0xAE31048,1,Rx,0x124,Standard Frame,data frame,8,CAN,x| 68 12 C0 1D B0 13 20 00 
72569,="15:44:23.156",0xAE31110,1,Rx,0x120,Standard Frame,data frame,6,CAN,x| 02 43 12 A4 61 00 
72570,="15:44:23.156",0xAE3123C,1,Rx,0x122,Standard Frame,data frame,8,CAN,x| B0 00 00 00 13 00 00 00 
72571,="15:44:23.156",0xAE31688,1,Rx,0x13F,Standard Frame,data frame,8,CAN,x| 00 12 C0 00 00 00 00 00 
72572,="15:44:23.164",0xAE3349C,1,Rx,0x124,Standard Frame,data frame,8,CAN,x| 68 12 C0 1D B0 13 21 00 
72573,="15:44:23.164",0xAE33564,1,Rx,0x120,Standard Frame,data frame,6,CAN,x| 02 43 11 A4 5E 01 
72574,="15:44:23.166",0xAE33690,1,Rx,0x122,Standard Frame,data frame,8,CAN,x| B0 00 00 01 13 00 00 00 
72575,="15:44:23.174",0xAE35BAC,1,Rx,0x124,Standard Frame,data frame,8,CAN,x| 68 12 C0 1D B0 13 22 00 
72576,="15:44:23.174",0xAE35C74,1,Rx,0x120,Standard Frame,data frame,6,CAN,x| 02 43 11 A4 5D 02 
72577,="15:44:23.176",0xAE35DA0,1,Rx,0x122,Standard Frame,data frame,8,CAN,x| B0 00 00 02 13 00 00 00 
72578,="15:44:23.176",0xAE35E68,1,Rx,0x310,Standard Frame,data frame,8,CAN,x| 01 3D 00 00 00 00 08 00 
72579,="15:44:23.176",0xAE35F30,1,Rx,0x318,Standard Frame,data frame,8,CAN,x| 01 41 FF 00 00 00 10 80 
72580,="15:44:23.176",0xAE36250,1,Rx,0x13F,Standard Frame,data frame,8,CAN,x| 00 12 C0 00 00 00 00 00 
72581,="15:44:23.186",0xAE384B0,1,Rx,0x124,Standard Frame,data frame,8,CAN,x| 68 12 C0 1D B0 13 23 00 
72582,="15:44:23.186",0xAE38578,1,Rx,0x120,Standard Frame,data frame,6,CAN,x| 02 43 15 A4 5C 03 
72583,="15:44:23.186",0xAE38640,1,Rx,0x122,Standard Frame,data frame,8,CAN,x| B0 00 00 03 13 00 00 00 
72584,="15:44:23.194",0xAE3A9CC,1,Rx,0x124,Standard Frame,data frame,8,CAN,x| 68 12 C0 1D B0 0C 20 00 
72585,="15:44:23.194",0xAE3AA94,1,Rx,0x120,Standard Frame,data frame,6,CAN,x| 02 43 15 A4 5E 00 
72586,="15:44:23.196",0xAE3AB5C,1,Rx,0x122,Standard Frame,data frame,8,CAN,x| B0 00 00 00 0C 00 00 00 
72587,="15:44:23.196",0xAE3AFA8,1,Rx,0x13F,Standard Frame,data frame,8,CAN,x| 00 12 C0 00 00 00 00 00 
72588,="15:44:23.206",0xAE3D334,1,Rx,0x124,Standard Frame,data frame,8,CAN,x| 68 12 C0 1D B0 13 21 00 
72589,="15:44:23.206",0xAE3D3FC,1,Rx,0x120,Standard Frame,data frame,6,CAN,x| 02 43 15 A4 5E 01 
72590,="15:44:23.206",0xAE3D528,1,Rx,0x122,Standard Frame,data frame,8,CAN,x| B0 00 00 01 13 00 00 00 
72591,="15:44:23.214",0xAE3F7EC,1,Rx,0x124,Standard Frame,data frame,8,CAN,x| 68 12 C0 1D B0 13 22 00 
72592,="15:44:23.214",0xAE3F8B4,1,Rx,0x120,Standard Frame,data frame,6,CAN,x| 02 43 14 A4 5E 02 
72593,="15:44:23.216",0xAE3F97C,1,Rx,0x122,Standard Frame,data frame,8,CAN,x| B0 00 00 02 13 00 00 00 
72594,="15:44:23.216",0xAE3FD00,1,Rx,0x13F,Standard Frame,data frame,8,CAN,x| 00 12 C0 00 00 00 00 00 
72595,="15:44:23.224",0xAE41EFC,1,Rx,0x124,Standard Frame,data frame,8,CAN,x| 68 12 C0 1D B0 13 23 00 
72596,="15:44:23.224",0xAE41F60,1,Rx,0x120,Standard Frame,data frame,6,CAN,x| 02 43 14 A4 5D 03 
72597,="15:44:23.226",0xAE4208C,1,Rx,0x122,Standard Frame,data frame,8,CAN,x| B0 00 00 03 13 00 00 00 
72598,="15:44:23.236",0xAE4479C,1,Rx,0x124,Standard Frame,data frame,8,CAN,x| 68 12 C0 1D B0 13 20 00 
72599,="15:44:23.236",0xAE44864,1,Rx,0x120,Standard Frame,data frame,6,CAN,x| 02 43 18 A4 5C 00 
72600,="15:44:23.236",0xAE44990,1,Rx,0x122,Standard Frame,data frame,8,CAN,x| B0 00 00 00 13 00 00 00 
72601,="15:44:23.236",0xAE44DDC,1,Rx,0x13F,Standard Frame,data frame,8,CAN,x| 00 12 C0 00 00 00 00 00 
72602,="15:44:23.244",0xAE46CB8,1,Rx,0x124,Standard Frame,data frame,8,CAN,x| 68 12 C0 1D B0 0F 21 00 
72603,="15:44:23.244",0xAE46D80,1,Rx,0x120,Standard Frame,data frame,6,CAN,x| 02 43 18 A4 5F 01 
72604,="15:44:23.246",0xAE46EAC,1,Rx,0x122,Standard Frame,data frame,8,CAN,x| B0 00 00 01 0F 00 00 00 
72605,="15:44:23.246",0xAE473C0,1,Rx,0x314,Standard Frame,data frame,8,CAN,x| 00 00 00 00 00 00 B2 01 
72606,="15:44:23.246",0xAE474EC,1,Rx,0x500,Standard Frame,data frame,8,CAN,x| 75 01 00 3F 3F 3F 3F 3F 
72607,="15:44:23.246",0xAE475B4,1,Rx,0x32E,Standard Frame,data frame,8,CAN,x| 00 00 00 03 64 00 00 00 
72608,="15:44:23.256",0xAE49684,1,Rx,0x124,Standard Frame,data frame,8,CAN,x| 68 12 C0 1D B0 13 22 00 
72609,="15:44:23.256",0xAE4974C,1,Rx,0x120,Standard Frame,data frame,6,CAN,x| 02 43 18 A4 5F 02 
72610,="15:44:23.256",0xAE49814,1,Rx,0x122,Standard Frame,data frame,8,CAN,x| B0 00 00 02 13 00 00 00 
72611,="15:44:23.256",0xAE49BFC,1,Rx,0x13F,Standard Frame,data frame,8,CAN,x| 00 12 C0 00 00 00 00 00 
72612,="15:44:23.264",0xAE4BAD8,1,Rx,0x124,Standard Frame,data frame,8,CAN,x| 68 12 C0 1D B0 13 23 00 
72613,="15:44:23.264",0xAE4BBA0,1,Rx,0x120,Standard Frame,data frame,6,CAN,x| 02 43 16 A4 5F 03 
72614,="15:44:23.266",0xAE4BCCC,1,Rx,0x122,Standard Frame,data frame,8,CAN,x| B0 00 00 03 13 00 00 00 
72615,="15:44:23.274",0xAE4E1E8,1,Rx,0x124,Standard Frame,data frame,8,CAN,x| 68 12 C0 1D B0 14 20 00 
72616,="15:44:23.274",0xAE4E2B0,1,Rx,0x120,Standard Frame,data frame,6,CAN,x| 02 43 16 A4 5E 00 
72617,="15:44:23.276",0xAE4E3DC,1,Rx,0x122,Standard Frame,data frame,8,CAN,x| B0 00 00 00 14 00 00 00 
72618,="15:44:23.276",0xAE4E4A4,1,Rx,0x310,Standard Frame,data frame,8,CAN,x| 01 3D 00 00 00 00 08 00 
72619,="15:44:23.276",0xAE4E5D0,1,Rx,0x318,Standard Frame,data frame,8,CAN,x| 01 41 FF 00 00 00 10 80 
72620,="15:44:23.276",0xAE4EA1C,1,Rx,0x13F,Standard Frame,data frame,8,CAN,x| 00 12 C0 00 00 00 00 00 
72621,="15:44:23.286",0xAE50AEC,1,Rx,0x124,Standard Frame,data frame,8,CAN,x| 68 12 C0 1D B0 14 21 00 
72622,="15:44:23.286",0xAE50BB4,1,Rx,0x120,Standard Frame,data frame,6,CAN,x| 02 43 1A A4 5E 01 
72623,="15:44:23.286",0xAE50C7C,1,Rx,0x122,Standard Frame,data frame,8,CAN,x| B0 00 00 01 14 00 00 00 
72624,="15:44:23.294",0xAE53008,1,Rx,0x124,Standard Frame,data frame,8,CAN,x| 68 12 C0 1D B0 0F 22 00 
72625,="15:44:23.294",0xAE530D0,1,Rx,0x120,Standard Frame,data frame,6,CAN,x| 02 43 1A A4 5F 02 
72626,="15:44:23.296",0xAE53198,1,Rx,0x122,Standard Frame,data frame,8,CAN,x| B0 00 00 02 0F 00 00 00 
72627,="15:44:23.296",0xAE5351C,1,Rx,0x13F,Standard Frame,data frame,8,CAN,x| 00 12 C0 00 00 00 00 00 
72628,="15:44:23.306",0xAE559D4,1,Rx,0x124,Standard Frame,data frame,8,CAN,x| 68 12 C0 1D B0 14 23 00 
72629,="15:44:23.306",0xAE55A9C,1,Rx,0x120,Standard Frame,data frame,6,CAN,x| 02 43 1A A4 5F 03 
72630,="15:44:23.306",0xAE55B64,1,Rx,0x122,Standard Frame,data frame,8,CAN,x| B0 00 00 03 14 00 00 00 
72631,="15:44:23.314",0xAE57E28,1,Rx,0x124,Standard Frame,data frame,8,CAN,x| 68 12 C0 1D B0 14 20 00 
72632,="15:44:23.314",0xAE57EF0,1,Rx,0x120,Standard Frame,data frame,6,CAN,x| 02 43 18 A4 5E 00 
72633,="15:44:23.316",0xAE57FB8,1,Rx,0x122,Standard Frame,data frame,8,CAN,x| B0 00 00 00 14 00 00 00 
72634,="15:44:23.316",0xAE58404,1,Rx,0x13F,Standard Frame,data frame,8,CAN,x| 00 12 C0 00 00 00 00 00 
72635,="15:44:23.324",0xAE5A538,1,Rx,0x124,Standard Frame,data frame,8,CAN,x| 68 12 C0 1D B0 14 21 00 
72636,="15:44:23.324",0xAE5A59C,1,Rx,0x120,Standard Frame,data frame,6,CAN,x| 02 43 18 A4 5D 01 
72637,="15:44:23.326",0xAE5A6C8,1,Rx,0x122,Standard Frame,data frame,8,CAN,x| B0 00 00 01 14 00 00 00 
72638,="15:44:23.336",0xAE5CDD8,1,Rx,0x124,Standard Frame,data frame,8,CAN,x| 68 12 C0 1D B0 14 22 00 
72639,="15:44:23.336",0xAE5CEA0,1,Rx,0x120,Standard Frame,data frame,6,CAN,x| 02 43 1B A4 5C 02 
72640,="15:44:23.336",0xAE5CFCC,1,Rx,0x122,Standard Frame,data frame,8,CAN,x| B0 00 00 02 14 00 00 00 
72641,="15:44:23.336",0xAE5D3B4,1,Rx,0x13F,Standard Frame,data frame,8,CAN,x| 00 12 C0 00 00 00 00 00 
72642,="15:44:23.344",0xAE5F2F4,1,Rx,0x124,Standard Frame,data frame,8,CAN,x| 68 12 C0 1D B0 0F 23 00 
72643,="15:44:23.346",0xAE5F3BC,1,Rx,0x120,Standard Frame,data frame,6,CAN,x| 02 43 1B A4 60 03 
72644,="15:44:23.346",0xAE5F4E8,1,Rx,0x122,Standard Frame,data frame,8,CAN,x| B0 00 00 03 0F 00 00 00 
72645,="15:44:23.346",0xAE5FB28,1,Rx,0x314,Standard Frame,data frame,8,CAN,x| 00 00 00 00 00 00 C0 01 
72646,="15:44:23.348",0xAE5FBF0,1,Rx,0x32E,Standard Frame,data frame,8,CAN,x| 00 00 00 00 64 00 00 00 
72647,="15:44:23.356",0xAE61CC0,1,Rx,0x124,Standard Frame,data frame,8,CAN,x| 68 12 C0 1D B0 14 20 00 
72648,="15:44:23.356",0xAE61D88,1,Rx,0x120,Standard Frame,data frame,6,CAN,x| 02 43 1B A4 60 00 
72649,="15:44:23.356",0xAE61E50,1,Rx,0x122,Standard Frame,data frame,8,CAN,x| B0 00 00 00 14 00 00 00 
72650,="15:44:23.358",0xAE62300,1,Rx,0x13F,Standard Frame,data frame,8,CAN,x| 00 12 C0 00 00 00 00 00 
72651,="15:44:23.364",0xAE64114,1,Rx,0x124,Standard Frame,data frame,8,CAN,x| 68 12 C0 1D B0 14 21 00 
72652,="15:44:23.364",0xAE641DC,1,Rx,0x120,Standard Frame,data frame,6,CAN,x| 02 43 19 A4 5E 01 
72653,="15:44:23.366",0xAE64308,1,Rx,0x122,Standard Frame,data frame,8,CAN,x| B0 00 00 01 14 00 00 00 
72654,="15:44:23.374",0xAE66824,1,Rx,0x124,Standard Frame,data frame,8,CAN,x| 68 12 C0 1D B0 14 22 00 
72655,="15:44:23.374",0xAE668EC,1,Rx,0x120,Standard Frame,data frame,6,CAN,x| 02 43 19 A4 5D 02 
72656,="15:44:23.376",0xAE669B4,1,Rx,0x122,Standard Frame,data frame,8,CAN,x| B0 00 00 02 14 00 00 00 
72657,="15:44:23.376",0xAE66AE0,1,Rx,0x310,Standard Frame,data frame,8,CAN,x| 01 3D 00 00 00 00 08 00 
72658,="15:44:23.376",0xAE66BA8,1,Rx,0x318,Standard Frame,data frame,8,CAN,x| 01 41 FF 00 00 00 10 80 
72659,="15:44:23.376",0xAE66EC8,1,Rx,0x13F,Standard Frame,data frame,8,CAN,x| 00 12 C0 00 00 00 00 00 
72660,="15:44:23.386",0xAE69128,1,Rx,0x124,Standard Frame,data frame,8,CAN,x| 68 12 C0 1D B0 14 23 00 
72661,="15:44:23.386",0xAE691F0,1,Rx,0x120,Standard Frame,data frame,6,CAN,x| 02 43 1B A4 5D 03 
72662,="15:44:23.386",0xAE692B8,1,Rx,0x122,Standard Frame,data frame,8,CAN,x| B0 00 00 03 14 00 00 00 
72663,="15:44:23.394",0xAE6B644,1,Rx,0x124,Standard Frame,data frame,8,CAN,x| 68 12 C0 1D B0 0F 20 00 
72664,="15:44:23.394",0xAE6B70C,1,Rx,0x120,Standard Frame,data frame,6,CAN,x| 02 43 1C A4 60 00 
72665,="15:44:23.396",0xAE6B7D4,1,Rx,0x122,Standard Frame,data frame,8,CAN,x| B0 00 00 00 0F 00 00 00 
72666,="15:44:23.396",0xAE6BC20,1,Rx,0x13F,Standard Frame,data frame,8,CAN,x| 00 12 C0 00 00 00 00 00 
72667,="15:44:23.406",0xAE6DFAC,1,Rx,0x124,Standard Frame,data frame,8,CAN,x| 68 12 C0 1D B0 14 21 00 
72668,="15:44:23.406",0xAE6E074,1,Rx,0x120,Standard Frame,data frame,6,CAN,x| 02 43 1C A4 60 01 
72669,="15:44:23.406",0xAE6E1A0,1,Rx,0x122,Standard Frame,data frame,8,CAN,x| B0 00 00 01 14 00 00 00 
72670,="15:44:23.414",0xAE70464,1,Rx,0x124,Standard Frame,data frame,8,CAN,x| 68 12 C0 1D B0 14 22 00 
72671,="15:44:23.414",0xAE7052C,1,Rx,0x120,Standard Frame,data frame,6,CAN,x| 02 43 18 A4 5E 02 
72672,="15:44:23.416",0xAE705F4,1,Rx,0x122,Standard Frame,data frame,8,CAN,x| B0 00 00 02 14 00 00 00 
72673,="15:44:23.416",0xAE70978,1,Rx,0x13F,Standard Frame,data frame,8,CAN,x| 00 12 C0 00 00 00 00 00 
72674,="15:44:23.424",0xAE72B74,1,Rx,0x124,Standard Frame,data frame,8,CAN,x| 68 12 C0 1D B0 13 23 00 
72675,="15:44:23.426",0xAE72C3C,1,Rx,0x120,Standard Frame,data frame,6,CAN,x| 02 43 18 A4 5E 03 
72676,="15:44:23.426",0xAE72D04,1,Rx,0x122,Standard Frame,data frame,8,CAN,x| B0 00 00 03 13 00 00 00 
72677,="15:44:23.436",0xAE75414,1,Rx,0x124,Standard Frame,data frame,8,CAN,x| 68 12 C0 1D B0 13 20 00 
72678,="15:44:23.436",0xAE754DC,1,Rx,0x120,Standard Frame,data frame,6,CAN,x| 02 43 19 A4 5E 00 
72679,="15:44:23.436",0xAE75608,1,Rx,0x122,Standard Frame,data frame,8,CAN,x| B0 00 00 00 13 00 00 00 
72680,="15:44:23.436",0xAE75A54,1,Rx,0x13F,Standard Frame,data frame,8,CAN,x| 00 12 C0 00 00 00 00 00 
72681,="15:44:23.444",0xAE77930,1,Rx,0x124,Standard Frame,data frame,8,CAN,x| 68 12 C0 1D B0 0C 21 00 
72682,="15:44:23.446",0xAE779F8,1,Rx,0x120,Standard Frame,data frame,6,CAN,x| 02 43 1A A4 60 01 
72683,="15:44:23.446",0xAE77B24,1,Rx,0x122,Standard Frame,data frame,8,CAN,x| B0 00 00 01 0C 00 00 00 
72684,="15:44:23.446",0xAE78038,1,Rx,0x314,Standard Frame,data frame,8,CAN,x| 00 00 00 00 00 00 BE 01 
72685,="15:44:23.446",0xAE78100,1,Rx,0x500,Standard Frame,data frame,8,CAN,x| 75 02 3F 3F 3F 3F 3F 3F 
72686,="15:44:23.448",0xAE7822C,1,Rx,0x32E,Standard Frame,data frame,8,CAN,x| 00 00 00 01 64 00 00 00 
72687,="15:44:23.456",0xAE7A2FC,1,Rx,0x124,Standard Frame,data frame,8,CAN,x| 68 12 C0 1D B0 13 22 00 
72688,="15:44:23.456",0xAE7A3C4,1,Rx,0x120,Standard Frame,data frame,6,CAN,x| 02 43 1A A4 60 02 
72689,="15:44:23.456",0xAE7A48C,1,Rx,0x122,Standard Frame,data frame,8,CAN,x| B0 00 00 02 13 00 00 00 
72690,="15:44:23.456",0xAE7A874,1,Rx,0x13F,Standard Frame,data frame,8,CAN,x| 00 12 C0 00 00 00 00 00 
72691,="15:44:23.464",0xAE7C750,1,Rx,0x124,Standard Frame,data frame,8,CAN,x| 68 12 C0 1D B0 13 23 00 
72692,="15:44:23.464",0xAE7C818,1,Rx,0x120,Standard Frame,data frame,6,CAN,x| 02 43 16 A4 5F 03 
72693,="15:44:23.466",0xAE7C8E0,1,Rx,0x122,Standard Frame,data frame,8,CAN,x| B0 00 00 03 13 00 00 00 
72694,="15:44:23.474",0xAE7EE60,1,Rx,0x124,Standard Frame,data frame,8,CAN,x| 68 12 C0 1D B0 13 20 00 
72695,="15:44:23.474",0xAE7EF28,1,Rx,0x120,Standard Frame,data frame,6,CAN,x| 02 43 16 A4 5F 00 
72696,="15:44:23.476",0xAE7EFF0,1,Rx,0x122,Standard Frame,data frame,8,CAN,x| B0 00 00 00 13 00 00 00 
72697,="15:44:23.476",0xAE7F11C,1,Rx,0x310,Standard Frame,data frame,8,CAN,x| 01 3D 00 00 00 00 08 00 
72698,="15:44:23.476",0xAE7F1E4,1,Rx,0x318,Standard Frame,data frame,8,CAN,x| 01 41 FF 00 00 00 10 80 
72699,="15:44:23.476",0xAE7F5CC,1,Rx,0x13F,Standard Frame,data frame,8,CAN,x| 00 12 C0 00 00 00 00 00 
72700,="15:44:23.486",0xAE81764,1,Rx,0x124,Standard Frame,data frame,8,CAN,x| 68 12 C0 1D B0 13 21 00 
72701,="15:44:23.486",0xAE8182C,1,Rx,0x120,Standard Frame,data frame,6,CAN,x| 02 43 16 A4 5F 01 
72702,="15:44:23.486",0xAE818F4,1,Rx,0x122,Standard Frame,data frame,8,CAN,x| B0 00 00 01 13 00 00 00 
72703,="15:44:23.494",0xAE83C80,1,Rx,0x124,Standard Frame,data frame,8,CAN,x| 68 12 C0 1D B0 09 22 00 
72704,="15:44:23.496",0xAE83D48,1,Rx,0x120,Standard Frame,data frame,6,CAN,x| 02 43 16 A4 61 02 
72705,="15:44:23.496",0xAE83E10,1,Rx,0x122,Standard Frame,data frame,8,CAN,x| B0 00 00 02 09 00 00 00 
72706,="15:44:23.496",0xAE84194,1,Rx,0x13F,Standard Frame,data frame,8,CAN,x| 00 12 C0 00 00 00 00 00 
72707,="15:44:23.506",0xAE865E8,1,Rx,0x124,Standard Frame,data frame,8,CAN,x| 68 12 C0 1D B0 13 23 00 
72708,="15:44:23.506",0xAE866B0,1,Rx,0x120,Standard Frame,data frame,6,CAN,x| 02 43 16 A4 62 03 
72709,="15:44:23.506",0xAE867DC,1,Rx,0x122,Standard Frame,data frame,8,CAN,x| B0 00 00 03 13 00 00 00 
72710,="15:44:23.514",0xAE88AA0,1,Rx,0x124,Standard Frame,data frame,8,CAN,x| 68 12 C0 1D B0 13 20 00 
72711,="15:44:23.514",0xAE88B68,1,Rx,0x120,Standard Frame,data frame,6,CAN,x| 02 43 13 A4 5F 00 
72712,="15:44:23.516",0xAE88C30,1,Rx,0x122,Standard Frame,data frame,8,CAN,x| B0 00 00 00 13 00 00 00 
72713,="15:44:23.516",0xAE8907C,1,Rx,0x13F,Standard Frame,data frame,8,CAN,x| 00 12 C0 00 00 00 00 00 
72714,="15:44:23.524",0xAE8B14C,1,Rx,0x124,Standard Frame,data frame,8,CAN,x| 68 12 C0 1D B0 13 21 00 
72715,="15:44:23.526",0xAE8B214,1,Rx,0x120,Standard Frame,data frame,6,CAN,x| 02 43 13 A4 5F 01 
72716,="15:44:23.526",0xAE8B340,1,Rx,0x122,Standard Frame,data frame,8,CAN,x| B0 00 00 01 13 00 00 00 
72717,="15:44:23.536",0xAE8DA50,1,Rx,0x124,Standard Frame,data frame,8,CAN,x| 68 12 C0 1D B0 12 22 00 
72718,="15:44:23.536",0xAE8DB18,1,Rx,0x120,Standard Frame,data frame,6,CAN,x| 02 43 13 A4 5F 02 
72719,="15:44:23.536",0xAE8DBE0,1,Rx,0x122,Standard Frame,data frame,8,CAN,x| B0 00 00 02 12 00 00 00 
72720,="15:44:23.536",0xAE8DF64,1,Rx,0x13F,Standard Frame,data frame,8,CAN,x| 00 12 C0 00 00 00 00 00 
72721,="15:44:23.544",0xAE8FF6C,1,Rx,0x124,Standard Frame,data frame,8,CAN,x| 68 12 C0 1D B0 0B 23 00 
72722,="15:44:23.546",0xAE90034,1,Rx,0x120,Standard Frame,data frame,6,CAN,x| 02 43 13 A4 61 03 
72723,="15:44:23.546",0xAE90160,1,Rx,0x122,Standard Frame,data frame,8,CAN,x| B0 00 00 03 0B 00 00 00 
72724,="15:44:23.546",0xAE907A0,1,Rx,0x314,Standard Frame,data frame,8,CAN,x| 00 00 00 00 00 00 A6 01 
72725,="15:44:23.548",0xAE90868,1,Rx,0x32E,Standard Frame,data frame,8,CAN,x| 00 00 00 02 64 00 00 00 
72726,="15:44:23.556",0xAE92938,1,Rx,0x124,Standard Frame,data frame,8,CAN,x| 68 12 C0 1D B0 12 20 00 
72727,="15:44:23.556",0xAE92A00,1,Rx,0x120,Standard Frame,data frame,6,CAN,x| 02 43 13 A4 62 00 
72728,="15:44:23.556",0xAE92AC8,1,Rx,0x122,Standard Frame,data frame,8,CAN,x| B0 00 00 00 12 00 00 00 
72729,="15:44:23.558",0xAE92F14,1,Rx,0x13F,Standard Frame,data frame,8,CAN,x| 00 12 C0 00 00 00 00 00 
72730,="15:44:23.564",0xAE94D8C,1,Rx,0x124,Standard Frame,data frame,8,CAN,x| 68 12 C0 1D B0 12 21 00 
72731,="15:44:23.566",0xAE94E54,1,Rx,0x120,Standard Frame,data frame,6,CAN,x| 02 43 0E A4 60 01 
72732,="15:44:23.566",0xAE94F1C,1,Rx,0x122,Standard Frame,data frame,8,CAN,x| B0 00 00 01 12 00 00 00 
72733,="15:44:23.574",0xAE9749C,1,Rx,0x124,Standard Frame,data frame,8,CAN,x| 68 12 C0 1D B0 12 22 00 
72734,="15:44:23.576",0xAE97564,1,Rx,0x120,Standard Frame,data frame,6,CAN,x| 02 43 0E A4 61 02 
72735,="15:44:23.576",0xAE9762C,1,Rx,0x122,Standard Frame,data frame,8,CAN,x| B0 00 00 02 12 00 00 00 
72736,="15:44:23.576",0xAE97758,1,Rx,0x310,Standard Frame,data frame,8,CAN,x| 01 3D 00 00 00 00 08 00 
72737,="15:44:23.576",0xAE97820,1,Rx,0x318,Standard Frame,data frame,8,CAN,x| 01 41 FF 00 00 00 10 80 
72738,="15:44:23.576",0xAE97B40,1,Rx,0x13F,Standard Frame,data frame,8,CAN,x| 00 12 C0 00 00 00 00 00 
72739,="15:44:23.586",0xAE99D3C,1,Rx,0x124,Standard Frame,data frame,8,CAN,x| 68 12 C0 1D B0 12 23 00 
72740,="15:44:23.586",0xAE99E04,1,Rx,0x120,Standard Frame,data frame,6,CAN,x| 02 43 0F A4 62 03 
72741,="15:44:23.586",0xAE99F30,1,Rx,0x122,Standard Frame,data frame,8,CAN,x| B0 00 00 03 12 00 00 00 
72742,="15:44:23.594",0xAE9C258,1,Rx,0x124,Standard Frame,data frame,8,CAN,x| 68 12 C0 1D B0 0E 20 00 
72743,="15:44:23.596",0xAE9C320,1,Rx,0x120,Standard Frame,data frame,6,CAN,x| 02 43 0F A4 62 00 
72744,="15:44:23.596",0xAE9C44C,1,Rx,0x122,Standard Frame,data frame,8,CAN,x| B0 00 00 00 0E 00 00 00 
72745,="15:44:23.596",0xAE9C898,1,Rx,0x13F,Standard Frame,data frame,8,CAN,x| 00 12 C0 00 00 00 00 00 
72746,="15:44:23.606",0xAE9EC24,1,Rx,0x124,Standard Frame,data frame,8,CAN,x| 68 12 C0 1D B0 12 21 00 
72747,="15:44:23.606",0xAE9ECEC,1,Rx,0x120,Standard Frame,data frame,6,CAN,x| 02 43 0F A4 64 01 
72748,="15:44:23.606",0xAE9EE18,1,Rx,0x122,Standard Frame,data frame,8,CAN,x| B0 00 00 01 12 00 00 00 
72749,="15:44:23.614",0xAEA1078,1,Rx,0x124,Standard Frame,data frame,8,CAN,x| 68 12 C0 1D B0 12 22 00 
72750,="15:44:23.616",0xAEA1140,1,Rx,0x120,Standard Frame,data frame,6,CAN,x| 02 43 0B A4 61 02 
72751,="15:44:23.616",0xAEA126C,1,Rx,0x122,Standard Frame,data frame,8,CAN,x| B0 00 00 02 12 00 00 00 
72752,="15:44:23.616",0xAEA15F0,1,Rx,0x13F,Standard Frame,data frame,8,CAN,x| 00 12 C0 00 00 00 00 00 
72753,="15:44:23.624",0xAEA3788,1,Rx,0x124,Standard Frame,data frame,8,CAN,x| 68 12 C0 1D B0 12 23 00 
72754,="15:44:23.626",0xAEA3850,1,Rx,0x120,Standard Frame,data frame,6,CAN,x| 02 43 0B A4 61 03 
72755,="15:44:23.626",0xAEA397C,1,Rx,0x122,Standard Frame,data frame,8,CAN,x| B0 00 00 03 12 00 00 00 
72756,="15:44:23.636",0xAEA608C,1,Rx,0x124,Standard Frame,data frame,8,CAN,x| 68 12 C0 1D B0 12 20 00 
72757,="15:44:23.636",0xAEA6154,1,Rx,0x120,Standard Frame,data frame,6,CAN,x| 02 43 10 A4 62 00 
72758,="15:44:23.636",0xAEA6280,1,Rx,0x122,Standard Frame,data frame,8,CAN,x| B0 00 00 00 12 00 00 00 
72759,="15:44:23.636",0xAEA66CC,1,Rx,0x13F,Standard Frame,data frame,8,CAN,x| 00 12 C0 00 00 00 00 00 
72760,="15:44:23.644",0xAEA85A8,1,Rx,0x124,Standard Frame,data frame,8,CAN,x| 68 12 C0 1D B0 0E 21 00 
72761,="15:44:23.646",0xAEA8670,1,Rx,0x120,Standard Frame,data frame,6,CAN,x| 02 43 10 A4 62 01 
72762,="15:44:23.646",0xAEA8738,1,Rx,0x122,Standard Frame,data frame,8,CAN,x| B0 00 00 01 0E 00 00 00 
72763,="15:44:23.646",0xAEA8C4C,1,Rx,0x314,Standard Frame,data frame,8,CAN,x| 00 00 00 00 00 00 91 01 
72764,="15:44:23.646",0xAEA8D78,1,Rx,0x500,Standard Frame,data frame,8,CAN,x| 75 03 3F 3F 3F 3F 3F 3F 
72765,="15:44:23.648",0xAEA8E40,1,Rx,0x32E,Standard Frame,data frame,8,CAN,x| 00 00 00 03 64 00 00 00 
72766,="15:44:23.656",0xAEAAF74,1,Rx,0x124,Standard Frame,data frame,8,CAN,x| 68 12 C0 1D B0 12 22 00 
72767,="15:44:23.656",0xAEAB03C,1,Rx,0x120,Standard Frame,data frame,6,CAN,x| 02 43 10 A4 64 02 
72768,="15:44:23.656",0xAEAB104,1,Rx,0x122,Standard Frame,data frame,8,CAN,x| B0 00 00 02 12 00 00 00 
72769,="15:44:23.658",0xAEAB4EC,1,Rx,0x13F,Standard Frame,data frame,8,CAN,x| 00 12 C0 00 00 00 00 00 
72770,="15:44:23.664",0xAEAD3C8,1,Rx,0x124,Standard Frame,data frame,8,CAN,x| 68 12 C0 1D B0 13 23 00 
72771,="15:44:23.666",0xAEAD490,1,Rx,0x120,Standard Frame,data frame,6,CAN,x| 02 43 0F A4 60 03 
72772,="15:44:23.666",0xAEAD558,1,Rx,0x122,Standard Frame,data frame,8,CAN,x| B0 00 00 03 13 00 00 00 
72773,="15:44:23.674",0xAEAFAD8,1,Rx,0x124,Standard Frame,data frame,8,CAN,x| 68 12 C0 1D B0 13 20 00 
72774,="15:44:23.676",0xAEAFBA0,1,Rx,0x120,Standard Frame,data frame,6,CAN,x| 02 43 0F A4 5F 00 
72775,="15:44:23.676",0xAEAFC68,1,Rx,0x122,Standard Frame,data frame,8,CAN,x| B0 00 00 00 13 00 00 00 
72776,="15:44:23.676",0xAEAFD94,1,Rx,0x310,Standard Frame,data frame,8,CAN,x| 01 3D 00 00 00 00 08 00 
72777,="15:44:23.676",0xAEAFE5C,1,Rx,0x318,Standard Frame,data frame,8,CAN,x| 01 41 FF 00 00 00 10 80 
72778,="15:44:23.676",0xAEB0244,1,Rx,0x13F,Standard Frame,data frame,8,CAN,x| 00 12 C0 00 00 00 00 00 
72779,="15:44:23.686",0xAEB2378,1,Rx,0x124,Standard Frame,data frame,8,CAN,x| 68 12 C0 1D B0 13 21 00 
72780,="15:44:23.686",0xAEB2440,1,Rx,0x120,Standard Frame,data frame,6,CAN,x| 02 43 13 A4 5F 01 
72781,="15:44:23.686",0xAEB256C,1,Rx,0x122,Standard Frame,data frame,8,CAN,x| B0 00 00 01 13 00 00 00 
72782,="15:44:23.694",0xAEB48F8,1,Rx,0x124,Standard Frame,data frame,8,CAN,x| 68 12 C0 1D B0 0E 22 00 
72783,="15:44:23.696",0xAEB49C0,1,Rx,0x120,Standard Frame,data frame,6,CAN,x| 02 43 13 A4 60 02 
72784,="15:44:23.696",0xAEB4A88,1,Rx,0x122,Standard Frame,data frame,8,CAN,x| B0 00 00 02 0E 00 00 00 
72785,="15:44:23.696",0xAEB4E0C,1,Rx,0x13F,Standard Frame,data frame,8,CAN,x| 00 12 C0 00 00 00 00 00 
72786,="15:44:23.706",0xAEB7260,1,Rx,0x124,Standard Frame,data frame,8,CAN,x| 68 12 C0 1D B0 13 23 00 
72787,="15:44:23.706",0xAEB7328,1,Rx,0x120,Standard Frame,data frame,6,CAN,x| 02 43 13 A4 60 03 
72788,="15:44:23.706",0xAEB73F0,1,Rx,0x122,Standard Frame,data frame,8,CAN,x| B0 00 00 03 13 00 00 00 
72789,="15:44:23.714",0xAEB96B4,1,Rx,0x124,Standard Frame,data frame,8,CAN,x| 68 12 C0 1D B0 13 20 00 
72790,="15:44:23.716",0xAEB977C,1,Rx,0x120,Standard Frame,data frame,6,CAN,x| 02 43 11 A4 5E 00 
72791,="15:44:23.716",0xAEB98A8,1,Rx,0x122,Standard Frame,data frame,8,CAN,x| B0 00 00 00 13 00 00 00 
72792,="15:44:23.716",0xAEB9CF4,1,Rx,0x13F,Standard Frame,data frame,8,CAN,x| 00 12 C0 00 00 00 00 00 
72793,="15:44:23.724",0xAEBBDC4,1,Rx,0x124,Standard Frame,data frame,8,CAN,x| 68 12 C0 1D B0 13 21 00 
72794,="15:44:23.726",0xAEBBE8C,1,Rx,0x120,Standard Frame,data frame,6,CAN,x| 02 43 11 A4 5D 01 
72795,="15:44:23.726",0xAEBBFB8,1,Rx,0x122,Standard Frame,data frame,8,CAN,x| B0 00 00 01 13 00 00 00 
72796,="15:44:23.736",0xAEBE6C8,1,Rx,0x124,Standard Frame,data frame,8,CAN,x| 68 12 C0 1D B0 13 22 00 
72797,="15:44:23.736",0xAEBE790,1,Rx,0x120,Standard Frame,data frame,6,CAN,x| 02 43 16 A4 5C 02 
72798,="15:44:23.736",0xAEBE858,1,Rx,0x122,Standard Frame,data frame,8,CAN,x| B0 00 00 02 13 00 00 00 
72799,="15:44:23.736",0xAEBEBDC,1,Rx,0x13F,Standard Frame,data frame,8,CAN,x| 00 12 C0 00 00 00 00 00 
72800,="15:44:23.744",0xAEC0BE4,1,Rx,0x124,Standard Frame,data frame,8,CAN,x| 68 12 C0 1D B0 0E 23 00 
72801,="15:44:23.746",0xAEC0CAC,1,Rx,0x120,Standard Frame,data frame,6,CAN,x| 02 43 16 A4 5F 03 
72802,="15:44:23.746",0xAEC0D74,1,Rx,0x122,Standard Frame,data frame,8,CAN,x| B0 00 00 03 0E 00 00 00 
72803,="15:44:23.748",0xAEC13B4,1,Rx,0x314,Standard Frame,data frame,8,CAN,x| 00 00 00 00 00 00 AA 01 
72804,="15:44:23.748",0xAEC14E0,1,Rx,0x32E,Standard Frame,data frame,8,CAN,x| 00 00 00 00 64 00 00 00 
72805,="15:44:23.756",0xAEC35B0,1,Rx,0x124,Standard Frame,data frame,8,CAN,x| 68 12 C0 1D B0 13 20 00 
72806,="15:44:23.756",0xAEC3678,1,Rx,0x120,Standard Frame,data frame,6,CAN,x| 02 43 16 A4 5F 00 
72807,="15:44:23.756",0xAEC3740,1,Rx,0x122,Standard Frame,data frame,8,CAN,x| B0 00 00 00 13 00 00 00 
72808,="15:44:23.758",0xAEC3BF0,1,Rx,0x13F,Standard Frame,data frame,8,CAN,x| 00 12 C0 00 00 00 00 00 
72809,="15:44:23.764",0xAEC5A04,1,Rx,0x124,Standard Frame,data frame,8,CAN,x| 68 12 C0 1D B0 13 21 00 
72810,="15:44:23.766",0xAEC5ACC,1,Rx,0x120,Standard Frame,data frame,6,CAN,x| 02 43 14 A4 5E 01 
72811,="15:44:23.766",0xAEC5B94,1,Rx,0x122,Standard Frame,data frame,8,CAN,x| B0 00 00 01 13 00 00 00 
72812,="15:44:23.776",0xAEC8114,1,Rx,0x124,Standard Frame,data frame,8,CAN,x| 68 12 C0 1D B0 13 22 00 
72813,="15:44:23.776",0xAEC8178,1,Rx,0x120,Standard Frame,data frame,6,CAN,x| 02 43 14 A4 5D 02 
72814,="15:44:23.776",0xAEC82A4,1,Rx,0x122,Standard Frame,data frame,8,CAN,x| B0 00 00 02 13 00 00 00 
72815,="15:44:23.776",0xAEC836C,1,Rx,0x310,Standard Frame,data frame,8,CAN,x| 01 3D 00 00 00 00 08 00 
72816,="15:44:23.776",0xAEC8498,1,Rx,0x318,Standard Frame,data frame,8,CAN,x| 01 41 FF 00 00 00 10 80 
72817,="15:44:23.776",0xAEC8754,1,Rx,0x13F,Standard Frame,data frame,8,CAN,x| 00 12 C0 00 00 00 00 00 
72818,="15:44:23.786",0xAECA9B4,1,Rx,0x124,Standard Frame,data frame,8,CAN,x| 68 12 C0 1D B0 13 23 00 
72819,="15:44:23.786",0xAECAA7C,1,Rx,0x120,Standard Frame,data frame,6,CAN,x| 02 43 19 A4 5C 03 
72820,="15:44:23.786",0xAECABA8,1,Rx,0x122,Standard Frame,data frame,8,CAN,x| B0 00 00 03 13 00 00 00 
72821,="15:44:23.794",0xAECCED0,1,Rx,0x124,Standard Frame,data frame,8,CAN,x| 68 12 C0 1D B0 0E 20 00 
72822,="15:44:23.796",0xAECCF98,1,Rx,0x120,Standard Frame,data frame,6,CAN,x| 02 43 19 A4 5E 00 
72823,="15:44:23.796",0xAECD0C4,1,Rx,0x122,Standard Frame,data frame,8,CAN,x| B0 00 00 00 0E 00 00 00 
72824,="15:44:23.796",0xAECD510,1,Rx,0x13F,Standard Frame,data frame,8,CAN,x| 00 12 C0 00 00 00 00 00 
72825,="15:44:23.806",0xAECF89C,1,Rx,0x124,Standard Frame,data frame,8,CAN,x| 68 12 C0 1D B0 13 21 00 
72826,="15:44:23.806",0xAECF964,1,Rx,0x120,Standard Frame,data frame,6,CAN,x| 02 43 19 A4 5E 01 
72827,="15:44:23.806",0xAECFA2C,1,Rx,0x122,Standard Frame,data frame,8,CAN,x| B0 00 00 01 13 00 00 00 
72828,="15:44:23.814",0xAED1CF0,1,Rx,0x124,Standard Frame,data frame,8,CAN,x| 68 12 C0 1D B0 13 22 00 
72829,="15:44:23.816",0xAED1DB8,1,Rx,0x120,Standard Frame,data frame,6,CAN,x| 02 43 17 A4 5E 02 
72830,="15:44:23.816",0xAED1EE4,1,Rx,0x122,Standard Frame,data frame,8,CAN,x| B0 00 00 02 13 00 00 00 
72831,="15:44:23.816",0xAED2268,1,Rx,0x13F,Standard Frame,data frame,8,CAN,x| 00 12 C0 00 00 00 00 00 
72832,="15:44:23.824",0xAED4400,1,Rx,0x124,Standard Frame,data frame,8,CAN,x| 68 12 C0 1D B0 14 23 00 
72833,="15:44:23.826",0xAED44C8,1,Rx,0x120,Standard Frame,data frame,6,CAN,x| 02 43 17 A4 5E 03 
72834,="15:44:23.826",0xAED4590,1,Rx,0x122,Standard Frame,data frame,8,CAN,x| B0 00 00 03 14 00 00 00 
72835,="15:44:23.836",0xAED6D04,1,Rx,0x124,Standard Frame,data frame,8,CAN,x| 68 12 C0 1D B0 14 20 00 
72836,="15:44:23.836",0xAED6DCC,1,Rx,0x120,Standard Frame,data frame,6,CAN,x| 02 43 19 A4 5D 00 
72837,="15:44:23.836",0xAED6E94,1,Rx,0x122,Standard Frame,data frame,8,CAN,x| B0 00 00 00 14 00 00 00 
72838,="15:44:23.838",0xAED72E0,1,Rx,0x13F,Standard Frame,data frame,8,CAN,x| 00 12 C0 00 00 00 00 00 
72839,="15:44:23.846",0xAED9220,1,Rx,0x124,Standard Frame,data frame,8,CAN,x| 68 12 C0 1D B0 0C 21 00 
72840,="15:44:23.846",0xAED92E8,1,Rx,0x120,Standard Frame,data frame,6,CAN,x| 02 43 1A A4 5F 01 
72841,="15:44:23.846",0xAED93B0,1,Rx,0x122,Standard Frame,data frame,8,CAN,x| B0 00 00 01 0C 00 00 00 
72842,="15:44:23.846",0xAED98C4,1,Rx,0x314,Standard Frame,data frame,8,CAN,x| 00 00 00 00 00 00 BB 01 
72843,="15:44:23.848",0xAED99F0,1,Rx,0x500,Standard Frame,data frame,8,CAN,x| 75 01 00 3F 3F 3F 3F 3F 
72844,="15:44:23.848",0xAED9AB8,1,Rx,0x32E,Standard Frame,data frame,8,CAN,x| 00 00 00 01 64 00 00 00 
72845,="15:44:23.856",0xAEDBB88,1,Rx,0x124,Standard Frame,data frame,8,CAN,x| 68 12 C0 1D B0 14 22 00 
72846,="15:44:23.856",0xAEDBC50,1,Rx,0x120,Standard Frame,data frame,6,CAN,x| 02 43 1A A4 5F 02 
72847,="15:44:23.856",0xAEDBD7C,1,Rx,0x122,Standard Frame,data frame,8,CAN,x| B0 00 00 02 14 00 00 00 
72848,="15:44:23.858",0xAEDC100,1,Rx,0x13F,Standard Frame,data frame,8,CAN,x| 00 12 C0 00 00 00 00 00 
72849,="15:44:23.866",0xAEDDFDC,1,Rx,0x124,Standard Frame,data frame,8,CAN,x| 68 12 C0 1D B0 14 23 00 
72850,="15:44:23.866",0xAEDE0A4,1,Rx,0x120,Standard Frame,data frame,6,CAN,x| 02 43 18 A4 5E 03 
72851,="15:44:23.866",0xAEDE1D0,1,Rx,0x122,Standard Frame,data frame,8,CAN,x| B0 00 00 03 14 00 00 00 
72852,="15:44:23.876",0xAEE0750,1,Rx,0x124,Standard Frame,data frame,8,CAN,x| 68 12 C0 1D B0 14 20 00 
72853,="15:44:23.876",0xAEE07B4,1,Rx,0x120,Standard Frame,data frame,6,CAN,x| 02 43 18 A4 5D 00 
72854,="15:44:23.876",0xAEE08E0,1,Rx,0x122,Standard Frame,data frame,8,CAN,x| B0 00 00 00 14 00 00 00 
72855,="15:44:23.876",0xAEE09A8,1,Rx,0x310,Standard Frame,data frame,8,CAN,x| 01 3D 00 00 00 00 08 00 
72856,="15:44:23.876",0xAEE0AD4,1,Rx,0x318,Standard Frame,data frame,8,CAN,x| 01 41 FF 00 00 00 10 80 
72857,="15:44:23.878",0xAEE0F84,1,Rx,0x13F,Standard Frame,data frame,8,CAN,x| 00 12 C0 00 00 00 00 00 
72858,="15:44:23.886",0xAEE2FF0,1,Rx,0x124,Standard Frame,data frame,8,CAN,x| 68 12 C0 1D B0 14 21 00 
72859,="15:44:23.886",0xAEE30B8,1,Rx,0x120,Standard Frame,data frame,6,CAN,x| 02 43 1B A4 5D 01 
72860,="15:44:23.886",0xAEE31E4,1,Rx,0x122,Standard Frame,data frame,8,CAN,x| B0 00 00 01 14 00 00 00 
72861,="15:44:23.896",0xAEE550C,1,Rx,0x124,Standard Frame,data frame,8,CAN,x| 68 12 C0 1D B0 0C 22 00 
72862,="15:44:23.896",0xAEE55D4,1,Rx,0x120,Standard Frame,data frame,6,CAN,x| 02 43 1C A4 60 02 
72863,="15:44:23.896",0xAEE5700,1,Rx,0x122,Standard Frame,data frame,8,CAN,x| B0 00 00 02 0C 00 00 00 
72864,="15:44:23.896",0xAEE5A20,1,Rx,0x13F,Standard Frame,data frame,8,CAN,x| 00 12 C0 00 00 00 00 00 
72865,="15:44:23.906",0xAEE7ED8,1,Rx,0x124,Standard Frame,data frame,8,CAN,x| 68 12 C0 1D B0 14 23 00 
72866,="15:44:23.906",0xAEE7FA0,1,Rx,0x120,Standard Frame,data frame,6,CAN,x| 02 43 1C A4 5F 03 
72867,="15:44:23.906",0xAEE8068,1,Rx,0x122,Standard Frame,data frame,8,CAN,x| B0 00 00 03 14 00 00 00 
72868,="15:44:23.916",0xAEEA32C,1,Rx,0x124,Standard Frame,data frame,8,CAN,x| 68 12 C0 1D B0 14 20 00 
72869,="15:44:23.916",0xAEEA3F4,1,Rx,0x120,Standard Frame,data frame,6,CAN,x| 02 43 18 A4 5E 00 
72870,="15:44:23.916",0xAEEA4BC,1,Rx,0x122,Standard Frame,data frame,8,CAN,x| B0 00 00 00 14 00 00 00 
72871,="15:44:23.916",0xAEEA908,1,Rx,0x13F,Standard Frame,data frame,8,CAN,x| 00 12 C0 00 00 00 00 00 
72872,="15:44:23.926",0xAEECA3C,1,Rx,0x124,Standard Frame,data frame,8,CAN,x| 68 12 C0 1D B0 14 21 00 
72873,="15:44:23.926",0xAEECB04,1,Rx,0x120,Standard Frame,data frame,6,CAN,x| 02 43 18 A4 5E 01 
72874,="15:44:23.926",0xAEECBCC,1,Rx,0x122,Standard Frame,data frame,8,CAN,x| B0 00 00 01 14 00 00 00 
72875,="15:44:23.936",0xAEEF340,1,Rx,0x124,Standard Frame,data frame,8,CAN,x| 68 12 C0 1D B0 14 22 00 
72876,="15:44:23.936",0xAEEF408,1,Rx,0x120,Standard Frame,data frame,6,CAN,x| 02 43 1A A4 5D 02 
72877,="15:44:23.936",0xAEEF4D0,1,Rx,0x122,Standard Frame,data frame,8,CAN,x| B0 00 00 02 14 00 00 00 
72878,="15:44:23.936",0xAEEF8B8,1,Rx,0x13F,Standard Frame,data frame,8,CAN,x| 00 12 C0 00 00 00 00 00 
72879,="15:44:23.946",0xAEF185C,1,Rx,0x124,Standard Frame,data frame,8,CAN,x| 68 12 C0 1D B0 0C 23 00 
72880,="15:44:23.946",0xAEF1924,1,Rx,0x120,Standard Frame,data frame,6,CAN,x| 02 43 1A A4 60 03 
72881,="15:44:23.946",0xAEF19EC,1,Rx,0x122,Standard Frame,data frame,8,CAN,x| B0 00 00 03 0C 00 00 00 
72882,="15:44:23.948",0xAEF202C,1,Rx,0x314,Standard Frame,data frame,8,CAN,x| 00 00 00 00 00 00 BE 01 
72883,="15:44:23.948",0xAEF2158,1,Rx,0x32E,Standard Frame,data frame,8,CAN,x| 00 00 00 02 64 00 00 00 
72884,="15:44:23.956",0xAEF41C4,1,Rx,0x124,Standard Frame,data frame,8,CAN,x| 68 12 C0 1D B0 13 20 00 
72885,="15:44:23.956",0xAEF428C,1,Rx,0x120,Standard Frame,data frame,6,CAN,x| 02 43 1A A4 60 00 
72886,="15:44:23.956",0xAEF43B8,1,Rx,0x122,Standard Frame,data frame,8,CAN,x| B0 00 00 00 13 00 00 00 
72887,="15:44:23.958",0xAEF4804,1,Rx,0x13F,Standard Frame,data frame,8,CAN,x| 00 12 C0 00 00 00 00 00 
72888,="15:44:23.966",0xAEF667C,1,Rx,0x124,Standard Frame,data frame,8,CAN,x| 68 12 C0 1D B0 13 21 00 
72889,="15:44:23.966",0xAEF66E0,1,Rx,0x120,Standard Frame,data frame,6,CAN,x| 02 43 18 A4 5E 01 
72890,="15:44:23.966",0xAEF680C,1,Rx,0x122,Standard Frame,data frame,8,CAN,x| B0 00 00 01 13 00 00 00 
72891,="15:44:23.976",0xAEF8D28,1,Rx,0x124,Standard Frame,data frame,8,CAN,x| 68 12 C0 1D B0 13 22 00 
72892,="15:44:23.976",0xAEF8DF0,1,Rx,0x120,Standard Frame,data frame,6,CAN,x| 02 43 18 A4 5E 02 
72893,="15:44:23.976",0xAEF8F1C,1,Rx,0x122,Standard Frame,data frame,8,CAN,x| B0 00 00 02 13 00 00 00 
72894,="15:44:23.976",0xAEF8FE4,1,Rx,0x310,Standard Frame,data frame,8,CAN,x| 01 3D 00 00 00 00 08 00 
72895,="15:44:23.976",0xAEF9110,1,Rx,0x318,Standard Frame,data frame,8,CAN,x| 01 41 FF 00 00 00 10 80 
72896,="15:44:23.976",0xAEF93CC,1,Rx,0x13F,Standard Frame,data frame,8,CAN,x| 00 12 C0 00 00 00 00 00 
72897,="15:44:23.986",0xAEFB62C,1,Rx,0x124,Standard Frame,data frame,8,CAN,x| 68 12 C0 1D B0 13 23 00 
72898,="15:44:23.986",0xAEFB6F4,1,Rx,0x120,Standard Frame,data frame,6,CAN,x| 02 43 1A A4 5E 03 
72899,="15:44:23.986",0xAEFB7BC,1,Rx,0x122,Standard Frame,data frame,8,CAN,x| B0 00 00 03 13 00 00 00 
72900,="15:44:23.996",0xAEFDB48,1,Rx,0x124,Standard Frame,data frame,8,CAN,x| 68 12 C0 1D B0 0B 20 00 
72901,="15:44:23.996",0xAEFDC10,1,Rx,0x120,Standard Frame,data frame,6,CAN,x| 02 43 1A A4 60 00 
72902,="15:44:23.996",0xAEFDD3C,1,Rx,0x122,Standard Frame,data frame,8,CAN,x| B0 00 00 00 0B 00 00 00 
72903,="15:44:23.996",0xAEFE124,1,Rx,0x13F,Standard Frame,data frame,8,CAN,x| 00 12 C0 00 00 00 00 00 
72904,="15:44:24.006",0xAF00514,1,Rx,0x124,Standard Frame,data frame,8,CAN,x| 68 12 C0 1D B0 13 21 00 
72905,="15:44:24.006",0xAF005DC,1,Rx,0x120,Standard Frame,data frame,6,CAN,x| 02 43 1A A4 61 01 
72906,="15:44:24.006",0xAF006A4,1,Rx,0x122,Standard Frame,data frame,8,CAN,x| B0 00 00 01 13 00 00 00 
72907,="15:44:24.016",0xAF02968,1,Rx,0x124,Standard Frame,data frame,8,CAN,x| 68 12 C0 1D B0 13 22 00 
72908,="15:44:24.016",0xAF02A30,1,Rx,0x120,Standard Frame,data frame,6,CAN,x| 02 43 15 A4 60 02 
72909,="15:44:24.016",0xAF02AF8,1,Rx,0x122,Standard Frame,data frame,8,CAN,x| B0 00 00 02 13 00 00 00 
72910,="15:44:24.016",0xAF02E7C,1,Rx,0x13F,Standard Frame,data frame,8,CAN,x| 00 12 C0 00 00 00 00 00 
72911,="15:44:24.026",0xAF05078,1,Rx,0x124,Standard Frame,data frame,8,CAN,x| 68 12 C0 1D B0 13 23 00 
72912,="15:44:24.026",0xAF05140,1,Rx,0x120,Standard Frame,data frame,6,CAN,x| 02 43 15 A4 5F 03 
72913,="15:44:24.026",0xAF05208,1,Rx,0x122,Standard Frame,data frame,8,CAN,x| B0 00 00 03 13 00 00 00 
72914,="15:44:24.036",0xAF0797C,1,Rx,0x124,Standard Frame,data frame,8,CAN,x| 68 12 C0 1D B0 13 20 00 
72915,="15:44:24.036",0xAF07A44,1,Rx,0x120,Standard Frame,data frame,6,CAN,x| 02 43 16 A4 5F 00 
72916,="15:44:24.036",0xAF07B0C,1,Rx,0x122,Standard Frame,data frame,8,CAN,x| B0 00 00 00 13 00 00 00 
72917,="15:44:24.038",0xAF07F58,1,Rx,0x13F,Standard Frame,data frame,8,CAN,x| 00 12 C0 00 00 00 00 00 
72918,="15:44:24.046",0xAF09E34,1,Rx,0x124,Standard Frame,data frame,8,CAN,x| 68 12 C0 1D B0 0E 21 00 
72919,="15:44:24.046",0xAF09EFC,1,Rx,0x120,Standard Frame,data frame,6,CAN,x| 02 43 16 A4 61 01 
72920,="15:44:24.046",0xAF0A028,1,Rx,0x122,Standard Frame,data frame,8,CAN,x| B0 00 00 01 0E 00 00 00 
72921,="15:44:24.046",0xAF0A53C,1,Rx,0x314,Standard Frame,data frame,8,CAN,x| 00 00 00 00 00 00 AD 01 
72922,="15:44:24.048",0xAF0A604,1,Rx,0x500,Standard Frame,data frame,8,CAN,x| 75 02 3F 3F 3F 3F 3F 3F 
72923,="15:44:24.048",0xAF0A730,1,Rx,0x32E,Standard Frame,data frame,8,CAN,x| 00 00 00 03 64 00 00 00 
72924,="15:44:24.056",0xAF0C800,1,Rx,0x124,Standard Frame,data frame,8,CAN,x| 68 12 C0 1D B0 13 22 00 
72925,="15:44:24.056",0xAF0C8C8,1,Rx,0x120,Standard Frame,data frame,6,CAN,x| 02 43 16 A4 62 02 
72926,="15:44:24.056",0xAF0C9F4,1,Rx,0x122,Standard Frame,data frame,8,CAN,x| B0 00 00 02 13 00 00 00 
72927,="15:44:24.058",0xAF0CDDC,1,Rx,0x13F,Standard Frame,data frame,8,CAN,x| 00 12 C0 00 00 00 00 00 
72928,="15:44:24.066",0xAF0EC54,1,Rx,0x124,Standard Frame,data frame,8,CAN,x| 68 12 C0 1D B0 12 23 00 
72929,="15:44:24.066",0xAF0ED1C,1,Rx,0x120,Standard Frame,data frame,6,CAN,x| 02 43 11 A4 60 03 
72930,="15:44:24.066",0xAF0EE48,1,Rx,0x122,Standard Frame,data frame,8,CAN,x| B0 00 00 03 12 00 00 00 
72931,="15:44:24.076",0xAF11364,1,Rx,0x124,Standard Frame,data frame,8,CAN,x| 68 12 C0 1D B0 12 20 00 
72932,="15:44:24.076",0xAF1142C,1,Rx,0x120,Standard Frame,data frame,6,CAN,x| 02 43 11 A4 60 00 
72933,="15:44:24.076",0xAF11558,1,Rx,0x122,Standard Frame,data frame,8,CAN,x| B0 00 00 00 12 00 00 00 
72934,="15:44:24.076",0xAF11620,1,Rx,0x310,Standard Frame,data frame,8,CAN,x| 01 3D 00 00 00 00 08 00 
72935,="15:44:24.076",0xAF1174C,1,Rx,0x318,Standard Frame,data frame,8,CAN,x| 01 41 FF 00 00 00 10 80 
72936,="15:44:24.078",0xAF11AD0,1,Rx,0x13F,Standard Frame,data frame,8,CAN,x| 00 12 C0 00 00 00 00 00 
72937,="15:44:24.086",0xAF14050,1,Rx,0x124,Standard Frame,data frame,8,CAN,x| 68 12 C0 1D B0 12 21 00 
72938,="15:44:24.086",0xAF14118,1,Rx,0x120,Standard Frame,data frame,6,CAN,x| 02 43 14 A4 60 01 
72939,="15:44:24.088",0xAF14244,1,Rx,0x122,Standard Frame,data frame,8,CAN,x| B0 00 00 01 12 00 00 00 
72940,="15:44:24.096",0xAF16184,1,Rx,0x124,Standard Frame,data frame,8,CAN,x| 68 12 C0 1D B0 0D 22 00 
72941,="15:44:24.096",0xAF1624C,1,Rx,0x120,Standard Frame,data frame,6,CAN,x| 02 43 14 A4 62 02 
72942,="15:44:24.096",0xAF16314,1,Rx,0x122,Standard Frame,data frame,8,CAN,x| B0 00 00 02 0D 00 00 00 
72943,="15:44:24.096",0xAF16698,1,Rx,0x13F,Standard Frame,data frame,8,CAN,x| 00 12 C0 00 00 00 00 00 
72944,="15:44:24.106",0xAF18B50,1,Rx,0x124,Standard Frame,data frame,8,CAN,x| 68 12 C0 1D B0 12 23 00 
72945,="15:44:24.106",0xAF18C18,1,Rx,0x120,Standard Frame,data frame,6,CAN,x| 02 43 14 A4 62 03 
72946,="15:44:24.106",0xAF18CE0,1,Rx,0x122,Standard Frame,data frame,8,CAN,x| B0 00 00 03 12 00 00 00 
72947,="15:44:24.116",0xAF1AFA4,1,Rx,0x124,Standard Frame,data frame,8,CAN,x| 68 12 C0 1D B0 12 20 00 
72948,="15:44:24.116",0xAF1B06C,1,Rx,0x120,Standard Frame,data frame,6,CAN,x| 02 43 0C A4 60 00 
72949,="15:44:24.116",0xAF1B134,1,Rx,0x122,Standard Frame,data frame,8,CAN,x| B0 00 00 00 12 00 00 00 
72950,="15:44:24.116",0xAF1B580,1,Rx,0x13F,Standard Frame,data frame,8,CAN,x| 00 12 C0 00 00 00 00 00 
72951,="15:44:24.126",0xAF1D650,1,Rx,0x124,Standard Frame,data frame,8,CAN,x| 68 12 C0 1D B0 12 21 00 
72952,="15:44:24.126",0xAF1D718,1,Rx,0x120,Standard Frame,data frame,6,CAN,x| 02 43 0C A4 60 01 
72953,="15:44:24.126",0xAF1D844,1,Rx,0x122,Standard Frame,data frame,8,CAN,x| B0 00 00 01 12 00 00 00 
72954,="15:44:24.136",0xAF1FF54,1,Rx,0x124,Standard Frame,data frame,8,CAN,x| 68 12 C0 1D B0 12 22 00 
72955,="15:44:24.136",0xAF2001C,1,Rx,0x120,Standard Frame,data frame,6,CAN,x| 02 43 11 A4 61 02 
72956,="15:44:24.136",0xAF20148,1,Rx,0x122,Standard Frame,data frame,8,CAN,x| B0 00 00 02 12 00 00 00 
72957,="15:44:24.138",0xAF204CC,1,Rx,0x13F,Standard Frame,data frame,8,CAN,x| 00 12 C0 00 00 00 00 00 
72958,="15:44:24.146",0xAF22470,1,Rx,0x124,Standard Frame,data frame,8,CAN,x| 68 12 C0 1D B0 0D 23 00 
72959,="15:44:24.146",0xAF22538,1,Rx,0x120,Standard Frame,data frame,6,CAN,x| 02 43 11 A4 62 03 
72960,="15:44:24.146",0xAF22664,1,Rx,0x122,Standard Frame,data frame,8,CAN,x| B0 00 00 03 0D 00 00 00 
72961,="15:44:24.148",0xAF22CA4,1,Rx,0x314,Standard Frame,data frame,8,CAN,x| 00 00 00 00 00 00 93 01 
72962,="15:44:24.148",0xAF22DD0,1,Rx,0x32E,Standard Frame,data frame,8,CAN,x| 00 00 00 00 64 00 00 00 
72963,="15:44:24.156",0xAF24E3C,1,Rx,0x124,Standard Frame,data frame,8,CAN,x| 68 12 C0 1D B0 12 20 00 
72964,="15:44:24.156",0xAF24F04,1,Rx,0x120,Standard Frame,data frame,6,CAN,x| 02 43 11 A4 64 00 
72965,="15:44:24.156",0xAF25030,1,Rx,0x122,Standard Frame,data frame,8,CAN,x| B0 00 00 00 12 00 00 00 
72966,="15:44:24.158",0xAF2547C,1,Rx,0x13F,Standard Frame,data frame,8,CAN,x| 00 12 C0 00 00 00 00 00 
72967,="15:44:24.166",0xAF27290,1,Rx,0x124,Standard Frame,data frame,8,CAN,x| 68 12 C0 1D B0 12 21 00 
72968,="15:44:24.166",0xAF27358,1,Rx,0x120,Standard Frame,data frame,6,CAN,x| 02 43 0B A4 60 01 
72969,="15:44:24.166",0xAF27484,1,Rx,0x122,Standard Frame,data frame,8,CAN,x| B0 00 00 01 12 00 00 00 
72970,="15:44:24.176",0xAF299A0,1,Rx,0x124,Standard Frame,data frame,8,CAN,x| 68 12 C0 1D B0 12 22 00 
72971,="15:44:24.176",0xAF29A68,1,Rx,0x120,Standard Frame,data frame,6,CAN,x| 02 43 0B A4 60 02 
72972,="15:44:24.176",0xAF29B94,1,Rx,0x122,Standard Frame,data frame,8,CAN,x| B0 00 00 02 12 00 00 00 
72973,="15:44:24.176",0xAF29C5C,1,Rx,0x310,Standard Frame,data frame,8,CAN,x| 01 3D 00 00 00 00 08 00 
72974,="15:44:24.176",0xAF29D24,1,Rx,0x318,Standard Frame,data frame,8,CAN,x| 01 41 FF 00 00 00 10 80 
72975,="15:44:24.176",0xAF2A044,1,Rx,0x13F,Standard Frame,data frame,8,CAN,x| 00 12 C0 00 00 00 00 00 
72976,="15:44:24.186",0xAF2C2A4,1,Rx,0x124,Standard Frame,data frame,8,CAN,x| 68 12 C0 1D B0 12 23 00 
72977,="15:44:24.186",0xAF2C36C,1,Rx,0x120,Standard Frame,data frame,6,CAN,x| 02 43 10 A4 60 03 
72978,="15:44:24.186",0xAF2C434,1,Rx,0x122,Standard Frame,data frame,8,CAN,x| B0 00 00 03 12 00 00 00 
72979,="15:44:24.196",0xAF2E7C0,1,Rx,0x124,Standard Frame,data frame,8,CAN,x| 68 12 C0 1D B0 0C 20 00 
72980,="15:44:24.196",0xAF2E888,1,Rx,0x120,Standard Frame,data frame,6,CAN,x| 02 43 10 A4 62 00 
72981,="15:44:24.196",0xAF2E950,1,Rx,0x122,Standard Frame,data frame,8,CAN,x| B0 00 00 00 0C 00 00 00 
72982,="15:44:24.196",0xAF2ED9C,1,Rx,0x13F,Standard Frame,data frame,8,CAN,x| 00 12 C0 00 00 00 00 00 
72983,="15:44:24.206",0xAF31060,1,Rx,0x7E0,Standard Frame,data frame,8,CAN,x| 02 21 00 00 00 00 00 00 
72984,="15:44:24.206",0xAF3118C,1,Rx,0x124,Standard Frame,data frame,8,CAN,x| 68 12 C0 1D B0 12 21 00 
72985,="15:44:24.206",0xAF31254,1,Rx,0x120,Standard Frame,data frame,6,CAN,x| 02 43 10 A4 63 01 
72986,="15:44:24.206",0xAF3131C,1,Rx,0x122,Standard Frame,data frame,8,CAN,x| B0 00 00 01 12 00 00 00 
72987,="15:44:24.214",0xAF33068,1,Rx,0x7E8,Standard Frame,data frame,8,CAN,x| 10 D2 61 00 FF FF FF FF 
72988,="15:44:24.214",0xAF33194,1,Rx,0x7E0,Standard Frame,data frame,8,CAN,x| 30 00 00 00 00 00 00 00 
72989,="15:44:24.216",0xAF3357C,1,Rx,0x7E8,Standard Frame,data frame,8,CAN,x| 21 FF FF FF FF FF FF FF 
72990,="15:44:24.216",0xAF3389C,1,Rx,0x124,Standard Frame,data frame,8,CAN,x| 68 12 C0 1D B0 12 22 00 
72991,="15:44:24.216",0xAF33964,1,Rx,0x120,Standard Frame,data frame,6,CAN,x| 02 43 0F A4 5F 02 
72992,="15:44:24.216",0xAF33A2C,1,Rx,0x122,Standard Frame,data frame,8,CAN,x| B0 00 00 02 12 00 00 00 
72993,="15:44:24.218",0xAF33D4C,1,Rx,0x7E8,Standard Frame,data frame,8,CAN,x| 22 FF FF FF FF 01 FF 80 
72994,="15:44:24.218",0xAF33E14,1,Rx,0x13F,Standard Frame,data frame,8,CAN,x| 00 12 C0 00 00 00 00 00 
72995,="15:44:24.220",0xAF344B8,1,Rx,0x7E8,Standard Frame,data frame,8,CAN,x| 23 80 FF FF 80 FF 08 96 
72996,="15:44:24.222",0xAF34C88,1,Rx,0x7E8,Standard Frame,data frame,8,CAN,x| 24 FF FF DA FF FF FF FF 
72997,="15:44:24.224",0xAF35458,1,Rx,0x7E8,Standard Frame,data frame,8,CAN,x| 25 FF FF 20 12 C0 BF FF 
72998,="15:44:24.226",0xAF35C28,1,Rx,0x7E8,Standard Frame,data frame,8,CAN,x| 26 FF 00 14 3D 1C 64 00 
72999,="15:44:24.226",0xAF35CF0,1,Rx,0x120,Standard Frame,data frame,6,CAN,x| 02 43 0F A4 5F 03 
73000,="15:44:24.226",0xAF35E1C,1,Rx,0x124,Standard Frame,data frame,8,CAN,x| 68 12 C0 1D B0 13 23 00 
73001,="15:44:24.226",0xAF35EE4,1,Rx,0x122,Standard Frame,data frame,8,CAN,x| B0 00 00 03 13 00 00 00 
73002,="15:44:24.228",0xAF363F8,1,Rx,0x7E8,Standard Frame,data frame,8,CAN,x| 27 FF FF 00 80 FF FF FF 
73003,="15:44:24.230",0xAF36BC8,1,Rx,0x7E8,Standard Frame,data frame,8,CAN,x| 28 FF FF FF FF FF FF 2F 
73004,="15:44:24.232",0xAF37398,1,Rx,0x7E8,Standard Frame,data frame,8,CAN,x| 29 00 00 00 00 12 33 FF 
73005,="15:44:24.234",0xAF37B68,1,Rx,0x7E8,Standard Frame,data frame,8,CAN,x| 2A FF FF FF FF FF FF FF 
73006,="15:44:24.236",0xAF38338,1,Rx,0x7E8,Standard Frame,data frame,8,CAN,x| 2B 5B 5B FF FF FF FF FF 
73007,="15:44:24.236",0xAF385F4,1,Rx,0x124,Standard Frame,data frame,8,CAN,x| 68 12 C0 1D B0 13 20 00 
73008,="15:44:24.236",0xAF386BC,1,Rx,0x120,Standard Frame,data frame,6,CAN,x| 02 43 14 A4 5E 00 
73009,="15:44:24.236",0xAF38784,1,Rx,0x122,Standard Frame,data frame,8,CAN,x| B0 00 00 00 13 00 00 00 
73010,="15:44:24.238",0xAF38B08,1,Rx,0x7E8,Standard Frame,data frame,8,CAN,x| 2C FF FF FF FF FF FF FF 
73011,="15:44:24.238",0xAF38C34,1,Rx,0x13F,Standard Frame,data frame,8,CAN,x| 00 12 C0 00 00 00 00 00 
73012,="15:44:24.240",0xAF392D8,1,Rx,0x7E8,Standard Frame,data frame,8,CAN,x| 2D FF FF FF FF FF FF FF 
73013,="15:44:24.242",0xAF39AA8,1,Rx,0x7E8,Standard Frame,data frame,8,CAN,x| 2E FF FF 2F 06 FF FF FF 
73014,="15:44:24.244",0xAF3A278,1,Rx,0x7E8,Standard Frame,data frame,8,CAN,x| 2F FF FF FF FF FF FF FF 
73015,="15:44:24.244",0xAF3AA48,1,Rx,0x7E8,Standard Frame,data frame,8,CAN,x| 20 FF FF FF FF FF FF C1 
73016,="15:44:24.246",0xAF3AB10,1,Rx,0x120,Standard Frame,data frame,6,CAN,x| 02 43 14 A4 5F 01 
73017,="15:44:24.246",0xAF3AC3C,1,Rx,0x124,Standard Frame,data frame,8,CAN,x| 68 12 C0 1D B0 0C 21 00 
73018,="15:44:24.246",0xAF3AD04,1,Rx,0x122,Standard Frame,data frame,8,CAN,x| B0 00 00 01 0C 00 00 00 
73019,="15:44:24.248",0xAF3B1B4,1,Rx,0x314,Standard Frame,data frame,8,CAN,x| 00 00 00 00 00 00 97 01 
73020,="15:44:24.248",0xAF3B27C,1,Rx,0x500,Standard Frame,data frame,8,CAN,x| 75 03 3F 3F 3F 3F 3F 3F 
73021,="15:44:24.248",0xAF3B3A8,1,Rx,0x32E,Standard Frame,data frame,8,CAN,x| 00 00 00 01 64 00 00 00 
73022,="15:44:24.248",0xAF3B470,1,Rx,0x7E8,Standard Frame,data frame,8,CAN,x| 21 FF FF FF FF 8C 53 00 
73023,="15:44:24.250",0xAF3B9E8,1,Rx,0x7E8,Standard Frame,data frame,8,CAN,x| 22 00 00 FF 01 FF FF FF 
73024,="15:44:24.252",0xAF3C1B8,1,Rx,0x7E8,Standard Frame,data frame,8,CAN,x| 23 FF FF 08 04 FF FF 02 
73025,="15:44:24.254",0xAF3CA50,1,Rx,0x7E8,Standard Frame,data frame,8,CAN,x| 24 00 FF FF FF FF FF FF 
73026,="15:44:24.256",0xAF3D158,1,Rx,0x7E8,Standard Frame,data frame,8,CAN,x| 25 FF FF FF FF FF FF FF 
73027,="15:44:24.256",0xAF3D478,1,Rx,0x124,Standard Frame,data frame,8,CAN,x| 68 12 C0 1D B0 13 22 00 
73028,="15:44:24.256",0xAF3D540,1,Rx,0x120,Standard Frame,data frame,6,CAN,x| 02 43 14 A4 60 02 
73029,="15:44:24.256",0xAF3D66C,1,Rx,0x122,Standard Frame,data frame,8,CAN,x| B0 00 00 02 13 00 00 00 
73030,="15:44:24.258",0xAF3D928,1,Rx,0x7E8,Standard Frame,data frame,8,CAN,x| 26 FF FF FF FF FF FF FF 
73031,="15:44:24.258",0xAF3DA54,1,Rx,0x13F,Standard Frame,data frame,8,CAN,x| 00 12 C0 00 00 00 00 00 
73032,="15:44:24.260",0xAF3E0F8,1,Rx,0x7E8,Standard Frame,data frame,8,CAN,x| 27 FF FF FF FF FF FF FF 
73033,="15:44:24.262",0xAF3E8C8,1,Rx,0x7E8,Standard Frame,data frame,8,CAN,x| 28 FF FF FF FF FF FF FF 
73034,="15:44:24.264",0xAF3F098,1,Rx,0x7E8,Standard Frame,data frame,8,CAN,x| 29 FF FF FF FF 01 FF FF 
73035,="15:44:24.266",0xAF3F868,1,Rx,0x7E8,Standard Frame,data frame,8,CAN,x| 2A FF FF FF FF FF FF FF 
73036,="15:44:24.266",0xAF3F930,1,Rx,0x120,Standard Frame,data frame,6,CAN,x| 02 43 13 A4 5E 03 
73037,="15:44:24.266",0xAF3F9F8,1,Rx,0x124,Standard Frame,data frame,8,CAN,x| 68 12 C0 1D B0 13 23 00 
73038,="15:44:24.266",0xAF3FB24,1,Rx,0x122,Standard Frame,data frame,8,CAN,x| B0 00 00 03 13 00 00 00 
73039,="15:44:24.268",0xAF40038,1,Rx,0x7E8,Standard Frame,data frame,8,CAN,x| 2B FF FF FF FF FF FF FF 
73040,="15:44:24.270",0xAF40808,1,Rx,0x7E8,Standard Frame,data frame,8,CAN,x| 2C FF FF FF FF FF FF FF 
73041,="15:44:24.272",0xAF40FD8,1,Rx,0x7E8,Standard Frame,data frame,8,CAN,x| 2D FF FF FF FF FF FF FF 
73042,="15:44:24.274",0xAF417A8,1,Rx,0x7E8,Standard Frame,data frame,8,CAN,x| 2E FF 00 00 00 00 00 00 
73043,="15:44:24.276",0xAF41FDC,1,Rx,0x124,Standard Frame,data frame,8,CAN,x| 68 12 C0 1D B0 13 20 00 
73044,="15:44:24.276",0xAF420A4,1,Rx,0x120,Standard Frame,data frame,6,CAN,x| 02 43 13 A4 5C 00 
73045,="15:44:24.276",0xAF421D0,1,Rx,0x122,Standard Frame,data frame,8,CAN,x| B0 00 00 00 13 00 00 00 
73046,="15:44:24.276",0xAF42298,1,Rx,0x310,Standard Frame,data frame,8,CAN,x| 01 3D 00 00 00 00 08 00 
73047,="15:44:24.276",0xAF42360,1,Rx,0x318,Standard Frame,data frame,8,CAN,x| 01 41 FF 00 00 00 10 80 
73048,="15:44:24.278",0xAF42748,1,Rx,0x13F,Standard Frame,data frame,8,CAN,x| 00 12 C0 00 00 00 00 00 
73049,="15:44:24.286",0xAF448E0,1,Rx,0x124,Standard Frame,data frame,8,CAN,x| 68 12 C0 1D B0 13 21 00 
73050,="15:44:24.286",0xAF449A8,1,Rx,0x120,Standard Frame,data frame,6,CAN,x| 02 43 17 A4 5C 01 
73051,="15:44:24.286",0xAF44A70,1,Rx,0x122,Standard Frame,data frame,8,CAN,x| B0 00 00 01 13 00 00 00 
73052,="15:44:24.296",0xAF46DFC,1,Rx,0x124,Standard Frame,data frame,8,CAN,x| 68 12 C0 1D B0 0E 22 00 
73053,="15:44:24.296",0xAF46EC4,1,Rx,0x120,Standard Frame,data frame,6,CAN,x| 02 43 17 A4 5F 02 
73054,="15:44:24.296",0xAF46F8C,1,Rx,0x122,Standard Frame,data frame,8,CAN,x| B0 00 00 02 0E 00 00 00 
73055,="15:44:24.296",0xAF47310,1,Rx,0x13F,Standard Frame,data frame,8,CAN,x| 00 12 C0 00 00 00 00 00 
73056,="15:44:24.306",0xAF49764,1,Rx,0x124,Standard Frame,data frame,8,CAN,x| 68 12 C0 1D B0 13 23 00 
73057,="15:44:24.306",0xAF4982C,1,Rx,0x120,Standard Frame,data frame,6,CAN,x| 02 43 17 A4 5F 03 
73058,="15:44:24.306",0xAF49958,1,Rx,0x122,Standard Frame,data frame,8,CAN,x| B0 00 00 03 13 00 00 00 
73059,="15:44:24.316",0xAF4BC1C,1,Rx,0x124,Standard Frame,data frame,8,CAN,x| 68 12 C0 1D B0 13 20 00 
73060,="15:44:24.316",0xAF4BCE4,1,Rx,0x120,Standard Frame,data frame,6,CAN,x| 02 43 15 A4 5E 00 
73061,="15:44:24.316",0xAF4BDAC,1,Rx,0x122,Standard Frame,data frame,8,CAN,x| B0 00 00 00 13 00 00 00 
73062,="15:44:24.316",0xAF4C1F8,1,Rx,0x13F,Standard Frame,data frame,8,CAN,x| 00 12 C0 00 00 00 00 00 
73063,="15:44:24.326",0xAF4E32C,1,Rx,0x124,Standard Frame,data frame,8,CAN,x| 68 12 C0 1D B0 13 21 00 
73064,="15:44:24.326",0xAF4E3F4,1,Rx,0x120,Standard Frame,data frame,6,CAN,x| 02 43 15 A4 5C 01 
73065,="15:44:24.326",0xAF4E4BC,1,Rx,0x122,Standard Frame,data frame,8,CAN,x| B0 00 00 01 13 00 00 00 
73066,="15:44:24.336",0xAF50BCC,1,Rx,0x124,Standard Frame,data frame,8,CAN,x| 68 12 C0 1D B0 13 22 00 
73067,="15:44:24.336",0xAF50C94,1,Rx,0x120,Standard Frame,data frame,6,CAN,x| 02 43 18 A4 5B 02 
73068,="15:44:24.336",0xAF50DC0,1,Rx,0x122,Standard Frame,data frame,8,CAN,x| B0 00 00 02 13 00 00 00 
73069,="15:44:24.338",0xAF510E0,1,Rx,0x13F,Standard Frame,data frame,8,CAN,x| 00 12 C0 00 00 00 00 00 
73070,="15:44:24.346",0xAF530E8,1,Rx,0x124,Standard Frame,data frame,8,CAN,x| 68 12 C0 1D B0 0C 23 00 
73071,="15:44:24.346",0xAF531B0,1,Rx,0x120,Standard Frame,data frame,6,CAN,x| 02 43 18 A4 5E 03 
73072,="15:44:24.346",0xAF532DC,1,Rx,0x122,Standard Frame,data frame,8,CAN,x| B0 00 00 03 0C 00 00 00 
73073,="15:44:24.348",0xAF5391C,1,Rx,0x314,Standard Frame,data frame,8,CAN,x| 00 00 00 00 00 00 B6 01 
73074,="15:44:24.348",0xAF539E4,1,Rx,0x32E,Standard Frame,data frame,8,CAN,x| 00 00 00 02 64 00 00 00 
73075,="15:44:24.356",0xAF55AB4,1,Rx,0x124,Standard Frame,data frame,8,CAN,x| 68 12 C0 1D B0 14 20 00 
73076,="15:44:24.356",0xAF55B7C,1,Rx,0x120,Standard Frame,data frame,6,CAN,x| 02 43 18 A4 5E 00 
73077,="15:44:24.356",0xAF55C44,1,Rx,0x122,Standard Frame,data frame,8,CAN,x| B0 00 00 00 14 00 00 00 
73078,="15:44:24.358",0xAF560F4,1,Rx,0x13F,Standard Frame,data frame,8,CAN,x| 00 12 C0 00 00 00 00 00 
73079,="15:44:24.366",0xAF57F08,1,Rx,0x124,Standard Frame,data frame,8,CAN,x| 68 12 C0 1D B0 13 21 00 
73080,="15:44:24.366",0xAF57FD0,1,Rx,0x120,Standard Frame,data frame,6,CAN,x| 02 43 17 A4 5F 01 
73081,="15:44:24.366",0xAF58098,1,Rx,0x122,Standard Frame,data frame,8,CAN,x| B0 00 00 01 13 00 00 00 
73082,="15:44:24.376",0xAF5A618,1,Rx,0x124,Standard Frame,data frame,8,CAN,x| 68 12 C0 1D B0 14 22 00 
73083,="15:44:24.376",0xAF5A6E0,1,Rx,0x120,Standard Frame,data frame,6,CAN,x| 02 43 17 A4 5E 02 
73084,="15:44:24.376",0xAF5A7A8,1,Rx,0x122,Standard Frame,data frame,8,CAN,x| B0 00 00 02 14 00 00 00 
73085,="15:44:24.376",0xAF5A8D4,1,Rx,0x310,Standard Frame,data frame,8,CAN,x| 01 3D 00 00 00 00 08 00 
73086,="15:44:24.376",0xAF5A99C,1,Rx,0x318,Standard Frame,data frame,8,CAN,x| 01 41 FF 00 00 00 10 80 
73087,="15:44:24.378",0xAF5AC58,1,Rx,0x13F,Standard Frame,data frame,8,CAN,x| 00 12 C0 00 00 00 00 00 
73088,="15:44:24.386",0xAF5CF1C,1,Rx,0x124,Standard Frame,data frame,8,CAN,x| 68 12 C0 1D B0 14 23 00 
73089,="15:44:24.386",0xAF5CFE4,1,Rx,0x120,Standard Frame,data frame,6,CAN,x| 02 43 1A A4 5E 03 
73090,="15:44:24.386",0xAF5D0AC,1,Rx,0x122,Standard Frame,data frame,8,CAN,x| B0 00 00 03 14 00 00 00 
73091,="15:44:24.396",0xAF5F3D4,1,Rx,0x124,Standard Frame,data frame,8,CAN,x| 68 12 C0 1D B0 0C 20 00 
73092,="15:44:24.396",0xAF5F49C,1,Rx,0x120,Standard Frame,data frame,6,CAN,x| 02 43 1B A4 5F 00 
73093,="15:44:24.396",0xAF5F5C8,1,Rx,0x122,Standard Frame,data frame,8,CAN,x| B0 00 00 00 0C 00 00 00 
73094,="15:44:24.396",0xAF5FA14,1,Rx,0x13F,Standard Frame,data frame,8,CAN,x| 00 12 C0 00 00 00 00 00 
73095,="15:44:24.406",0xAF61DA0,1,Rx,0x124,Standard Frame,data frame,8,CAN,x| 68 12 C0 1D B0 14 21 00 
73096,="15:44:24.406",0xAF61E68,1,Rx,0x120,Standard Frame,data frame,6,CAN,x| 02 43 1B A4 5F 01 
73097,="15:44:24.406",0xAF61F94,1,Rx,0x122,Standard Frame,data frame,8,CAN,x| B0 00 00 01 14 00 00 00 
73098,="15:44:24.416",0xAF64258,1,Rx,0x124,Standard Frame,data frame,8,CAN,x| 68 12 C0 1D B0 14 22 00 
73099,="15:44:24.416",0xAF642BC,1,Rx,0x120,Standard Frame,data frame,6,CAN,x| 02 43 18 A4 5E 02 
73100,="15:44:24.416",0xAF643E8,1,Rx,0x122,Standard Frame,data frame,8,CAN,x| B0 00 00 02 14 00 00 00 
73101,="15:44:24.416",0xAF6476C,1,Rx,0x13F,Standard Frame,data frame,8,CAN,x| 00 12 C0 00 00 00 00 00 
73102,="15:44:24.426",0xAF66904,1,Rx,0x124,Standard Frame,data frame,8,CAN,x| 68 12 C0 1D B0 14 23 00 
73103,="15:44:24.426",0xAF669CC,1,Rx,0x120,Standard Frame,data frame,6,CAN,x| 02 43 18 A4 5E 03 
73104,="15:44:24.426",0xAF66AF8,1,Rx,0x122,Standard Frame,data frame,8,CAN,x| B0 00 00 03 14 00 00 00 
73105,="15:44:24.436",0xAF69208,1,Rx,0x124,Standard Frame,data frame,8,CAN,x| 68 12 C0 1D B0 14 20 00 
73106,="15:44:24.436",0xAF692D0,1,Rx,0x120,Standard Frame,data frame,6,CAN,x| 02 43 1B A4 5D 00 
73107,="15:44:24.436",0xAF69398,1,Rx,0x122,Standard Frame,data frame,8,CAN,x| B0 00 00 00 14 00 00 00 
73108,="15:44:24.438",0xAF69848,1,Rx,0x13F,Standard Frame,data frame,8,CAN,x| 00 12 C0 00 00 00 00 00 
73109,="15:44:24.446",0xAF6B724,1,Rx,0x124,Standard Frame,data frame,8,CAN,x| 68 12 C0 1D B0 0E 21 00 
73110,="15:44:24.446",0xAF6B7EC,1,Rx,0x120,Standard Frame,data frame,6,CAN,x| 02 43 1C A4 60 01 
73111,="15:44:24.446",0xAF6B8B4,1,Rx,0x122,Standard Frame,data frame,8,CAN,x| B0 00 00 01 0E 00 00 00 
73112,="15:44:24.448",0xAF6BE2C,1,Rx,0x314,Standard Frame,data frame,8,CAN,x| 00 00 00 00 00 00 C0 01 
73113,="15:44:24.448",0xAF6BEF4,1,Rx,0x500,Standard Frame,data frame,8,CAN,x| 75 01 00 3F 3F 3F 3F 3F 
73114,="15:44:24.448",0xAF6C020,1,Rx,0x32E,Standard Frame,data frame,8,CAN,x| 00 00 00 03 64 00 00 00 
73115,="15:44:24.456",0xAF6E0F0,1,Rx,0x124,Standard Frame,data frame,8,CAN,x| 68 12 C0 1D B0 14 22 00 
73116,="15:44:24.456",0xAF6E1B8,1,Rx,0x120,Standard Frame,data frame,6,CAN,x| 02 43 1C A4 60 02 
73117,="15:44:24.456",0xAF6E280,1,Rx,0x122,Standard Frame,data frame,8,CAN,x| B0 00 00 02 14 00 00 00 
73118,="15:44:24.458",0xAF6E668,1,Rx,0x13F,Standard Frame,data frame,8,CAN,x| 00 12 C0 00 00 00 00 00 
73119,="15:44:24.464",0xAF6FBE4,1,Rx,0x7E0,Standard Frame,data frame,8,CAN,x| 02 21 00 00 00 00 00 00 
73120,="15:44:24.464",0xAF6FFCC,1,Rx,0x7E8,Standard Frame,data frame,8,CAN,x| 10 D2 61 00 FF FF FF FF 
73121,="15:44:24.466",0xAF70800,1,Rx,0x124,Standard Frame,data frame,8,CAN,x| 68 12 C0 1D B0 13 23 00 
73122,="15:44:24.466",0xAF708C8,1,Rx,0x120,Standard Frame,data frame,6,CAN,x| 02 43 18 A4 5E 03 
73123,="15:44:24.466",0xAF70990,1,Rx,0x122,Standard Frame,data frame,8,CAN,x| B0 00 00 03 13 00 00 00 
73124,="15:44:24.468",0xAF71098,1,Rx,0x7E0,Standard Frame,data frame,8,CAN,x| 30 00 00 00 00 00 00 00 
73125,="15:44:24.470",0xAF71480,1,Rx,0x7E8,Standard Frame,data frame,8,CAN,x| 21 FF FF FF FF FF FF FF 
73126,="15:44:24.472",0xAF71C50,1,Rx,0x7E8,Standard Frame,data frame,8,CAN,x| 22 FF FF FF FF 01 FF 80 
73127,="15:44:24.474",0xAF72420,1,Rx,0x7E8,Standard Frame,data frame,8,CAN,x| 23 80 FF FF 80 FF 0A 46 
73128,="15:44:24.476",0xAF72BF0,1,Rx,0x7E8,Standard Frame,data frame,8,CAN,x| 24 FF FF D8 FF FF FF FF 
73129,="15:44:24.476",0xAF72CB8,1,Rx,0x120,Standard Frame,data frame,6,CAN,x| 02 43 18 A4 5E 00 
73130,="15:44:24.476",0xAF72D80,1,Rx,0x124,Standard Frame,data frame,8,CAN,x| 68 12 C0 1D B0 13 20 00 
73131,="15:44:24.476",0xAF72E48,1,Rx,0x310,Standard Frame,data frame,8,CAN,x| 01 3D 00 00 00 00 08 00 
73132,="15:44:24.476",0xAF72F74,1,Rx,0x122,Standard Frame,data frame,8,CAN,x| B0 00 00 00 13 00 00 00 
73133,="15:44:24.476",0xAF7303C,1,Rx,0x318,Standard Frame,data frame,8,CAN,x| 01 41 FF 00 00 00 10 80 
73134,="15:44:24.478",0xAF733C0,1,Rx,0x7E8,Standard Frame,data frame,8,CAN,x| 25 FF FF 25 12 C0 BF FF 
73135,="15:44:24.478",0xAF73488,1,Rx,0x13F,Standard Frame,data frame,8,CAN,x| 00 12 C0 00 00 00 00 00 
73136,="15:44:24.480",0xAF73B2C,1,Rx,0x7E8,Standard Frame,data frame,8,CAN,x| 26 FF 00 16 3D 1C 64 00 
73137,="15:44:24.482",0xAF74360,1,Rx,0x7E8,Standard Frame,data frame,8,CAN,x| 27 FF FF 00 80 FF FF FF 
73138,="15:44:24.484",0xAF74B30,1,Rx,0x7E8,Standard Frame,data frame,8,CAN,x| 28 FF FF FF FF FF FB 30 
73139,="15:44:24.486",0xAF7529C,1,Rx,0x7E8,Standard Frame,data frame,8,CAN,x| 29 00 00 00 00 13 32 FF 
73140,="15:44:24.486",0xAF75558,1,Rx,0x124,Standard Frame,data frame,8,CAN,x| 68 12 C0 1D B0 13 21 00 
73141,="15:44:24.486",0xAF75620,1,Rx,0x120,Standard Frame,data frame,6,CAN,x| 02 43 1B A4 5D 01 
73142,="15:44:24.486",0xAF756E8,1,Rx,0x122,Standard Frame,data frame,8,CAN,x| B0 00 00 01 13 00 00 00 
73143,="15:44:24.488",0xAF75AD0,1,Rx,0x7E8,Standard Frame,data frame,8,CAN,x| 2A FF FF FF FF FF FF FF 
73144,="15:44:24.490",0xAF7623C,1,Rx,0x7E8,Standard Frame,data frame,8,CAN,x| 2B 5B 5B FF FF FF FF FF 
73145,="15:44:24.492",0xAF76A0C,1,Rx,0x7E8,Standard Frame,data frame,8,CAN,x| 2C FF FF FF FF FF FF FF 
73146,="15:44:24.494",0xAF77240,1,Rx,0x7E8,Standard Frame,data frame,8,CAN,x| 2D FF FF FF FF FF FF FF 
73147,="15:44:24.496",0xAF779AC,1,Rx,0x7E8,Standard Frame,data frame,8,CAN,x| 2E FF FF 2E D7 FF FF FF 
73148,="15:44:24.496",0xAF77A74,1,Rx,0x120,Standard Frame,data frame,6,CAN,x| 02 43 1B A4 60 02 
73149,="15:44:24.496",0xAF77BA0,1,Rx,0x124,Standard Frame,data frame,8,CAN,x| 68 12 C0 1D B0 0E 22 00 
73150,="15:44:24.496",0xAF77C68,1,Rx,0x122,Standard Frame,data frame,8,CAN,x| B0 00 00 02 0E 00 00 00 
73151,="15:44:24.496",0xAF77F88,1,Rx,0x13F,Standard Frame,data frame,8,CAN,x| 00 12 C0 00 00 00 00 00 
73152,="15:44:24.498",0xAF7817C,1,Rx,0x7E8,Standard Frame,data frame,8,CAN,x| 2F FF FF FF FF FF FF FF 
73153,="15:44:24.500",0xAF7894C,1,Rx,0x7E8,Standard Frame,data frame,8,CAN,x| 20 FF FF FF FF FF FF C1 
73154,="15:44:24.502",0xAF7911C,1,Rx,0x7E8,Standard Frame,data frame,8,CAN,x| 21 FF FF FF FF 8C 53 00 
73155,="15:44:24.504",0xAF799B4,1,Rx,0x7E8,Standard Frame,data frame,8,CAN,x| 22 00 00 FF 01 FF FF FF 
73156,="15:44:24.506",0xAF7A0BC,1,Rx,0x7E8,Standard Frame,data frame,8,CAN,x| 23 FF FF 08 04 FF FF 02 
73157,="15:44:24.506",0xAF7A440,1,Rx,0x124,Standard Frame,data frame,8,CAN,x| 68 12 C0 1D B0 13 23 00 
73158,="15:44:24.506",0xAF7A508,1,Rx,0x120,Standard Frame,data frame,6,CAN,x| 02 43 1B A4 60 03 
73159,="15:44:24.506",0xAF7A5D0,1,Rx,0x122,Standard Frame,data frame,8,CAN,x| B0 00 00 03 13 00 00 00 
73160,="15:44:24.508",0xAF7A88C,1,Rx,0x7E8,Standard Frame,data frame,8,CAN,x| 24 00 FF FF FF FF FF FF 
73161,="15:44:24.510",0xAF7B05C,1,Rx,0x7E8,Standard Frame,data frame,8,CAN,x| 25 FF FF FF FF FF FF FF 
73162,="15:44:24.512",0xAF7B82C,1,Rx,0x7E8,Standard Frame,data frame,8,CAN,x| 26 FF FF FF FF FF FF FF 
73163,="15:44:24.514",0xAF7BFFC,1,Rx,0x7E8,Standard Frame,data frame,8,CAN,x| 27 FF FF FF FF FF FF FF 
73164,="15:44:24.516",0xAF7C7CC,1,Rx,0x7E8,Standard Frame,data frame,8,CAN,x| 28 FF FF FF FF FF FF FF 
73165,="15:44:24.516",0xAF7C894,1,Rx,0x120,Standard Frame,data frame,6,CAN,x| 02 43 18 A4 5E 00 
73166,="15:44:24.516",0xAF7C9C0,1,Rx,0x124,Standard Frame,data frame,8,CAN,x| 68 12 C0 1D B0 13 20 00 
73167,="15:44:24.516",0xAF7CA88,1,Rx,0x122,Standard Frame,data frame,8,CAN,x| B0 00 00 00 13 00 00 00 
73168,="15:44:24.516",0xAF7CE70,1,Rx,0x13F,Standard Frame,data frame,8,CAN,x| 00 12 C0 00 00 00 00 00 
73169,="15:44:24.518",0xAF7CF9C,1,Rx,0x7E8,Standard Frame,data frame,8,CAN,x| 29 FF FF FF FF 01 FF FF 
73170,="15:44:24.520",0xAF7D76C,1,Rx,0x7E8,Standard Frame,data frame,8,CAN,x| 2A FF FF FF FF FF FF FF 
73171,="15:44:24.522",0xAF7DF3C,1,Rx,0x7E8,Standard Frame,data frame,8,CAN,x| 2B FF FF FF FF FF FF FF 
73172,="15:44:24.524",0xAF7E70C,1,Rx,0x7E8,Standard Frame,data frame,8,CAN,x| 2C FF FF FF FF FF FF FF 
73173,="15:44:24.526",0xAF7EEDC,1,Rx,0x7E8,Standard Frame,data frame,8,CAN,x| 2D FF FF FF FF FF FF FF 
73174,="15:44:24.526",0xAF7EFA4,1,Rx,0x120,Standard Frame,data frame,6,CAN,x| 02 43 18 A4 5E 01 
73175,="15:44:24.526",0xAF7F06C,1,Rx,0x124,Standard Frame,data frame,8,CAN,x| 68 12 C0 1D B0 13 21 00 
73176,="15:44:24.526",0xAF7F198,1,Rx,0x122,Standard Frame,data frame,8,CAN,x| B0 00 00 01 13 00 00 00 
73177,="15:44:24.528",0xAF7F6AC,1,Rx,0x7E8,Standard Frame,data frame,8,CAN,x| 2E FF 00 00 00 00 00 00 
73178,="15:44:24.536",0xAF81844,1,Rx,0x124,Standard Frame,data frame,8,CAN,x| 68 12 C0 1D B0 13 22 00 
73179,="15:44:24.536",0xAF8190C,1,Rx,0x120,Standard Frame,data frame,6,CAN,x| 02 43 19 A4 5E 02 
73180,="15:44:24.536",0xAF819D4,1,Rx,0x122,Standard Frame,data frame,8,CAN,x| B0 00 00 02 13 00 00 00 
73181,="15:44:24.538",0xAF81DBC,1,Rx,0x13F,Standard Frame,data frame,8,CAN,x| 00 12 C0 00 00 00 00 00 
73182,="15:44:24.546",0xAF83D60,1,Rx,0x124,Standard Frame,data frame,8,CAN,x| 68 12 C0 1D B0 0E 23 00 
73183,="15:44:24.546",0xAF83E28,1,Rx,0x120,Standard Frame,data frame,6,CAN,x| 02 43 19 A4 60 03 
73184,="15:44:24.546",0xAF83EF0,1,Rx,0x122,Standard Frame,data frame,8,CAN,x| B0 00 00 03 0E 00 00 00 
73185,="15:44:24.548",0xAF84530,1,Rx,0x314,Standard Frame,data frame,8,CAN,x| 00 00 00 00 00 00 B9 01 
73186,="15:44:24.548",0xAF8465C,1,Rx,0x32E,Standard Frame,data frame,8,CAN,x| 00 00 00 00 64 00 00 00 
73187,="15:44:24.556",0xAF8672C,1,Rx,0x124,Standard Frame,data frame,8,CAN,x| 68 12 C0 1D B0 13 20 00 
73188,="15:44:24.556",0xAF867F4,1,Rx,0x120,Standard Frame,data frame,6,CAN,x| 02 43 19 A4 61 00 
73189,="15:44:24.556",0xAF868BC,1,Rx,0x122,Standard Frame,data frame,8,CAN,x| B0 00 00 00 13 00 00 00 
73190,="15:44:24.558",0xAF86D08,1,Rx,0x13F,Standard Frame,data frame,8,CAN,x| 00 12 C0 00 00 00 00 00 
73191,="15:44:24.566",0xAF88B80,1,Rx,0x124,Standard Frame,data frame,8,CAN,x| 68 12 C0 1D B0 13 21 00 
73192,="15:44:24.566",0xAF88C48,1,Rx,0x120,Standard Frame,data frame,6,CAN,x| 02 43 14 A4 60 01 
73193,="15:44:24.566",0xAF88D10,1,Rx,0x122,Standard Frame,data frame,8,CAN,x| B0 00 00 01 13 00 00 00 
73194,="15:44:24.576",0xAF8B22C,1,Rx,0x124,Standard Frame,data frame,8,CAN,x| 68 12 C0 1D B0 13 22 00 
73195,="15:44:24.576",0xAF8B2F4,1,Rx,0x120,Standard Frame,data frame,6,CAN,x| 02 43 14 A4 5F 02 
73196,="15:44:24.576",0xAF8B420,1,Rx,0x122,Standard Frame,data frame,8,CAN,x| B0 00 00 02 13 00 00 00 
73197,="15:44:24.576",0xAF8B4E8,1,Rx,0x310,Standard Frame,data frame,8,CAN,x| 01 3D 00 00 00 00 08 00 
73198,="15:44:24.576",0xAF8B614,1,Rx,0x318,Standard Frame,data frame,8,CAN,x| 01 41 FF 00 00 00 10 80 
73199,="15:44:24.578",0xAF8B8D0,1,Rx,0x13F,Standard Frame,data frame,8,CAN,x| 00 12 C0 00 00 00 00 00 
73200,="15:44:24.586",0xAF8DB30,1,Rx,0x124,Standard Frame,data frame,8,CAN,x| 68 12 C0 1D B0 13 23 00 
73201,="15:44:24.586",0xAF8DBF8,1,Rx,0x120,Standard Frame,data frame,6,CAN,x| 02 43 15 A4 5F 03 
73202,="15:44:24.586",0xAF8DD24,1,Rx,0x122,Standard Frame,data frame,8,CAN,x| B0 00 00 03 13 00 00 00 
73203,="15:44:24.596",0xAF9004C,1,Rx,0x124,Standard Frame,data frame,8,CAN,x| 68 12 C0 1D B0 0E 20 00 
73204,="15:44:24.596",0xAF90114,1,Rx,0x120,Standard Frame,data frame,6,CAN,x| 02 43 15 A4 61 00 
73205,="15:44:24.596",0xAF90240,1,Rx,0x122,Standard Frame,data frame,8,CAN,x| B0 00 00 00 0E 00 00 00 
73206,="15:44:24.596",0xAF9068C,1,Rx,0x13F,Standard Frame,data frame,8,CAN,x| 00 12 C0 00 00 00 00 00 
73207,="15:44:24.606",0xAF92A18,1,Rx,0x124,Standard Frame,data frame,8,CAN,x| 68 12 C0 1D B0 12 21 00 
73208,="15:44:24.606",0xAF92AE0,1,Rx,0x120,Standard Frame,data frame,6,CAN,x| 02 43 15 A4 62 01 
73209,="15:44:24.606",0xAF92BA8,1,Rx,0x122,Standard Frame,data frame,8,CAN,x| B0 00 00 01 12 00 00 00 
73210,="15:44:24.616",0xAF94E6C,1,Rx,0x124,Standard Frame,data frame,8,CAN,x| 68 12 C0 1D B0 12 22 00 
73211,="15:44:24.616",0xAF94F34,1,Rx,0x120,Standard Frame,data frame,6,CAN,x| 02 43 0F A4 60 02 
73212,="15:44:24.616",0xAF95060,1,Rx,0x122,Standard Frame,data frame,8,CAN,x| B0 00 00 02 12 00 00 00 
73213,="15:44:24.616",0xAF95380,1,Rx,0x13F,Standard Frame,data frame,8,CAN,x| 00 12 C0 00 00 00 00 00 
73214,="15:44:24.626",0xAF9757C,1,Rx,0x124,Standard Frame,data frame,8,CAN,x| 68 12 C0 1D B0 12 23 00 
73215,="15:44:24.626",0xAF97644,1,Rx,0x120,Standard Frame,data frame,6,CAN,x| 02 43 0F A4 61 03 
73216,="15:44:24.626",0xAF97770,1,Rx,0x122,Standard Frame,data frame,8,CAN,x| B0 00 00 03 12 00 00 00 
73217,="15:44:24.636",0xAF99E80,1,Rx,0x124,Standard Frame,data frame,8,CAN,x| 68 12 C0 1D B0 12 20 00 
73218,="15:44:24.636",0xAF99F48,1,Rx,0x120,Standard Frame,data frame,6,CAN,x| 02 43 10 A4 62 00 
73219,="15:44:24.636",0xAF9A010,1,Rx,0x122,Standard Frame,data frame,8,CAN,x| B0 00 00 00 12 00 00 00 
73220,="15:44:24.638",0xAF9A45C,1,Rx,0x13F,Standard Frame,data frame,8,CAN,x| 00 12 C0 00 00 00 00 00 
73221,="15:44:24.646",0xAF9C39C,1,Rx,0x124,Standard Frame,data frame,8,CAN,x| 68 12 C0 1D B0 0D 21 00 
73222,="15:44:24.646",0xAF9C464,1,Rx,0x120,Standard Frame,data frame,6,CAN,x| 02 43 10 A4 62 01 
73223,="15:44:24.646",0xAF9C52C,1,Rx,0x122,Standard Frame,data frame,8,CAN,x| B0 00 00 01 0D 00 00 00 
73224,="15:44:24.648",0xAF9CA40,1,Rx,0x314,Standard Frame,data frame,8,CAN,x| 00 00 00 00 00 00 9D 01 
73225,="15:44:24.648",0xAF9CB08,1,Rx,0x500,Standard Frame,data frame,8,CAN,x| 75 02 3F 3F 3F 3F 3F 3F 
73226,="15:44:24.648",0xAF9CC34,1,Rx,0x32E,Standard Frame,data frame,8,CAN,x| 00 00 00 01 64 00 00 00 
73227,="15:44:24.656",0xAF9ED68,1,Rx,0x124,Standard Frame,data frame,8,CAN,x| 68 12 C0 1D B0 12 22 00 
73228,="15:44:24.656",0xAF9EE30,1,Rx,0x120,Standard Frame,data frame,6,CAN,x| 02 43 10 A4 64 02 
73229,="15:44:24.656",0xAF9EEF8,1,Rx,0x122,Standard Frame,data frame,8,CAN,x| B0 00 00 02 12 00 00 00 
73230,="15:44:24.658",0xAF9F2E0,1,Rx,0x13F,Standard Frame,data frame,8,CAN,x| 00 12 C0 00 00 00 00 00 
73231,="15:44:24.666",0xAFA1158,1,Rx,0x124,Standard Frame,data frame,8,CAN,x| 68 12 C0 1D B0 12 23 00 
73232,="15:44:24.666",0xAFA1220,1,Rx,0x120,Standard Frame,data frame,6,CAN,x| 02 43 0C A4 60 03 
73233,="15:44:24.666",0xAFA134C,1,Rx,0x122,Standard Frame,data frame,8,CAN,x| B0 00 00 03 12 00 00 00 
73234,="15:44:24.675",0xAFA373C,1,Rx,0x7E0,Standard Frame,data frame,8,CAN,x| 02 21 00 00 00 00 00 00 
73235,="15:44:24.675",0xAFA38CC,1,Rx,0x124,Standard Frame,data frame,8,CAN,x| 68 12 C0 1D B0 12 20 00 
73236,="15:44:24.675",0xAFA3994,1,Rx,0x120,Standard Frame,data frame,6,CAN,x| 02 43 0C A4 60 00 
73237,="15:44:24.675",0xAFA3A5C,1,Rx,0x122,Standard Frame,data frame,8,CAN,x| B0 00 00 00 12 00 00 00 
73238,="15:44:24.675",0xAFA3B24,1,Rx,0x310,Standard Frame,data frame,8,CAN,x| 01 3D 00 00 00 00 08 00 
73239,="15:44:24.675",0xAFA3C50,1,Rx,0x318,Standard Frame,data frame,8,CAN,x| 01 41 FF 00 00 00 10 80 
73240,="15:44:24.677",0xAFA4038,1,Rx,0x13F,Standard Frame,data frame,8,CAN,x| 00 12 C0 00 00 00 00 00 
73241,="15:44:24.684",0xAFA5A64,1,Rx,0x7E8,Standard Frame,data frame,8,CAN,x| 10 D2 61 00 FF FF FF FF 
73242,="15:44:24.684",0xAFA5B90,1,Rx,0x7E0,Standard Frame,data frame,8,CAN,x| 30 00 00 00 00 00 00 00 
73243,="15:44:24.685",0xAFA5F14,1,Rx,0x7E8,Standard Frame,data frame,8,CAN,x| 21 FF FF FF FF FF FF FF 
73244,="15:44:24.685",0xAFA648C,1,Rx,0x124,Standard Frame,data frame,8,CAN,x| 68 12 C0 1D B0 12 21 00 
73245,="15:44:24.685",0xAFA6554,1,Rx,0x120,Standard Frame,data frame,6,CAN,x| 02 43 0F A4 63 01 
73246,="15:44:24.687",0xAFA661C,1,Rx,0x122,Standard Frame,data frame,8,CAN,x| B0 00 00 01 12 00 00 00 
73247,="15:44:24.687",0xAFA6748,1,Rx,0x7E8,Standard Frame,data frame,8,CAN,x| 22 FF FF FF FF 01 FF 80 
73248,="15:44:24.690",0xAFA6EB4,1,Rx,0x7E8,Standard Frame,data frame,8,CAN,x| 23 80 FF FF 80 FF 08 96 
73249,="15:44:24.692",0xAFA7684,1,Rx,0x7E8,Standard Frame,data frame,8,CAN,x| 24 FF FF DA FF FF FF FF 
73250,="15:44:24.694",0xAFA7E54,1,Rx,0x7E8,Standard Frame,data frame,8,CAN,x| 25 FF FF 20 12 C0 BF FF 
73251,="15:44:24.695",0xAFA8624,1,Rx,0x7E8,Standard Frame,data frame,8,CAN,x| 26 FF 00 14 3D 1C 64 00 
73252,="15:44:24.695",0xAFA86EC,1,Rx,0x120,Standard Frame,data frame,6,CAN,x| 02 43 0F A4 63 02 
73253,="15:44:24.695",0xAFA87B4,1,Rx,0x124,Standard Frame,data frame,8,CAN,x| 68 12 C0 1D B0 0E 22 00 
73254,="15:44:24.695",0xAFA88E0,1,Rx,0x122,Standard Frame,data frame,8,CAN,x| B0 00 00 02 0E 00 00 00 
73255,="15:44:24.695",0xAFA8C00,1,Rx,0x13F,Standard Frame,data frame,8,CAN,x| 00 12 C0 00 00 00 00 00 
73256,="15:44:24.697",0xAFA8DF4,1,Rx,0x7E8,Standard Frame,data frame,8,CAN,x| 27 FF FF 00 80 FF FF FF 
73257,="15:44:24.699",0xAFA95C4,1,Rx,0x7E8,Standard Frame,data frame,8,CAN,x| 28 FF FF FF FF FF FF 2F 
73258,="15:44:24.701",0xAFA9D94,1,Rx,0x7E8,Standard Frame,data frame,8,CAN,x| 29 00 00 00 00 12 32 FF 
73259,="15:44:24.704",0xAFAA62C,1,Rx,0x7E8,Standard Frame,data frame,8,CAN,x| 2A FF FF FF FF FF FF FF 
73260,="15:44:24.705",0xAFAAD34,1,Rx,0x7E8,Standard Frame,data frame,8,CAN,x| 2B 5B 5B FF FF FF FF FF 
73261,="15:44:24.705",0xAFAB054,1,Rx,0x124,Standard Frame,data frame,8,CAN,x| 68 12 C0 1D B0 12 23 00 
73262,="15:44:24.705",0xAFAB11C,1,Rx,0x120,Standard Frame,data frame,6,CAN,x| 02 43 0F A4 64 03 
73263,="15:44:24.705",0xAFAB248,1,Rx,0x122,Standard Frame,data frame,8,CAN,x| B0 00 00 03 12 00 00 00 
73264,="15:44:24.708",0xAFAB504,1,Rx,0x7E8,Standard Frame,data frame,8,CAN,x| 2C FF FF FF FF FF FF FF 
73265,="15:44:24.709",0xAFABCD4,1,Rx,0x7E8,Standard Frame,data frame,8,CAN,x| 2D FF FF FF FF FF FF FF 
73266,="15:44:24.711",0xAFAC4A4,1,Rx,0x7E8,Standard Frame,data frame,8,CAN,x| 2E FF FF 2F 06 FF FF FF 
73267,="15:44:24.714",0xAFACC74,1,Rx,0x7E8,Standard Frame,data frame,8,CAN,x| 2F FF FF FF FF FF FF FF 
73268,="15:44:24.715",0xAFAD444,1,Rx,0x7E8,Standard Frame,data frame,8,CAN,x| 20 FF FF FF FF FF FF C1 
73269,="15:44:24.715",0xAFAD50C,1,Rx,0x120,Standard Frame,data frame,6,CAN,x| 02 43 0D A4 60 00 
73270,="15:44:24.715",0xAFAD5D4,1,Rx,0x124,Standard Frame,data frame,8,CAN,x| 68 12 C0 1D B0 12 20 00 
73271,="15:44:24.715",0xAFAD700,1,Rx,0x122,Standard Frame,data frame,8,CAN,x| B0 00 00 00 12 00 00 00 
73272,="15:44:24.717",0xAFADAE8,1,Rx,0x13F,Standard Frame,data frame,8,CAN,x| 00 12 C0 00 00 00 00 00 
73273,="15:44:24.717",0xAFADC14,1,Rx,0x7E8,Standard Frame,data frame,8,CAN,x| 21 FF FF FF FF 8C 53 00 
73274,="15:44:24.720",0xAFAE3E4,1,Rx,0x7E8,Standard Frame,data frame,8,CAN,x| 22 00 00 FF 01 FF FF FF 
73275,="15:44:24.722",0xAFAEBB4,1,Rx,0x7E8,Standard Frame,data frame,8,CAN,x| 23 FF FF 08 04 FF FF 02 
73276,="15:44:24.723",0xAFAF384,1,Rx,0x7E8,Standard Frame,data frame,8,CAN,x| 24 00 FF FF FF FF FF FF 
73277,="15:44:24.725",0xAFAFB54,1,Rx,0x7E8,Standard Frame,data frame,8,CAN,x| 25 FF FF FF FF FF FF FF 
73278,="15:44:24.725",0xAFAFC1C,1,Rx,0x120,Standard Frame,data frame,6,CAN,x| 02 43 0D A4 60 01 
73279,="15:44:24.725",0xAFAFCE4,1,Rx,0x124,Standard Frame,data frame,8,CAN,x| 68 12 C0 1D B0 12 21 00 
73280,="15:44:24.725",0xAFAFE10,1,Rx,0x122,Standard Frame,data frame,8,CAN,x| B0 00 00 01 12 00 00 00 
73281,="15:44:24.727",0xAFB0324,1,Rx,0x7E8,Standard Frame,data frame,8,CAN,x| 26 FF FF FF FF FF FF FF 
73282,="15:44:24.729",0xAFB0AF4,1,Rx,0x7E8,Standard Frame,data frame,8,CAN,x| 27 FF FF FF FF FF FF FF 
73283,="15:44:24.731",0xAFB12C4,1,Rx,0x7E8,Standard Frame,data frame,8,CAN,x| 28 FF FF FF FF FF FF FF 
73284,="15:44:24.733",0xAFB1A94,1,Rx,0x7E8,Standard Frame,data frame,8,CAN,x| 29 FF FF FF FF 01 FF FF 
73285,="15:44:24.735",0xAFB2264,1,Rx,0x7E8,Standard Frame,data frame,8,CAN,x| 2A FF FF FF FF FF FF FF 
73286,="15:44:24.735",0xAFB24BC,1,Rx,0x124,Standard Frame,data frame,8,CAN,x| 68 12 C0 1D B0 12 22 00 
73287,="15:44:24.735",0xAFB2584,1,Rx,0x120,Standard Frame,data frame,6,CAN,x| 02 43 11 A4 60 02 
73288,="15:44:24.735",0xAFB264C,1,Rx,0x122,Standard Frame,data frame,8,CAN,x| B0 00 00 02 12 00 00 00 
73289,="15:44:24.737",0xAFB29D0,1,Rx,0x13F,Standard Frame,data frame,8,CAN,x| 00 12 C0 00 00 00 00 00 
73290,="15:44:24.737",0xAFB2AFC,1,Rx,0x7E8,Standard Frame,data frame,8,CAN,x| 2B FF FF FF FF FF FF FF 
73291,="15:44:24.739",0xAFB3204,1,Rx,0x7E8,Standard Frame,data frame,8,CAN,x| 2C FF FF FF FF FF FF FF 
73292,="15:44:24.741",0xAFB39D4,1,Rx,0x7E8,Standard Frame,data frame,8,CAN,x| 2D FF FF FF FF FF FF FF 
73293,="15:44:24.743",0xAFB41A4,1,Rx,0x7E8,Standard Frame,data frame,8,CAN,x| 2E FF 00 00 00 00 00 00 
73294,="15:44:24.745",0xAFB49D8,1,Rx,0x124,Standard Frame,data frame,8,CAN,x| 68 12 C0 1D B0 0C 23 00 
73295,="15:44:24.745",0xAFB4AA0,1,Rx,0x120,Standard Frame,data frame,6,CAN,x| 02 43 11 A4 61 03 
73296,="15:44:24.745",0xAFB4B68,1,Rx,0x122,Standard Frame,data frame,8,CAN,x| B0 00 00 03 0C 00 00 00 
73297,="15:44:24.747",0xAFB520C,1,Rx,0x314,Standard Frame,data frame,8,CAN,x| 00 00 00 00 00 00 95 01 
73298,="15:44:24.747",0xAFB52D4,1,Rx,0x32E,Standard Frame,data frame,8,CAN,x| 00 00 00 02 64 00 00 00 
73299,="15:44:24.755",0xAFB73A4,1,Rx,0x124,Standard Frame,data frame,8,CAN,x| 68 12 C0 1D B0 13 20 00 
73300,="15:44:24.755",0xAFB746C,1,Rx,0x120,Standard Frame,data frame,6,CAN,x| 02 43 11 A4 62 00 
73301,="15:44:24.755",0xAFB7534,1,Rx,0x122,Standard Frame,data frame,8,CAN,x| B0 00 00 00 13 00 00 00 
73302,="15:44:24.757",0xAFB7980,1,Rx,0x13F,Standard Frame,data frame,8,CAN,x| 00 12 C0 00 00 00 00 00 
73303,="15:44:24.765",0xAFB9794,1,Rx,0x124,Standard Frame,data frame,8,CAN,x| 68 12 C0 1D B0 13 21 00 
73304,="15:44:24.765",0xAFB985C,1,Rx,0x120,Standard Frame,data frame,6,CAN,x| 02 43 11 A4 5E 01 
73305,="15:44:24.765",0xAFB9988,1,Rx,0x122,Standard Frame,data frame,8,CAN,x| B0 00 00 01 13 00 00 00 
73306,="15:44:24.775",0xAFBBEA4,1,Rx,0x124,Standard Frame,data frame,8,CAN,x| 68 12 C0 1D B0 13 22 00 
73307,="15:44:24.775",0xAFBBF6C,1,Rx,0x120,Standard Frame,data frame,6,CAN,x| 02 43 11 A4 5D 02 
73308,="15:44:24.775",0xAFBC098,1,Rx,0x122,Standard Frame,data frame,8,CAN,x| B0 00 00 02 13 00 00 00 
73309,="15:44:24.775",0xAFBC160,1,Rx,0x310,Standard Frame,data frame,8,CAN,x| 01 3D 00 00 00 00 08 00 
73310,="15:44:24.775",0xAFBC28C,1,Rx,0x318,Standard Frame,data frame,8,CAN,x| 01 41 FF 00 00 00 10 80 
73311,="15:44:24.777",0xAFBC548,1,Rx,0x13F,Standard Frame,data frame,8,CAN,x| 00 12 C0 00 00 00 00 00 
73312,="15:44:24.785",0xAFBE7A8,1,Rx,0x124,Standard Frame,data frame,8,CAN,x| 68 12 C0 1D B0 13 23 00 
73313,="15:44:24.785",0xAFBE870,1,Rx,0x120,Standard Frame,data frame,6,CAN,x| 02 43 15 A4 5C 03 
73314,="15:44:24.785",0xAFBE938,1,Rx,0x122,Standard Frame,data frame,8,CAN,x| B0 00 00 03 13 00 00 00 
73315,="15:44:24.795",0xAFC0CC4,1,Rx,0x124,Standard Frame,data frame,8,CAN,x| 68 12 C0 1D B0 0C 20 00 
73316,="15:44:24.795",0xAFC0D8C,1,Rx,0x120,Standard Frame,data frame,6,CAN,x| 02 43 15 A4 5F 00 
73317,="15:44:24.795",0xAFC0E54,1,Rx,0x122,Standard Frame,data frame,8,CAN,x| B0 00 00 00 0C 00 00 00 
73318,="15:44:24.797",0xAFC12A0,1,Rx,0x13F,Standard Frame,data frame,8,CAN,x| 00 12 C0 00 00 00 00 00 
73319,="15:44:24.805",0xAFC3690,1,Rx,0x124,Standard Frame,data frame,8,CAN,x| 68 12 C0 1D B0 13 21 00 
73320,="15:44:24.805",0xAFC3758,1,Rx,0x120,Standard Frame,data frame,6,CAN,x| 02 43 15 A4 5F 01 
73321,="15:44:24.805",0xAFC3820,1,Rx,0x122,Standard Frame,data frame,8,CAN,x| B0 00 00 01 13 00 00 00 
73322,="15:44:24.815",0xAFC5AE4,1,Rx,0x124,Standard Frame,data frame,8,CAN,x| 68 12 C0 1D B0 13 22 00 
73323,="15:44:24.815",0xAFC5BAC,1,Rx,0x120,Standard Frame,data frame,6,CAN,x| 02 43 14 A4 5E 02 
73324,="15:44:24.815",0xAFC5C74,1,Rx,0x122,Standard Frame,data frame,8,CAN,x| B0 00 00 02 13 00 00 00 
73325,="15:44:24.815",0xAFC5FF8,1,Rx,0x13F,Standard Frame,data frame,8,CAN,x| 00 12 C0 00 00 00 00 00 
73326,="15:44:24.825",0xAFC81F4,1,Rx,0x124,Standard Frame,data frame,8,CAN,x| 68 12 C0 1D B0 13 23 00 
73327,="15:44:24.825",0xAFC82BC,1,Rx,0x120,Standard Frame,data frame,6,CAN,x| 02 43 14 A4 5D 03 
73328,="15:44:24.825",0xAFC8384,1,Rx,0x122,Standard Frame,data frame,8,CAN,x| B0 00 00 03 13 00 00 00 
73329,="15:44:24.835",0xAFCAAF8,1,Rx,0x124,Standard Frame,data frame,8,CAN,x| 68 12 C0 1D B0 13 20 00 
73330,="15:44:24.835",0xAFCABC0,1,Rx,0x120,Standard Frame,data frame,6,CAN,x| 02 43 16 A4 5C 00 
73331,="15:44:24.835",0xAFCAC88,1,Rx,0x122,Standard Frame,data frame,8,CAN,x| B0 00 00 00 13 00 00 00 
73332,="15:44:24.837",0xAFCB138,1,Rx,0x13F,Standard Frame,data frame,8,CAN,x| 00 12 C0 00 00 00 00 00 
73333,="15:44:24.845",0xAFCD014,1,Rx,0x124,Standard Frame,data frame,8,CAN,x| 68 12 C0 1D B0 0C 21 00 
73334,="15:44:24.845",0xAFCD078,1,Rx,0x120,Standard Frame,data frame,6,CAN,x| 02 43 16 A4 5F 01 
73335,="15:44:24.845",0xAFCD1A4,1,Rx,0x122,Standard Frame,data frame,8,CAN,x| B0 00 00 01 0C 00 00 00 
73336,="15:44:24.847",0xAFCD6B8,1,Rx,0x314,Standard Frame,data frame,8,CAN,x| 00 00 00 00 00 00 B2 01 
73337,="15:44:24.847",0xAFCD780,1,Rx,0x500,Standard Frame,data frame,8,CAN,x| 75 03 3F 3F 3F 3F 3F 3F 
73338,="15:44:24.847",0xAFCD8AC,1,Rx,0x32E,Standard Frame,data frame,8,CAN,x| 00 00 00 03 64 00 00 00 
73339,="15:44:24.855",0xAFCF97C,1,Rx,0x124,Standard Frame,data frame,8,CAN,x| 68 12 C0 1D B0 13 22 00 
73340,="15:44:24.855",0xAFCFA44,1,Rx,0x120,Standard Frame,data frame,6,CAN,x| 02 43 16 A4 5F 02 
73341,="15:44:24.855",0xAFCFB70,1,Rx,0x122,Standard Frame,data frame,8,CAN,x| B0 00 00 02 13 00 00 00 
73342,="15:44:24.857",0xAFCFEF4,1,Rx,0x13F,Standard Frame,data frame,8,CAN,x| 00 12 C0 00 00 00 00 00 
73343,="15:44:24.865",0xAFD1DD0,1,Rx,0x124,Standard Frame,data frame,8,CAN,x| 68 12 C0 1D B0 13 23 00 
73344,="15:44:24.865",0xAFD1E98,1,Rx,0x120,Standard Frame,data frame,6,CAN,x| 02 43 16 A4 5E 03 
73345,="15:44:24.865",0xAFD1FC4,1,Rx,0x122,Standard Frame,data frame,8,CAN,x| B0 00 00 03 13 00 00 00 
73346,="15:44:24.875",0xAFD44E0,1,Rx,0x124,Standard Frame,data frame,8,CAN,x| 68 12 C0 1D B0 13 20 00 
73347,="15:44:24.875",0xAFD45A8,1,Rx,0x120,Standard Frame,data frame,6,CAN,x| 02 43 16 A4 5D 00 
73348,="15:44:24.875",0xAFD46D4,1,Rx,0x122,Standard Frame,data frame,8,CAN,x| B0 00 00 00 13 00 00 00 
73349,="15:44:24.875",0xAFD479C,1,Rx,0x310,Standard Frame,data frame,8,CAN,x| 01 3D 00 00 00 00 08 00 
73350,="15:44:24.875",0xAFD48C8,1,Rx,0x318,Standard Frame,data frame,8,CAN,x| 01 41 FF 00 00 00 10 80 
73351,="15:44:24.877",0xAFD4C4C,1,Rx,0x13F,Standard Frame,data frame,8,CAN,x| 00 12 C0 00 00 00 00 00 
73352,="15:44:24.885",0xAFD6DE4,1,Rx,0x124,Standard Frame,data frame,8,CAN,x| 68 12 C0 1D B0 13 21 00 
73353,="15:44:24.885",0xAFD6EAC,1,Rx,0x120,Standard Frame,data frame,6,CAN,x| 02 43 1A A4 5D 01 
73354,="15:44:24.885",0xAFD6F74,1,Rx,0x122,Standard Frame,data frame,8,CAN,x| B0 00 00 01 13 00 00 00 
73355,="15:44:24.895",0xAFD9300,1,Rx,0x124,Standard Frame,data frame,8,CAN,x| 68 12 C0 1D B0 0C 22 00 
73356,="15:44:24.895",0xAFD93C8,1,Rx,0x120,Standard Frame,data frame,6,CAN,x| 02 43 1A A4 5F 02 
73357,="15:44:24.895",0xAFD94F4,1,Rx,0x122,Standard Frame,data frame,8,CAN,x| B0 00 00 02 0C 00 00 00 
73358,="15:44:24.897",0xAFD9814,1,Rx,0x13F,Standard Frame,data frame,8,CAN,x| 00 12 C0 00 00 00 00 00 
73359,="15:44:24.905",0xAFDBCCC,1,Rx,0x124,Standard Frame,data frame,8,CAN,x| 68 12 C0 1D B0 14 23 00 
73360,="15:44:24.905",0xAFDBD94,1,Rx,0x120,Standard Frame,data frame,6,CAN,x| 02 43 1A A4 5F 03 
73361,="15:44:24.905",0xAFDBE5C,1,Rx,0x122,Standard Frame,data frame,8,CAN,x| B0 00 00 03 14 00 00 00 
73362,="15:44:24.915",0xAFDE120,1,Rx,0x124,Standard Frame,data frame,8,CAN,x| 68 12 C0 1D B0 14 20 00 
73363,="15:44:24.915",0xAFDE1E8,1,Rx,0x120,Standard Frame,data frame,6,CAN,x| 02 43 18 A4 5E 00 
73364,="15:44:24.915",0xAFDE2B0,1,Rx,0x122,Standard Frame,data frame,8,CAN,x| B0 00 00 00 14 00 00 00 
73365,="15:44:24.917",0xAFDE6FC,1,Rx,0x13F,Standard Frame,data frame,8,CAN,x| 00 12 C0 00 00 00 00 00 
73366,="15:44:24.925",0xAFE0830,1,Rx,0x124,Standard Frame,data frame,8,CAN,x| 68 12 C0 1D B0 14 21 00 
73367,="15:44:24.925",0xAFE08F8,1,Rx,0x120,Standard Frame,data frame,6,CAN,x| 02 43 18 A4 5D 01 
73368,="15:44:24.925",0xAFE09C0,1,Rx,0x122,Standard Frame,data frame,8,CAN,x| B0 00 00 01 14 00 00 00 
73369,="15:44:24.935",0xAFE30D0,1,Rx,0x124,Standard Frame,data frame,8,CAN,x| 68 12 C0 1D B0 14 22 00 
73370,="15:44:24.935",0xAFE3198,1,Rx,0x120,Standard Frame,data frame,6,CAN,x| 02 43 1B A4 5C 02 
73371,="15:44:24.935",0xAFE32C4,1,Rx,0x122,Standard Frame,data frame,8,CAN,x| B0 00 00 02 14 00 00 00 
73372,="15:44:24.937",0xAFE3648,1,Rx,0x13F,Standard Frame,data frame,8,CAN,x| 00 12 C0 00 00 00 00 00 
73373,="15:44:24.945",0xAFE55EC,1,Rx,0x124,Standard Frame,data frame,8,CAN,x| 68 12 C0 1D B0 0F 23 00 
73374,="15:44:24.945",0xAFE56B4,1,Rx,0x120,Standard Frame,data frame,6,CAN,x| 02 43 1B A4 5F 03 
73375,="15:44:24.945",0xAFE57E0,1,Rx,0x122,Standard Frame,data frame,8,CAN,x| B0 00 00 03 0F 00 00 00 
73376,="15:44:24.947",0xAFE5E20,1,Rx,0x314,Standard Frame,data frame,8,CAN,x| 00 00 00 00 00 00 C0 01 
73377,="15:44:24.947",0xAFE5EE8,1,Rx,0x32E,Standard Frame,data frame,8,CAN,x| 00 00 00 00 64 00 00 00 
73378,="15:44:24.955",0xAFE7FB8,1,Rx,0x124,Standard Frame,data frame,8,CAN,x| 68 12 C0 1D B0 14 20 00 
73379,="15:44:24.955",0xAFE80E4,1,Rx,0x120,Standard Frame,data frame,6,CAN,x| 02 43 1B A4 5F 00 
73380,="15:44:24.955",0xAFE81AC,1,Rx,0x122,Standard Frame,data frame,8,CAN,x| B0 00 00 00 14 00 00 00 
73381,="15:44:24.957",0xAFE85F8,1,Rx,0x13F,Standard Frame,data frame,8,CAN,x| 00 12 C0 00 00 00 00 00 
73382,="15:44:24.965",0xAFEA40C,1,Rx,0x124,Standard Frame,data frame,8,CAN,x| 68 12 C0 1D B0 14 21 00 
73383,="15:44:24.965",0xAFEA4D4,1,Rx,0x120,Standard Frame,data frame,6,CAN,x| 02 43 18 A4 5E 01 
73384,="15:44:24.965",0xAFEA600,1,Rx,0x122,Standard Frame,data frame,8,CAN,x| B0 00 00 01 14 00 00 00 
73385,="15:44:24.975",0xAFECB1C,1,Rx,0x124,Standard Frame,data frame,8,CAN,x| 68 12 C0 1D B0 14 22 00 
73386,="15:44:24.975",0xAFECBE4,1,Rx,0x120,Standard Frame,data frame,6,CAN,x| 02 43 18 A4 5D 02 
73387,="15:44:24.975",0xAFECD10,1,Rx,0x122,Standard Frame,data frame,8,CAN,x| B0 00 00 02 14 00 00 00 
73388,="15:44:24.975",0xAFECDD8,1,Rx,0x310,Standard Frame,data frame,8,CAN,x| 01 3D 00 00 00 00 08 00 
73389,="15:44:24.975",0xAFECEA0,1,Rx,0x318,Standard Frame,data frame,8,CAN,x| 01 41 FF 00 00 00 10 80 
73390,="15:44:24.977",0xAFED1C0,1,Rx,0x13F,Standard Frame,data frame,8,CAN,x| 00 12 C0 00 00 00 00 00 
73391,="15:44:24.985",0xAFEF420,1,Rx,0x124,Standard Frame,data frame,8,CAN,x| 68 12 C0 1D B0 14 23 00 
73392,="15:44:24.985",0xAFEF4E8,1,Rx,0x120,Standard Frame,data frame,6,CAN,x| 02 43 1B A4 5C 03 
73393,="15:44:24.985",0xAFEF5B0,1,Rx,0x122,Standard Frame,data frame,8,CAN,x| B0 00 00 03 14 00 00 00 
73394,="15:44:24.995",0xAFF193C,1,Rx,0x124,Standard Frame,data frame,8,CAN,x| 68 12 C0 1D B0 0E 20 00 
73395,="15:44:24.995",0xAFF1A04,1,Rx,0x120,Standard Frame,data frame,6,CAN,x| 02 43 1C A4 5F 00 
73396,="15:44:24.995",0xAFF1ACC,1,Rx,0x122,Standard Frame,data frame,8,CAN,x| B0 00 00 00 0E 00 00 00 
73397,="15:44:24.997",0xAFF1F18,1,Rx,0x13F,Standard Frame,data frame,8,CAN,x| 00 12 C0 00 00 00 00 00 
73398,="15:44:25.005",0xAFF4308,1,Rx,0x124,Standard Frame,data frame,8,CAN,x| 68 12 C0 1D B0 14 21 00 
73399,="15:44:25.005",0xAFF43D0,1,Rx,0x120,Standard Frame,data frame,6,CAN,x| 02 43 1C A4 60 01 
73400,="15:44:25.005",0xAFF4498,1,Rx,0x122,Standard Frame,data frame,8,CAN,x| B0 00 00 01 14 00 00 00 
73401,="15:44:25.015",0xAFF675C,1,Rx,0x124,Standard Frame,data frame,8,CAN,x| 68 12 C0 1D B0 14 22 00 
73402,="15:44:25.015",0xAFF6824,1,Rx,0x120,Standard Frame,data frame,6,CAN,x| 02 43 18 A4 5E 02 
73403,="15:44:25.015",0xAFF68EC,1,Rx,0x122,Standard Frame,data frame,8,CAN,x| B0 00 00 02 14 00 00 00 
73404,="15:44:25.017",0xAFF6C70,1,Rx,0x13F,Standard Frame,data frame,8,CAN,x| 00 12 C0 00 00 00 00 00 
73405,="15:44:25.025",0xAFF8E6C,1,Rx,0x124,Standard Frame,data frame,8,CAN,x| 68 12 C0 1D B0 13 23 00 
73406,="15:44:25.025",0xAFF8F34,1,Rx,0x120,Standard Frame,data frame,6,CAN,x| 02 43 18 A4 5E 03 
73407,="15:44:25.025",0xAFF8FFC,1,Rx,0x122,Standard Frame,data frame,8,CAN,x| B0 00 00 03 13 00 00 00 
73408,="15:44:25.035",0xAFFB70C,1,Rx,0x124,Standard Frame,data frame,8,CAN,x| 68 12 C0 1D B0 13 20 00 
73409,="15:44:25.035",0xAFFB7D4,1,Rx,0x120,Standard Frame,data frame,6,CAN,x| 02 43 1A A4 5E 00 
73410,="15:44:25.035",0xAFFB900,1,Rx,0x122,Standard Frame,data frame,8,CAN,x| B0 00 00 00 13 00 00 00 
73411,="15:44:25.037",0xAFFBD4C,1,Rx,0x13F,Standard Frame,data frame,8,CAN,x| 00 12 C0 00 00 00 00 00 
73412,="15:44:25.045",0xAFFDC28,1,Rx,0x124,Standard Frame,data frame,8,CAN,x| 68 12 C0 1D B0 0E 21 00 
73413,="15:44:25.045",0xAFFDCF0,1,Rx,0x120,Standard Frame,data frame,6,CAN,x| 02 43 1B A4 60 01 
73414,="15:44:25.045",0xAFFDE1C,1,Rx,0x122,Standard Frame,data frame,8,CAN,x| B0 00 00 01 0E 00 00 00 
73415,="15:44:25.047",0xAFFE330,1,Rx,0x314,Standard Frame,data frame,8,CAN,x| 00 00 00 00 00 00 BE 01 
73416,="15:44:25.047",0xAFFE3F8,1,Rx,0x500,Standard Frame,data frame,8,CAN,x| 75 01 00 3F 3F 3F 3F 3F 
73417,="15:44:25.047",0xAFFE524,1,Rx,0x32E,Standard Frame,data frame,8,CAN,x| 00 00 00 01 64 00 00 00 
73418,="15:44:25.055",0xB0005F4,1,Rx,0x124,Standard Frame,data frame,8,CAN,x| 68 12 C0 1D B0 13 22 00 
73419,="15:44:25.055",0xB0006BC,1,Rx,0x120,Standard Frame,data frame,6,CAN,x| 02 43 1B A4 60 02 
73420,="15:44:25.055",0xB0007E8,1,Rx,0x122,Standard Frame,data frame,8,CAN,x| B0 00 00 02 13 00 00 00 
73421,="15:44:25.057",0xB000B6C,1,Rx,0x13F,Standard Frame,data frame,8,CAN,x| 00 12 C0 00 00 00 00 00 
73422,="15:44:25.065",0xB002A48,1,Rx,0x124,Standard Frame,data frame,8,CAN,x| 68 12 C0 1D B0 13 23 00 
73423,="15:44:25.065",0xB002B10,1,Rx,0x120,Standard Frame,data frame,6,CAN,x| 02 43 17 A4 5F 03 
73424,="15:44:25.065",0xB002C3C,1,Rx,0x122,Standard Frame,data frame,8,CAN,x| B0 00 00 03 13 00 00 00 
73425,="15:44:25.069",0xB003DD0,1,Rx,0x7E0,Standard Frame,data frame,8,CAN,x| 02 21 00 00 00 00 00 00 
73426,="15:44:25.073",0xB004C44,1,Rx,0x7E8,Standard Frame,data frame,8,CAN,x| 10 D2 61 00 FF FF FF FF 
73427,="15:44:25.075",0xB005284,1,Rx,0x7E0,Standard Frame,data frame,8,CAN,x| 30 00 00 00 00 00 00 00 
73428,="15:44:25.075",0xB005478,1,Rx,0x124,Standard Frame,data frame,8,CAN,x| 68 12 C0 1D B0 13 20 00 
73429,="15:44:25.075",0xB005540,1,Rx,0x120,Standard Frame,data frame,6,CAN,x| 02 43 17 A4 5F 00 
73430,="15:44:25.077",0xB00566C,1,Rx,0x122,Standard Frame,data frame,8,CAN,x| B0 00 00 00 13 00 00 00 
73431,="15:44:25.077",0xB005734,1,Rx,0x310,Standard Frame,data frame,8,CAN,x| 01 3D 00 00 00 00 08 00 
73432,="15:44:25.077",0xB005860,1,Rx,0x318,Standard Frame,data frame,8,CAN,x| 01 41 FF 00 00 00 10 80 
73433,="15:44:25.077",0xB005928,1,Rx,0x7E8,Standard Frame,data frame,8,CAN,x| 21 FF FF FF FF FF FF FF 
73434,="15:44:25.077",0xB005D74,1,Rx,0x13F,Standard Frame,data frame,8,CAN,x| 00 12 C0 00 00 00 00 00 
73435,="15:44:25.079",0xB006094,1,Rx,0x7E8,Standard Frame,data frame,8,CAN,x| 22 FF FF FF FF 01 FF 80 
73436,="15:44:25.081",0xB006864,1,Rx,0x7E8,Standard Frame,data frame,8,CAN,x| 23 80 FF FF 80 FF 0A 06 
73437,="15:44:25.083",0xB007034,1,Rx,0x7E8,Standard Frame,data frame,8,CAN,x| 24 FF FF D8 FF FF FF FF 
73438,="15:44:25.085",0xB007804,1,Rx,0x7E8,Standard Frame,data frame,8,CAN,x| 25 FF FF 25 12 C0 BF FF 
73439,="15:44:25.087",0xB007E44,1,Rx,0x124,Standard Frame,data frame,8,CAN,x| 68 12 C0 1D B0 13 21 00 
73440,="15:44:25.087",0xB007F0C,1,Rx,0x120,Standard Frame,data frame,6,CAN,x| 02 43 18 A4 5F 01 
73441,="15:44:25.087",0xB007FD4,1,Rx,0x122,Standard Frame,data frame,8,CAN,x| B0 00 00 01 13 00 00 00 
73442,="15:44:25.087",0xB008100,1,Rx,0x7E8,Standard Frame,data frame,8,CAN,x| 26 FF 00 16 3D 1C 64 00 
73443,="15:44:25.089",0xB0087A4,1,Rx,0x7E8,Standard Frame,data frame,8,CAN,x| 27 FF FF 00 80 FF FF FF 
73444,="15:44:25.091",0xB008F74,1,Rx,0x7E8,Standard Frame,data frame,8,CAN,x| 28 FF FF FF FF FF FB 2F 
73445,="15:44:25.093",0xB009744,1,Rx,0x7E8,Standard Frame,data frame,8,CAN,x| 29 00 00 00 00 13 32 FF 
73446,="15:44:25.095",0xB009F14,1,Rx,0x7E8,Standard Frame,data frame,8,CAN,x| 2A FF FF FF FF FF FF FF 
73447,="15:44:25.095",0xB009FDC,1,Rx,0x120,Standard Frame,data frame,6,CAN,x| 02 43 18 A4 60 02 
73448,="15:44:25.095",0xB00A0A4,1,Rx,0x124,Standard Frame,data frame,8,CAN,x| 68 12 C0 1D B0 0E 22 00 
73449,="15:44:25.095",0xB00A1D0,1,Rx,0x122,Standard Frame,data frame,8,CAN,x| B0 00 00 02 0E 00 00 00 
73450,="15:44:25.097",0xB00A48C,1,Rx,0x13F,Standard Frame,data frame,8,CAN,x| 00 12 C0 00 00 00 00 00 
73451,="15:44:25.097",0xB00A6E4,1,Rx,0x7E8,Standard Frame,data frame,8,CAN,x| 2B 5B 5B FF FF FF FF FF 
73452,="15:44:25.099",0xB00AEB4,1,Rx,0x7E8,Standard Frame,data frame,8,CAN,x| 2C FF FF FF FF FF FF FF 
73453,="15:44:25.101",0xB00B684,1,Rx,0x7E8,Standard Frame,data frame,8,CAN,x| 2D FF FF FF FF FF FF FF 
73454,="15:44:25.103",0xB00BEB8,1,Rx,0x7E8,Standard Frame,data frame,8,CAN,x| 2E FF FF 2E D7 FF FF FF 
73455,="15:44:25.105",0xB00C624,1,Rx,0x7E8,Standard Frame,data frame,8,CAN,x| 2F FF FF FF FF FF FF FF 
73456,="15:44:25.105",0xB00C944,1,Rx,0x124,Standard Frame,data frame,8,CAN,x| 68 12 C0 1D B0 13 23 00 
73457,="15:44:25.105",0xB00CA0C,1,Rx,0x120,Standard Frame,data frame,6,CAN,x| 02 43 18 A4 61 03 
73458,="15:44:25.105",0xB00CAD4,1,Rx,0x122,Standard Frame,data frame,8,CAN,x| B0 00 00 03 13 00 00 00 
73459,="15:44:25.107",0xB00CDF4,1,Rx,0x7E8,Standard Frame,data frame,8,CAN,x| 20 FF FF FF FF FF FF C1 
73460,="15:44:25.109",0xB00D5C4,1,Rx,0x7E8,Standard Frame,data frame,8,CAN,x| 21 FF FF FF FF 8C 53 00 
73461,="15:44:25.111",0xB00DD94,1,Rx,0x7E8,Standard Frame,data frame,8,CAN,x| 22 00 00 FF 01 FF FF FF 
73462,="15:44:25.113",0xB00E564,1,Rx,0x7E8,Standard Frame,data frame,8,CAN,x| 23 FF FF 08 04 FF FF 02 
73463,="15:44:25.115",0xB00ED34,1,Rx,0x7E8,Standard Frame,data frame,8,CAN,x| 24 00 FF FF FF FF FF FF 
73464,="15:44:25.115",0xB00EDFC,1,Rx,0x120,Standard Frame,data frame,6,CAN,x| 02 43 13 A4 5F 00 
73465,="15:44:25.115",0xB00EEC4,1,Rx,0x124,Standard Frame,data frame,8,CAN,x| 68 12 C0 1D B0 13 20 00 
73466,="15:44:25.115",0xB00EF8C,1,Rx,0x122,Standard Frame,data frame,8,CAN,x| B0 00 00 00 13 00 00 00 
73467,="15:44:25.117",0xB00F374,1,Rx,0x13F,Standard Frame,data frame,8,CAN,x| 00 12 C0 00 00 00 00 00 
73468,="15:44:25.117",0xB00F504,1,Rx,0x7E8,Standard Frame,data frame,8,CAN,x| 25 FF FF FF FF FF FF FF 
73469,="15:44:25.119",0xB00FCD4,1,Rx,0x7E8,Standard Frame,data frame,8,CAN,x| 26 FF FF FF FF FF FF FF 
73470,="15:44:25.121",0xB010440,1,Rx,0x7E8,Standard Frame,data frame,8,CAN,x| 27 FF FF FF FF FF FF FF 
73471,="15:44:25.123",0xB010C74,1,Rx,0x7E8,Standard Frame,data frame,8,CAN,x| 28 FF FF FF FF FF FF FF 
73472,="15:44:25.125",0xB0113E0,1,Rx,0x7E8,Standard Frame,data frame,8,CAN,x| 29 FF FF FF FF 01 FF FF 
73473,="15:44:25.125",0xB0114A8,1,Rx,0x120,Standard Frame,data frame,6,CAN,x| 02 43 13 A4 5F 01 
73474,="15:44:25.125",0xB0115D4,1,Rx,0x124,Standard Frame,data frame,8,CAN,x| 68 12 C0 1D B0 13 21 00 
73475,="15:44:25.125",0xB01169C,1,Rx,0x122,Standard Frame,data frame,8,CAN,x| B0 00 00 01 13 00 00 00 
73476,="15:44:25.127",0xB011BB0,1,Rx,0x7E8,Standard Frame,data frame,8,CAN,x| 2A FF FF FF FF FF FF FF 
73477,="15:44:25.129",0xB012380,1,Rx,0x7E8,Standard Frame,data frame,8,CAN,x| 2B FF FF FF FF FF FF FF 
73478,="15:44:25.131",0xB012B50,1,Rx,0x7E8,Standard Frame,data frame,8,CAN,x| 2C FF FF FF FF FF FF FF 
73479,="15:44:25.133",0xB013320,1,Rx,0x7E8,Standard Frame,data frame,8,CAN,x| 2D FF FF FF FF FF FF FF 
73480,="15:44:25.135",0xB013AF0,1,Rx,0x7E8,Standard Frame,data frame,8,CAN,x| 2E FF 00 00 00 00 00 00 
73481,="15:44:25.135",0xB013DAC,1,Rx,0x124,Standard Frame,data frame,8,CAN,x| 68 12 C0 1D B0 12 22 00 
73482,="15:44:25.135",0xB013E74,1,Rx,0x120,Standard Frame,data frame,6,CAN,x| 02 43 13 A4 5F 02 
73483,="15:44:25.135",0xB013F3C,1,Rx,0x122,Standard Frame,data frame,8,CAN,x| B0 00 00 02 12 00 00 00 
73484,="15:44:25.137",0xB014324,1,Rx,0x13F,Standard Frame,data frame,8,CAN,x| 00 12 C0 00 00 00 00 00 
73485,="15:44:25.145",0xB016264,1,Rx,0x124,Standard Frame,data frame,8,CAN,x| 68 12 C0 1D B0 0B 23 00 
73486,="15:44:25.145",0xB01632C,1,Rx,0x120,Standard Frame,data frame,6,CAN,x| 02 43 13 A4 61 03 
73487,="15:44:25.145",0xB016458,1,Rx,0x122,Standard Frame,data frame,8,CAN,x| B0 00 00 03 0B 00 00 00 
73488,="15:44:25.147",0xB016A98,1,Rx,0x314,Standard Frame,data frame,8,CAN,x| 00 00 00 00 00 00 A9 01 
73489,="15:44:25.147",0xB016B60,1,Rx,0x32E,Standard Frame,data frame,8,CAN,x| 00 00 00 02 64 00 00 00 
73490,="15:44:25.155",0xB018C30,1,Rx,0x124,Standard Frame,data frame,8,CAN,x| 68 12 C0 1D B0 12 20 00 
73491,="15:44:25.155",0xB018CF8,1,Rx,0x120,Standard Frame,data frame,6,CAN,x| 02 43 13 A4 62 00 
73492,="15:44:25.155",0xB018E24,1,Rx,0x122,Standard Frame,data frame,8,CAN,x| B0 00 00 00 12 00 00 00 
73493,="15:44:25.157",0xB019270,1,Rx,0x13F,Standard Frame,data frame,8,CAN,x| 00 12 C0 00 00 00 00 00 
73494,="15:44:25.165",0xB01B084,1,Rx,0x124,Standard Frame,data frame,8,CAN,x| 68 12 C0 1D B0 12 21 00 
73495,="15:44:25.165",0xB01B14C,1,Rx,0x120,Standard Frame,data frame,6,CAN,x| 02 43 0E A4 61 01 
73496,="15:44:25.165",0xB01B278,1,Rx,0x122,Standard Frame,data frame,8,CAN,x| B0 00 00 01 12 00 00 00 
73497,="15:44:25.175",0xB01D794,1,Rx,0x124,Standard Frame,data frame,8,CAN,x| 68 12 C0 1D B0 12 22 00 
73498,="15:44:25.175",0xB01D85C,1,Rx,0x120,Standard Frame,data frame,6,CAN,x| 02 43 0E A4 62 02 
73499,="15:44:25.175",0xB01D924,1,Rx,0x122,Standard Frame,data frame,8,CAN,x| B0 00 00 02 12 00 00 00 
73500,="15:44:25.175",0xB01DA50,1,Rx,0x310,Standard Frame,data frame,8,CAN,x| 01 3D 00 00 00 00 08 00 
73501,="15:44:25.175",0xB01DB18,1,Rx,0x318,Standard Frame,data frame,8,CAN,x| 01 41 FF 00 00 00 10 80 
73502,="15:44:25.177",0xB01DE38,1,Rx,0x13F,Standard Frame,data frame,8,CAN,x| 00 12 C0 00 00 00 00 00 
73503,="15:44:25.185",0xB020098,1,Rx,0x124,Standard Frame,data frame,8,CAN,x| 68 12 C0 1D B0 12 23 00 
73504,="15:44:25.185",0xB020160,1,Rx,0x120,Standard Frame,data frame,6,CAN,x| 02 43 0F A4 62 03 
73505,="15:44:25.185",0xB020228,1,Rx,0x122,Standard Frame,data frame,8,CAN,x| B0 00 00 03 12 00 00 00 
73506,="15:44:25.195",0xB0225B4,1,Rx,0x124,Standard Frame,data frame,8,CAN,x| 68 12 C0 1D B0 0B 20 00 
73507,="15:44:25.195",0xB02267C,1,Rx,0x120,Standard Frame,data frame,6,CAN,x| 02 43 0F A4 62 00 
73508,="15:44:25.195",0xB022744,1,Rx,0x122,Standard Frame,data frame,8,CAN,x| B0 00 00 00 0B 00 00 00 
73509,="15:44:25.197",0xB022B90,1,Rx,0x13F,Standard Frame,data frame,8,CAN,x| 00 12 C0 00 00 00 00 00 
73510,="15:44:25.205",0xB024F80,1,Rx,0x124,Standard Frame,data frame,8,CAN,x| 68 12 C0 1D B0 12 21 00 
73511,="15:44:25.205",0xB025048,1,Rx,0x120,Standard Frame,data frame,6,CAN,x| 02 43 0F A4 64 01 
73512,="15:44:25.205",0xB025110,1,Rx,0x122,Standard Frame,data frame,8,CAN,x| B0 00 00 01 12 00 00 00 
73513,="15:44:25.215",0xB027370,1,Rx,0x124,Standard Frame,data frame,8,CAN,x| 68 12 C0 1D B0 12 22 00 
73514,="15:44:25.215",0xB027438,1,Rx,0x120,Standard Frame,data frame,6,CAN,x| 02 43 0C A4 61 02 
73515,="15:44:25.215",0xB027564,1,Rx,0x122,Standard Frame,data frame,8,CAN,x| B0 00 00 02 12 00 00 00 
73516,="15:44:25.215",0xB0278E8,1,Rx,0x13F,Standard Frame,data frame,8,CAN,x| 00 12 C0 00 00 00 00 00 
73517,="15:44:25.225",0xB029A80,1,Rx,0x124,Standard Frame,data frame,8,CAN,x| 68 12 C0 1D B0 12 23 00 
73518,="15:44:25.225",0xB029B48,1,Rx,0x120,Standard Frame,data frame,6,CAN,x| 02 43 0C A4 61 03 
73519,="15:44:25.225",0xB029C74,1,Rx,0x122,Standard Frame,data frame,8,CAN,x| B0 00 00 03 12 00 00 00 
73520,="15:44:25.235",0xB02C384,1,Rx,0x124,Standard Frame,data frame,8,CAN,x| 68 12 C0 1D B0 12 20 00 
73521,="15:44:25.235",0xB02C44C,1,Rx,0x120,Standard Frame,data frame,6,CAN,x| 02 43 0E A4 62 00 
73522,="15:44:25.235",0xB02C578,1,Rx,0x122,Standard Frame,data frame,8,CAN,x| B0 00 00 00 12 00 00 00 
73523,="15:44:25.237",0xB02C9C4,1,Rx,0x13F,Standard Frame,data frame,8,CAN,x| 00 12 C0 00 00 00 00 00 
73524,="15:44:25.245",0xB02E8A0,1,Rx,0x124,Standard Frame,data frame,8,CAN,x| 68 12 C0 1D B0 0B 21 00 
73525,="15:44:25.245",0xB02E968,1,Rx,0x120,Standard Frame,data frame,6,CAN,x| 02 43 0E A4 62 01 
73526,="15:44:25.245",0xB02EA30,1,Rx,0x122,Standard Frame,data frame,8,CAN,x| B0 00 00 01 0B 00 00 00 
73527,="15:44:25.247",0xB02EF44,1,Rx,0x314,Standard Frame,data frame,8,CAN,x| 00 00 00 00 00 00 91 01 
73528,="15:44:25.247",0xB02F070,1,Rx,0x500,Standard Frame,data frame,8,CAN,x| 75 02 3F 3F 3F 3F 3F 3F 
73529,="15:44:25.247",0xB02F138,1,Rx,0x32E,Standard Frame,data frame,8,CAN,x| 00 00 00 03 64 00 00 00 
73530,="15:44:25.255",0xB03126C,1,Rx,0x124,Standard Frame,data frame,8,CAN,x| 68 12 C0 1D 88 12 22 00 
73531,="15:44:25.255",0xB031334,1,Rx,0x120,Standard Frame,data frame,6,CAN,x| 02 43 0E A4 63 02 
73532,="15:44:25.257",0xB031460,1,Rx,0x122,Standard Frame,data frame,8,CAN,x| B0 00 00 02 12 00 00 00 
73533,="15:44:25.257",0xB0317E4,1,Rx,0x13F,Standard Frame,data frame,8,CAN,x| 00 12 C0 00 00 00 00 00 
73534,="15:44:25.265",0xB0336C0,1,Rx,0x124,Standard Frame,data frame,8,CAN,x| 68 12 C0 1D 88 12 23 00 
73535,="15:44:25.265",0xB033788,1,Rx,0x120,Standard Frame,data frame,6,CAN,x| 02 43 0E A4 60 03 
73536,="15:44:25.265",0xB033850,1,Rx,0x122,Standard Frame,data frame,8,CAN,x| B0 00 00 03 12 00 00 00 
73537,="15:44:25.275",0xB035DD0,1,Rx,0x124,Standard Frame,data frame,8,CAN,x| 68 12 C0 1D 88 12 20 00 
73538,="15:44:25.275",0xB035E98,1,Rx,0x120,Standard Frame,data frame,6,CAN,x| 02 43 0E A4 60 00 
73539,="15:44:25.275",0xB035F60,1,Rx,0x122,Standard Frame,data frame,8,CAN,x| B0 00 00 00 12 00 00 00 
73540,="15:44:25.275",0xB03608C,1,Rx,0x310,Standard Frame,data frame,8,CAN,x| 01 3D 00 00 00 00 08 00 
73541,="15:44:25.275",0xB036154,1,Rx,0x318,Standard Frame,data frame,8,CAN,x| 01 41 FF 00 00 00 10 80 
73542,="15:44:25.277",0xB03653C,1,Rx,0x13F,Standard Frame,data frame,8,CAN,x| 00 12 C0 00 00 00 00 00 
73543,="15:44:25.285",0xB0386D4,1,Rx,0x124,Standard Frame,data frame,8,CAN,x| 68 12 C0 1D 88 13 21 00 
73544,="15:44:25.285",0xB03879C,1,Rx,0x120,Standard Frame,data frame,6,CAN,x| 02 43 13 A4 60 01 
73545,="15:44:25.285",0xB038864,1,Rx,0x122,Standard Frame,data frame,8,CAN,x| B0 00 00 01 13 00 00 00 
73546,="15:44:25.295",0xB03AB8C,1,Rx,0x124,Standard Frame,data frame,8,CAN,x| 68 12 C0 1D 88 0C 22 00 
73547,="15:44:25.295",0xB03AC54,1,Rx,0x120,Standard Frame,data frame,6,CAN,x| 02 43 13 A4 60 02 
73548,="15:44:25.295",0xB03AD80,1,Rx,0x122,Standard Frame,data frame,8,CAN,x| B0 00 00 02 0C 00 00 00 
73549,="15:44:25.297",0xB03B1CC,1,Rx,0x13F,Standard Frame,data frame,8,CAN,x| 00 12 C0 00 00 00 00 00 
73550,="15:44:25.305",0xB03D558,1,Rx,0x124,Standard Frame,data frame,8,CAN,x| 68 12 C0 1D 88 13 23 00 
73551,="15:44:25.305",0xB03D620,1,Rx,0x120,Standard Frame,data frame,6,CAN,x| 02 43 13 A4 60 03 
73552,="15:44:25.307",0xB03D74C,1,Rx,0x122,Standard Frame,data frame,8,CAN,x| B0 00 00 03 13 00 00 00 
73553,="15:44:25.315",0xB03FA10,1,Rx,0x124,Standard Frame,data frame,8,CAN,x| 68 12 C0 1D 88 13 20 00 
73554,="15:44:25.315",0xB03FAD8,1,Rx,0x120,Standard Frame,data frame,6,CAN,x| 02 43 12 A4 5E 00 
73555,="15:44:25.315",0xB03FBA0,1,Rx,0x122,Standard Frame,data frame,8,CAN,x| B0 00 00 00 13 00 00 00 
73556,="15:44:25.317",0xB03FFEC,1,Rx,0x13F,Standard Frame,data frame,8,CAN,x| 00 12 C0 00 00 00 00 00 
73557,="15:44:25.325",0xB0420BC,1,Rx,0x124,Standard Frame,data frame,8,CAN,x| 68 12 C0 1D 88 13 21 00 
73558,="15:44:25.325",0xB042184,1,Rx,0x120,Standard Frame,data frame,6,CAN,x| 02 43 12 A4 5D 01 
73559,="15:44:25.325",0xB0422B0,1,Rx,0x122,Standard Frame,data frame,8,CAN,x| B0 00 00 01 13 00 00 00 
73560,="15:44:25.335",0xB0449C0,1,Rx,0x124,Standard Frame,data frame,8,CAN,x| 68 12 C0 1D 88 13 22 00 
73561,="15:44:25.335",0xB044A88,1,Rx,0x120,Standard Frame,data frame,6,CAN,x| 02 43 16 A4 5C 02 
73562,="15:44:25.335",0xB044B50,1,Rx,0x122,Standard Frame,data frame,8,CAN,x| B0 00 00 02 13 00 00 00 
73563,="15:44:25.337",0xB045000,1,Rx,0x13F,Standard Frame,data frame,8,CAN,x| 00 12 C0 00 00 00 00 00 
73564,="15:44:25.345",0xB046EDC,1,Rx,0x124,Standard Frame,data frame,8,CAN,x| 68 12 C0 1D 88 0E 23 00 
73565,="15:44:25.345",0xB046FA4,1,Rx,0x120,Standard Frame,data frame,6,CAN,x| 02 43 16 A4 5F 03 
73566,="15:44:25.345",0xB0470D0,1,Rx,0x122,Standard Frame,data frame,8,CAN,x| B0 00 00 03 0E 00 00 00 
73567,="15:44:25.347",0xB047710,1,Rx,0x314,Standard Frame,data frame,8,CAN,x| 00 00 00 00 00 00 A9 01 
73568,="15:44:25.347",0xB0477D8,1,Rx,0x32E,Standard Frame,data frame,8,CAN,x| 00 00 00 00 64 00 00 00 
73569,="15:44:25.355",0xB0498A8,1,Rx,0x124,Standard Frame,data frame,8,CAN,x| 68 12 C0 1D B0 13 20 00 
73570,="15:44:25.355",0xB049970,1,Rx,0x120,Standard Frame,data frame,6,CAN,x| 02 43 16 A4 5F 00 
73571,="15:44:25.357",0xB049A38,1,Rx,0x122,Standard Frame,data frame,8,CAN,x| B0 00 00 00 13 00 00 00 
73572,="15:44:25.357",0xB049EE8,1,Rx,0x13F,Standard Frame,data frame,8,CAN,x| 00 12 C0 00 00 00 00 00 
73573,="15:44:25.365",0xB04BCFC,1,Rx,0x124,Standard Frame,data frame,8,CAN,x| 68 12 C0 1D B0 13 21 00 
73574,="15:44:25.365",0xB04BDC4,1,Rx,0x120,Standard Frame,data frame,6,CAN,x| 02 43 14 A4 5E 01 
73575,="15:44:25.365",0xB04BE8C,1,Rx,0x122,Standard Frame,data frame,8,CAN,x| B0 00 00 01 13 00 00 00 
73576,="15:44:25.375",0xB04E40C,1,Rx,0x124,Standard Frame,data frame,8,CAN,x| 68 12 C0 1D B0 13 22 00 
73577,="15:44:25.375",0xB04E4D4,1,Rx,0x120,Standard Frame,data frame,6,CAN,x| 02 43 14 A4 5C 02 
73578,="15:44:25.375",0xB04E59C,1,Rx,0x122,Standard Frame,data frame,8,CAN,x| B0 00 00 02 13 00 00 00 
73579,="15:44:25.375",0xB04E6C8,1,Rx,0x310,Standard Frame,data frame,8,CAN,x| 01 3D 00 00 00 00 08 00 
73580,="15:44:25.375",0xB04E790,1,Rx,0x318,Standard Frame,data frame,8,CAN,x| 01 41 FF 00 00 00 10 80 
73581,="15:44:25.377",0xB04EAB0,1,Rx,0x13F,Standard Frame,data frame,8,CAN,x| 00 12 C0 00 00 00 00 00 
73582,="15:44:25.385",0xB050CAC,1,Rx,0x124,Standard Frame,data frame,8,CAN,x| 68 12 C0 1D B0 13 23 00 
73583,="15:44:25.385",0xB050D74,1,Rx,0x120,Standard Frame,data frame,6,CAN,x| 02 43 18 A4 5B 03 
73584,="15:44:25.385",0xB050EA0,1,Rx,0x122,Standard Frame,data frame,8,CAN,x| B0 00 00 03 13 00 00 00 
73585,="15:44:25.395",0xB0531C8,1,Rx,0x124,Standard Frame,data frame,8,CAN,x| 68 12 C0 1D B0 0B 20 00 
73586,="15:44:25.395",0xB053290,1,Rx,0x120,Standard Frame,data frame,6,CAN,x| 02 43 18 A4 5E 00 
73587,="15:44:25.395",0xB0533BC,1,Rx,0x122,Standard Frame,data frame,8,CAN,x| B0 00 00 00 0B 00 00 00 
73588,="15:44:25.397",0xB053808,1,Rx,0x13F,Standard Frame,data frame,8,CAN,x| 00 12 C0 00 00 00 00 00 
73589,="15:44:25.405",0xB055BF8,1,Rx,0x124,Standard Frame,data frame,8,CAN,x| 68 12 C0 1D B0 13 21 00 
73590,="15:44:25.405",0xB055CC0,1,Rx,0x120,Standard Frame,data frame,6,CAN,x| 02 43 18 A4 5F 01 
73591,="15:44:25.407",0xB055D88,1,Rx,0x122,Standard Frame,data frame,8,CAN,x| B0 00 00 01 13 00 00 00 
73592,="15:44:25.415",0xB057FE8,1,Rx,0x124,Standard Frame,data frame,8,CAN,x| 68 12 C0 1D B0 13 22 00 
73593,="15:44:25.415",0xB0580B0,1,Rx,0x120,Standard Frame,data frame,6,CAN,x| 02 43 16 A4 5E 02 
73594,="15:44:25.415",0xB0581DC,1,Rx,0x122,Standard Frame,data frame,8,CAN,x| B0 00 00 02 13 00 00 00 
73595,="15:44:25.417",0xB058560,1,Rx,0x13F,Standard Frame,data frame,8,CAN,x| 00 12 C0 00 00 00 00 00 
73596,="15:44:25.425",0xB05A6F8,1,Rx,0x124,Standard Frame,data frame,8,CAN,x| 68 12 C0 1D B0 14 23 00 
73597,="15:44:25.425",0xB05A7C0,1,Rx,0x120,Standard Frame,data frame,6,CAN,x| 02 43 16 A4 5D 03 
73598,="15:44:25.425",0xB05A8EC,1,Rx,0x122,Standard Frame,data frame,8,CAN,x| B0 00 00 03 14 00 00 00 
73599,="15:44:25.435",0xB05CFFC,1,Rx,0x124,Standard Frame,data frame,8,CAN,x| 68 12 C0 1D B0 14 20 00 
73600,="15:44:25.435",0xB05D0C4,1,Rx,0x120,Standard Frame,data frame,6,CAN,x| 02 43 1A A4 5C 00 
73601,="15:44:25.435",0xB05D18C,1,Rx,0x122,Standard Frame,data frame,8,CAN,x| B0 00 00 00 14 00 00 00 
73602,="15:44:25.437",0xB05D63C,1,Rx,0x13F,Standard Frame,data frame,8,CAN,x| 00 12 C0 00 00 00 00 00 
73603,="15:44:25.445",0xB05F518,1,Rx,0x124,Standard Frame,data frame,8,CAN,x| 68 12 C0 1D B0 0C 21 00 
73604,="15:44:25.445",0xB05F5E0,1,Rx,0x120,Standard Frame,data frame,6,CAN,x| 02 43 1B A4 5F 01 
73605,="15:44:25.445",0xB05F6A8,1,Rx,0x122,Standard Frame,data frame,8,CAN,x| B0 00 00 01 0C 00 00 00 
73606,="15:44:25.447",0xB05FBBC,1,Rx,0x314,Standard Frame,data frame,8,CAN,x| 00 00 00 00 00 00 BB 01 
73607,="15:44:25.447",0xB05FCE8,1,Rx,0x500,Standard Frame,data frame,8,CAN,x| 75 03 3F 3F 3F 3F 3F 3F 
73608,="15:44:25.447",0xB05FDB0,1,Rx,0x32E,Standard Frame,data frame,8,CAN,x| 00 00 00 01 64 00 00 00 
73609,="15:44:25.455",0xB061EE4,1,Rx,0x124,Standard Frame,data frame,8,CAN,x| 68 12 C0 1D 88 14 22 00 
73610,="15:44:25.455",0xB061FAC,1,Rx,0x120,Standard Frame,data frame,6,CAN,x| 02 43 1B A4 60 02 
73611,="15:44:25.457",0xB062074,1,Rx,0x122,Standard Frame,data frame,8,CAN,x| B0 00 00 02 14 00 00 00 
73612,="15:44:25.457",0xB06245C,1,Rx,0x13F,Standard Frame,data frame,8,CAN,x| 00 12 C0 00 00 00 00 00 
73613,="15:44:25.465",0xB064338,1,Rx,0x124,Standard Frame,data frame,8,CAN,x| 68 12 C0 1D 88 14 23 00 
73614,="15:44:25.465",0xB064400,1,Rx,0x120,Standard Frame,data frame,6,CAN,x| 02 43 18 A4 5E 03 
73615,="15:44:25.465",0xB0644C8,1,Rx,0x122,Standard Frame,data frame,8,CAN,x| B0 00 00 03 14 00 00 00 
73616,="15:44:25.475",0xB066A48,1,Rx,0x124,Standard Frame,data frame,8,CAN,x| 68 12 C0 1D 88 14 20 00 
73617,="15:44:25.475",0xB066B10,1,Rx,0x120,Standard Frame,data frame,6,CAN,x| 02 43 18 A4 5D 00 
73618,="15:44:25.475",0xB066BD8,1,Rx,0x122,Standard Frame,data frame,8,CAN,x| B0 00 00 00 14 00 00 00 
73619,="15:44:25.475",0xB066CA0,1,Rx,0x310,Standard Frame,data frame,8,CAN,x| 01 3D 00 00 00 00 08 00 
73620,="15:44:25.475",0xB066DCC,1,Rx,0x318,Standard Frame,data frame,8,CAN,x| 01 41 FF 00 00 00 10 80 
73621,="15:44:25.477",0xB0671B4,1,Rx,0x13F,Standard Frame,data frame,8,CAN,x| 00 12 C0 00 00 00 00 00 
73622,="15:44:25.479",0xB067DD0,1,Rx,0x7E0,Standard Frame,data frame,8,CAN,x| 02 21 00 00 00 00 00 00 
73623,="15:44:25.483",0xB068BE0,1,Rx,0x7E8,Standard Frame,data frame,8,CAN,x| 10 D2 61 00 FF FF FF FF 
73624,="15:44:25.485",0xB069220,1,Rx,0x7E0,Standard Frame,data frame,8,CAN,x| 30 00 00 00 00 00 00 00 
73625,="15:44:25.487",0xB069608,1,Rx,0x124,Standard Frame,data frame,8,CAN,x| 68 12 C0 1D 88 14 21 00 
73626,="15:44:25.487",0xB06966C,1,Rx,0x120,Standard Frame,data frame,6,CAN,x| 02 43 1C A4 5E 01 
73627,="15:44:25.487",0xB069798,1,Rx,0x122,Standard Frame,data frame,8,CAN,x| B0 00 00 01 14 00 00 00 
73628,="15:44:25.487",0xB0698C4,1,Rx,0x7E8,Standard Frame,data frame,8,CAN,x| 21 FF FF FF FF FF FF FF 
73629,="15:44:25.489",0xB06A030,1,Rx,0x7E8,Standard Frame,data frame,8,CAN,x| 22 FF FF FF FF 01 FF 80 
73630,="15:44:25.491",0xB06A800,1,Rx,0x7E8,Standard Frame,data frame,8,CAN,x| 23 80 FF FF 80 FF 0A 46 
73631,="15:44:25.493",0xB06AFD0,1,Rx,0x7E8,Standard Frame,data frame,8,CAN,x| 24 FF FF D8 FF FF FF FF 
73632,="15:44:25.495",0xB06B7A0,1,Rx,0x7E8,Standard Frame,data frame,8,CAN,x| 25 FF FF 25 12 C0 BF FF 
73633,="15:44:25.495",0xB06B868,1,Rx,0x120,Standard Frame,data frame,6,CAN,x| 02 43 1C A4 60 02 
73634,="15:44:25.495",0xB06B994,1,Rx,0x124,Standard Frame,data frame,8,CAN,x| 68 12 C0 1D 88 0E 22 00 
73635,="15:44:25.495",0xB06BA5C,1,Rx,0x122,Standard Frame,data frame,8,CAN,x| B0 00 00 02 0E 00 00 00 
73636,="15:44:25.497",0xB06BD7C,1,Rx,0x13F,Standard Frame,data frame,8,CAN,x| 00 12 C0 00 00 00 00 00 
73637,="15:44:25.497",0xB06BF70,1,Rx,0x7E8,Standard Frame,data frame,8,CAN,x| 26 FF 00 16 3D 1E 64 00 
73638,="15:44:25.499",0xB06C740,1,Rx,0x7E8,Standard Frame,data frame,8,CAN,x| 27 FF FF 00 80 FF FF FF 
73639,="15:44:25.501",0xB06CF10,1,Rx,0x7E8,Standard Frame,data frame,8,CAN,x| 28 FF FF FF FF FF FB 30 
73640,="15:44:25.503",0xB06D7A8,1,Rx,0x7E8,Standard Frame,data frame,8,CAN,x| 29 00 00 00 00 14 31 FF 
73641,="15:44:25.505",0xB06DEB0,1,Rx,0x7E8,Standard Frame,data frame,8,CAN,x| 2A FF FF FF FF FF FF FF 
73642,="15:44:25.505",0xB06E234,1,Rx,0x124,Standard Frame,data frame,8,CAN,x| 68 12 C0 1D 88 14 23 00 
73643,="15:44:25.505",0xB06E2FC,1,Rx,0x120,Standard Frame,data frame,6,CAN,x| 02 43 1C A4 60 03 
73644,="15:44:25.507",0xB06E3C4,1,Rx,0x122,Standard Frame,data frame,8,CAN,x| B0 00 00 03 14 00 00 00 
73645,="15:44:25.507",0xB06E680,1,Rx,0x7E8,Standard Frame,data frame,8,CAN,x| 2B 5B 5B FF FF FF FF FF 
73646,="15:44:25.509",0xB06EE50,1,Rx,0x7E8,Standard Frame,data frame,8,CAN,x| 2C FF FF FF FF FF FF FF 
73647,="15:44:25.511",0xB06F620,1,Rx,0x7E8,Standard Frame,data frame,8,CAN,x| 2D FF FF FF FF FF FF FF 
73648,="15:44:25.513",0xB06FDF0,1,Rx,0x7E8,Standard Frame,data frame,8,CAN,x| 2E FF FF 2E 32 FF FF FF 
73649,="15:44:25.515",0xB0705C0,1,Rx,0x7E8,Standard Frame,data frame,8,CAN,x| 2F FF FF FF FF FF FF FF 
73650,="15:44:25.515",0xB070688,1,Rx,0x120,Standard Frame,data frame,6,CAN,x| 02 43 19 A4 5E 00 
73651,="15:44:25.515",0xB070750,1,Rx,0x124,Standard Frame,data frame,8,CAN,x| 68 12 C0 1D 88 14 20 00 
73652,="15:44:25.515",0xB07087C,1,Rx,0x122,Standard Frame,data frame,8,CAN,x| B0 00 00 00 14 00 00 00 
73653,="15:44:25.517",0xB070C00,1,Rx,0x13F,Standard Frame,data frame,8,CAN,x| 00 12 C0 00 00 00 00 00 
73654,="15:44:25.517",0xB070D90,1,Rx,0x7E8,Standard Frame,data frame,8,CAN,x| 20 FF FF FF FF FF FF C1 
73655,="15:44:25.519",0xB071560,1,Rx,0x7E8,Standard Frame,data frame,8,CAN,x| 21 FF FF FF FF 8C 53 00 
73656,="15:44:25.521",0xB071D30,1,Rx,0x7E8,Standard Frame,data frame,8,CAN,x| 22 00 00 FF 01 FF FF FF 
73657,="15:44:25.523",0xB072500,1,Rx,0x7E8,Standard Frame,data frame,8,CAN,x| 23 FF FF 08 04 FF FF 02 
73658,="15:44:25.525",0xB072CD0,1,Rx,0x7E8,Standard Frame,data frame,8,CAN,x| 24 00 FF FF FF FF FF FF 
73659,="15:44:25.525",0xB072D98,1,Rx,0x120,Standard Frame,data frame,6,CAN,x| 02 43 19 A4 5D 01 
73660,="15:44:25.525",0xB072E60,1,Rx,0x124,Standard Frame,data frame,8,CAN,x| 68 12 C0 1D 88 14 21 00 
73661,="15:44:25.525",0xB072F8C,1,Rx,0x122,Standard Frame,data frame,8,CAN,x| B0 00 00 01 14 00 00 00 
73662,="15:44:25.527",0xB0734A0,1,Rx,0x7E8,Standard Frame,data frame,8,CAN,x| 25 FF FF FF FF FF FF FF 
73663,="15:44:25.529",0xB073C70,1,Rx,0x7E8,Standard Frame,data frame,8,CAN,x| 26 FF FF FF FF FF FF FF 
73664,="15:44:25.531",0xB074440,1,Rx,0x7E8,Standard Frame,data frame,8,CAN,x| 27 FF FF FF FF FF FF FF 
73665,="15:44:25.533",0xB074C10,1,Rx,0x7E8,Standard Frame,data frame,8,CAN,x| 28 FF FF FF FF FF FF FF 
73666,="15:44:25.535",0xB0753E0,1,Rx,0x7E8,Standard Frame,data frame,8,CAN,x| 29 FF FF FF FF 01 FF FF 
73667,="15:44:25.535",0xB075638,1,Rx,0x124,Standard Frame,data frame,8,CAN,x| 68 12 C0 1D 88 14 22 00 
73668,="15:44:25.535",0xB075700,1,Rx,0x120,Standard Frame,data frame,6,CAN,x| 02 43 1A A4 5C 02 
73669,="15:44:25.535",0xB0757C8,1,Rx,0x122,Standard Frame,data frame,8,CAN,x| B0 00 00 02 14 00 00 00 
73670,="15:44:25.537",0xB075B4C,1,Rx,0x13F,Standard Frame,data frame,8,CAN,x| 00 12 C0 00 00 00 00 00 
73671,="15:44:25.537",0xB075C78,1,Rx,0x7E8,Standard Frame,data frame,8,CAN,x| 2A FF FF FF FF FF FF FF 
73672,="15:44:25.539",0xB076380,1,Rx,0x7E8,Standard Frame,data frame,8,CAN,x| 2B FF FF FF FF FF FF FF 
73673,="15:44:25.541",0xB076B50,1,Rx,0x7E8,Standard Frame,data frame,8,CAN,x| 2C FF FF FF FF FF FF FF 
73674,="15:44:25.543",0xB077320,1,Rx,0x7E8,Standard Frame,data frame,8,CAN,x| 2D FF FF FF FF FF FF FF 
73675,="15:44:25.545",0xB077AF0,1,Rx,0x7E8,Standard Frame,data frame,8,CAN,x| 2E FF 00 00 00 00 00 00 
73676,="15:44:25.545",0xB077BB8,1,Rx,0x120,Standard Frame,data frame,6,CAN,x| 02 43 1B A4 60 03 
73677,="15:44:25.545",0xB077C80,1,Rx,0x124,Standard Frame,data frame,8,CAN,x| 68 12 C0 1D 88 0C 23 00 
73678,="15:44:25.545",0xB077DAC,1,Rx,0x122,Standard Frame,data frame,8,CAN,x| B0 00 00 03 0C 00 00 00 
73679,="15:44:25.547",0xB078324,1,Rx,0x314,Standard Frame,data frame,8,CAN,x| 00 00 00 00 00 00 C0 01 
73680,="15:44:25.547",0xB078450,1,Rx,0x32E,Standard Frame,data frame,8,CAN,x| 00 00 00 02 64 00 00 00 
73681,="15:44:25.555",0xB07A520,1,Rx,0x124,Standard Frame,data frame,8,CAN,x| 68 12 C0 1D 88 14 20 00 
73682,="15:44:25.555",0xB07A5E8,1,Rx,0x120,Standard Frame,data frame,6,CAN,x| 02 43 1B A4 60 00 
73683,="15:44:25.557",0xB07A6B0,1,Rx,0x122,Standard Frame,data frame,8,CAN,x| B0 00 00 00 14 00 00 00 
73684,="15:44:25.557",0xB07AB60,1,Rx,0x13F,Standard Frame,data frame,8,CAN,x| 00 12 C0 00 00 00 00 00 
73685,="15:44:25.565",0xB07C974,1,Rx,0x124,Standard Frame,data frame,8,CAN,x| 68 12 C0 1D 88 13 21 00 
73686,="15:44:25.565",0xB07CA3C,1,Rx,0x120,Standard Frame,data frame,6,CAN,x| 02 43 18 A4 5E 01 
73687,="15:44:25.565",0xB07CB04,1,Rx,0x122,Standard Frame,data frame,8,CAN,x| B0 00 00 01 13 00 00 00 
73688,="15:44:25.575",0xB07F020,1,Rx,0x124,Standard Frame,data frame,8,CAN,x| 68 12 C0 1D 88 13 22 00 
73689,="15:44:25.575",0xB07F0E8,1,Rx,0x120,Standard Frame,data frame,6,CAN,x| 02 43 18 A4 5E 02 
73690,="15:44:25.575",0xB07F214,1,Rx,0x122,Standard Frame,data frame,8,CAN,x| B0 00 00 02 13 00 00 00 
73691,="15:44:25.575",0xB07F2DC,1,Rx,0x310,Standard Frame,data frame,8,CAN,x| 01 3D 00 00 00 00 08 00 
73692,="15:44:25.577",0xB07F408,1,Rx,0x318,Standard Frame,data frame,8,CAN,x| 01 41 FF 00 00 00 10 80 
73693,="15:44:25.577",0xB07F6C4,1,Rx,0x13F,Standard Frame,data frame,8,CAN,x| 00 12 C0 00 00 00 00 00 
73694,="15:44:25.585",0xB081924,1,Rx,0x124,Standard Frame,data frame,8,CAN,x| 68 12 C0 1D 88 13 23 00 
73695,="15:44:25.585",0xB0819EC,1,Rx,0x120,Standard Frame,data frame,6,CAN,x| 02 43 1A A4 5E 03 
73696,="15:44:25.587",0xB081B18,1,Rx,0x122,Standard Frame,data frame,8,CAN,x| B0 00 00 03 13 00 00 00 
73697,="15:44:25.595",0xB083E40,1,Rx,0x124,Standard Frame,data frame,8,CAN,x| 68 12 C0 1D 88 0B 20 00 
73698,="15:44:25.595",0xB083F08,1,Rx,0x120,Standard Frame,data frame,6,CAN,x| 02 43 1B A4 60 00 
73699,="15:44:25.595",0xB084034,1,Rx,0x122,Standard Frame,data frame,8,CAN,x| B0 00 00 00 0B 00 00 00 
73700,="15:44:25.597",0xB08441C,1,Rx,0x13F,Standard Frame,data frame,8,CAN,x| 00 12 C0 00 00 00 00 00 
73701,="15:44:25.605",0xB08680C,1,Rx,0x124,Standard Frame,data frame,8,CAN,x| 68 12 C0 1D 88 13 21 00 
73702,="15:44:25.605",0xB0868D4,1,Rx,0x120,Standard Frame,data frame,6,CAN,x| 02 43 1B A4 61 01 
73703,="15:44:25.607",0xB086A00,1,Rx,0x122,Standard Frame,data frame,8,CAN,x| B0 00 00 01 13 00 00 00 
73704,="15:44:25.615",0xB088C60,1,Rx,0x124,Standard Frame,data frame,8,CAN,x| 68 12 C0 1D 88 13 22 00 
73705,="15:44:25.615",0xB088D28,1,Rx,0x120,Standard Frame,data frame,6,CAN,x| 02 43 16 A4 5F 02 
73706,="15:44:25.615",0xB088DF0,1,Rx,0x122,Standard Frame,data frame,8,CAN,x| B0 00 00 02 13 00 00 00 
73707,="15:44:25.617",0xB089174,1,Rx,0x13F,Standard Frame,data frame,8,CAN,x| 00 12 C0 00 00 00 00 00 
73708,="15:44:25.625",0xB08B370,1,Rx,0x124,Standard Frame,data frame,8,CAN,x| 68 12 C0 1D 88 13 23 00 
73709,="15:44:25.625",0xB08B438,1,Rx,0x120,Standard Frame,data frame,6,CAN,x| 02 43 16 A4 5F 03 
73710,="15:44:25.625",0xB08B500,1,Rx,0x122,Standard Frame,data frame,8,CAN,x| B0 00 00 03 13 00 00 00 
73711,="15:44:25.635",0xB08DC74,1,Rx,0x124,Standard Frame,data frame,8,CAN,x| 68 12 C0 1D 88 13 20 00 
73712,="15:44:25.635",0xB08DD3C,1,Rx,0x120,Standard Frame,data frame,6,CAN,x| 02 43 17 A4 5E 00 
73713,="15:44:25.635",0xB08DE04,1,Rx,0x122,Standard Frame,data frame,8,CAN,x| B0 00 00 00 13 00 00 00 
73714,="15:44:25.637",0xB08E250,1,Rx,0x13F,Standard Frame,data frame,8,CAN,x| 00 12 C0 00 00 00 00 00 
73715,="15:44:25.645",0xB090190,1,Rx,0x124,Standard Frame,data frame,8,CAN,x| 68 12 C0 1D 88 0E 21 00 
73716,="15:44:25.645",0xB090258,1,Rx,0x120,Standard Frame,data frame,6,CAN,x| 02 43 17 A4 60 01 
73717,="15:44:25.645",0xB090320,1,Rx,0x122,Standard Frame,data frame,8,CAN,x| B0 00 00 01 0E 00 00 00 
73718,="15:44:25.647",0xB090834,1,Rx,0x314,Standard Frame,data frame,8,CAN,x| 00 00 00 00 00 00 B2 01 
73719,="15:44:25.647",0xB090960,1,Rx,0x500,Standard Frame,data frame,8,CAN,x| 75 01 00 3F 3F 3F 3F 3F 
73720,="15:44:25.647",0xB090A28,1,Rx,0x32E,Standard Frame,data frame,8,CAN,x| 00 00 00 03 64 00 00 00 
73721,="15:44:25.655",0xB092B5C,1,Rx,0x124,Standard Frame,data frame,8,CAN,x| 68 12 C0 1D 88 13 22 00 
73722,="15:44:25.657",0xB092C24,1,Rx,0x120,Standard Frame,data frame,6,CAN,x| 02 43 17 A4 61 02 
73723,="15:44:25.657",0xB092CEC,1,Rx,0x122,Standard Frame,data frame,8,CAN,x| B0 00 00 02 13 00 00 00 
73724,="15:44:25.657",0xB093070,1,Rx,0x13F,Standard Frame,data frame,8,CAN,x| 00 12 C0 00 00 00 00 00 
73725,="15:44:25.665",0xB094F4C,1,Rx,0x124,Standard Frame,data frame,8,CAN,x| 68 12 C0 1D 88 13 23 00 
73726,="15:44:25.665",0xB095014,1,Rx,0x120,Standard Frame,data frame,6,CAN,x| 02 43 12 A4 60 03 
73727,="15:44:25.665",0xB095140,1,Rx,0x122,Standard Frame,data frame,8,CAN,x| B0 00 00 03 13 00 00 00 
73728,="15:44:25.675",0xB0976C0,1,Rx,0x124,Standard Frame,data frame,8,CAN,x| 68 12 C0 1D 88 12 20 00 
73729,="15:44:25.675",0xB097788,1,Rx,0x120,Standard Frame,data frame,6,CAN,x| 02 43 12 A4 60 00 
73730,="15:44:25.675",0xB097850,1,Rx,0x122,Standard Frame,data frame,8,CAN,x| B0 00 00 00 12 00 00 00 
73731,="15:44:25.675",0xB097918,1,Rx,0x310,Standard Frame,data frame,8,CAN,x| 01 3D 00 00 00 00 08 00 
73732,="15:44:25.677",0xB097A44,1,Rx,0x318,Standard Frame,data frame,8,CAN,x| 01 41 FF 00 00 00 10 80 
73733,="15:44:25.677",0xB097E2C,1,Rx,0x13F,Standard Frame,data frame,8,CAN,x| 00 12 C0 00 00 00 00 00 
73734,="15:44:25.685",0xB099F60,1,Rx,0x124,Standard Frame,data frame,8,CAN,x| 68 12 C0 1D 88 12 21 00 
73735,="15:44:25.685",0xB09A028,1,Rx,0x120,Standard Frame,data frame,6,CAN,x| 02 43 12 A4 5F 01 
73736,="15:44:25.687",0xB09A0F0,1,Rx,0x122,Standard Frame,data frame,8,CAN,x| B0 00 00 01 12 00 00 00 
73737,="15:44:25.695",0xB09C47C,1,Rx,0x124,Standard Frame,data frame,8,CAN,x| 68 12 C0 1D 88 0D 22 00 
73738,="15:44:25.695",0xB09C544,1,Rx,0x120,Standard Frame,data frame,6,CAN,x| 02 43 12 A4 61 02 
73739,="15:44:25.695",0xB09C60C,1,Rx,0x122,Standard Frame,data frame,8,CAN,x| B0 00 00 02 0D 00 00 00 
73740,="15:44:25.697",0xB09C990,1,Rx,0x13F,Standard Frame,data frame,8,CAN,x| 00 12 C0 00 00 00 00 00 
73741,="15:44:25.705",0xB09E934,1,Rx,0x7E0,Standard Frame,data frame,8,CAN,x| 02 21 00 00 00 00 00 00 
73742,="15:44:25.705",0xB09EE48,1,Rx,0x124,Standard Frame,data frame,8,CAN,x| 68 12 C0 1D 88 12 23 00 
73743,="15:44:25.705",0xB09EF10,1,Rx,0x120,Standard Frame,data frame,6,CAN,x| 02 43 12 A4 62 03 
73744,="15:44:25.707",0xB09F03C,1,Rx,0x122,Standard Frame,data frame,8,CAN,x| B0 00 00 03 12 00 00 00 
73745,="15:44:25.713",0xB0A0D24,1,Rx,0x7E8,Standard Frame,data frame,8,CAN,x| 10 D2 61 00 FF FF FF FF 
73746,="15:44:25.715",0xB0A0E50,1,Rx,0x7E0,Standard Frame,data frame,8,CAN,x| 30 00 00 00 00 00 00 00 
73747,="15:44:25.715",0xB0A1238,1,Rx,0x7E8,Standard Frame,data frame,8,CAN,x| 21 FF FF FF FF FF FF FF 
73748,="15:44:25.715",0xB0A1558,1,Rx,0x124,Standard Frame,data frame,8,CAN,x| 68 12 C0 1D 88 12 20 00 
73749,="15:44:25.717",0xB0A1620,1,Rx,0x120,Standard Frame,data frame,6,CAN,x| 02 43 0D A4 60 00 
73750,="15:44:25.717",0xB0A16E8,1,Rx,0x122,Standard Frame,data frame,8,CAN,x| B0 00 00 00 12 00 00 00 
73751,="15:44:25.717",0xB0A1A08,1,Rx,0x7E8,Standard Frame,data frame,8,CAN,x| 22 FF FF FF FF 01 FF 80 
73752,="15:44:25.717",0xB0A1B98,1,Rx,0x13F,Standard Frame,data frame,8,CAN,x| 00 12 C0 00 00 00 00 00 
73753,="15:44:25.719",0xB0A21D8,1,Rx,0x7E8,Standard Frame,data frame,8,CAN,x| 23 80 FF FF 80 FF 09 46 
73754,="15:44:25.721",0xB0A29A8,1,Rx,0x7E8,Standard Frame,data frame,8,CAN,x| 24 FF FF CF FF FF FF FF 
73755,="15:44:25.723",0xB0A3178,1,Rx,0x7E8,Standard Frame,data frame,8,CAN,x| 25 FF FF 22 12 C0 BF FF 
73756,="15:44:25.725",0xB0A3948,1,Rx,0x7E8,Standard Frame,data frame,8,CAN,x| 26 FF 00 14 3D 1C 64 00 
73757,="15:44:25.725",0xB0A3A10,1,Rx,0x120,Standard Frame,data frame,6,CAN,x| 02 43 0D A4 62 01 
73758,="15:44:25.725",0xB0A3AD8,1,Rx,0x124,Standard Frame,data frame,8,CAN,x| 68 12 C0 1D 88 12 21 00 
73759,="15:44:25.725",0xB0A3BA0,1,Rx,0x122,Standard Frame,data frame,8,CAN,x| B0 00 00 01 12 00 00 00 
73760,="15:44:25.727",0xB0A4118,1,Rx,0x7E8,Standard Frame,data frame,8,CAN,x| 27 FF FF 00 80 FF FF FF 
73761,="15:44:25.729",0xB0A48E8,1,Rx,0x7E8,Standard Frame,data frame,8,CAN,x| 28 FF FF FF FF FF FC 2F 
73762,="15:44:25.731",0xB0A50B8,1,Rx,0x7E8,Standard Frame,data frame,8,CAN,x| 29 00 00 00 00 12 33 FF 
73763,="15:44:25.733",0xB0A5888,1,Rx,0x7E8,Standard Frame,data frame,8,CAN,x| 2A FF FF FF FF FF FF FF 
73764,="15:44:25.735",0xB0A6058,1,Rx,0x7E8,Standard Frame,data frame,8,CAN,x| 2B 5B 5B FF FF FF FF FF 
73765,="15:44:25.735",0xB0A62B0,1,Rx,0x124,Standard Frame,data frame,8,CAN,x| 68 12 C0 1D 88 12 22 00 
73766,="15:44:25.735",0xB0A6378,1,Rx,0x120,Standard Frame,data frame,6,CAN,x| 02 43 0F A4 62 02 
73767,="15:44:25.737",0xB0A6440,1,Rx,0x122,Standard Frame,data frame,8,CAN,x| B0 00 00 02 12 00 00 00 
73768,="15:44:25.737",0xB0A6828,1,Rx,0x7E8,Standard Frame,data frame,8,CAN,x| 2C FF FF FF FF FF FF FF 
73769,="15:44:25.737",0xB0A68F0,1,Rx,0x13F,Standard Frame,data frame,8,CAN,x| 00 12 C0 00 00 00 00 00 
73770,="15:44:25.739",0xB0A6FF8,1,Rx,0x7E8,Standard Frame,data frame,8,CAN,x| 2D FF FF FF FF FF FF FF 
73771,="15:44:25.741",0xB0A77C8,1,Rx,0x7E8,Standard Frame,data frame,8,CAN,x| 2E FF FF 2E C0 FF FF FF 
73772,="15:44:25.743",0xB0A7F98,1,Rx,0x7E8,Standard Frame,data frame,8,CAN,x| 2F FF FF FF FF FF FF FF 
73773,="15:44:25.745",0xB0A8768,1,Rx,0x7E8,Standard Frame,data frame,8,CAN,x| 20 FF FF FF FF FF FF C1 
73774,="15:44:25.745",0xB0A8830,1,Rx,0x120,Standard Frame,data frame,6,CAN,x| 02 43 0F A4 62 03 
73775,="15:44:25.745",0xB0A88F8,1,Rx,0x124,Standard Frame,data frame,8,CAN,x| 68 12 C0 1D 88 0B 23 00 
73776,="15:44:25.745",0xB0A89C0,1,Rx,0x122,Standard Frame,data frame,8,CAN,x| B0 00 00 03 0B 00 00 00 
73777,="15:44:25.747",0xB0A8ED4,1,Rx,0x7E8,Standard Frame,data frame,8,CAN,x| 21 FF FF FF FF 8C 53 00 
73778,="15:44:25.747",0xB0A9000,1,Rx,0x314,Standard Frame,data frame,8,CAN,x| 00 00 00 00 00 00 95 01 
73779,="15:44:25.747",0xB0A90C8,1,Rx,0x32E,Standard Frame,data frame,8,CAN,x| 00 00 00 00 64 00 00 00 
73780,="15:44:25.749",0xB0A96A4,1,Rx,0x7E8,Standard Frame,data frame,8,CAN,x| 22 00 00 FF 01 FF FF FF 
73781,="15:44:25.751",0xB0A9E74,1,Rx,0x7E8,Standard Frame,data frame,8,CAN,x| 23 FF FF 08 04 FF FF 02 
73782,="15:44:25.753",0xB0AA70C,1,Rx,0x7E8,Standard Frame,data frame,8,CAN,x| 24 00 FF FF FF FF FF FF 
73783,="15:44:25.755",0xB0AAE14,1,Rx,0x7E8,Standard Frame,data frame,8,CAN,x| 25 FF FF FF FF FF FF FF 
73784,="15:44:25.755",0xB0AB198,1,Rx,0x124,Standard Frame,data frame,8,CAN,x| 68 12 C0 1D 88 12 20 00 
73785,="15:44:25.755",0xB0AB260,1,Rx,0x120,Standard Frame,data frame,6,CAN,x| 02 43 0F A4 64 00 
73786,="15:44:25.757",0xB0AB328,1,Rx,0x122,Standard Frame,data frame,8,CAN,x| B0 00 00 00 12 00 00 00 
73787,="15:44:25.757",0xB0AB5E4,1,Rx,0x7E8,Standard Frame,data frame,8,CAN,x| 26 FF FF FF FF FF FF FF 
73788,="15:44:25.757",0xB0AB7D8,1,Rx,0x13F,Standard Frame,data frame,8,CAN,x| 00 12 C0 00 00 00 00 00 
73789,="15:44:25.759",0xB0ABDB4,1,Rx,0x7E8,Standard Frame,data frame,8,CAN,x| 27 FF FF FF FF FF FF FF 
73790,="15:44:25.761",0xB0AC584,1,Rx,0x7E8,Standard Frame,data frame,8,CAN,x| 28 FF FF FF FF FF FF FF 
73791,="15:44:25.763",0xB0ACD54,1,Rx,0x7E8,Standard Frame,data frame,8,CAN,x| 29 FF FF FF FF 01 FF FF 
73792,="15:44:25.765",0xB0AD524,1,Rx,0x7E8,Standard Frame,data frame,8,CAN,x| 2A FF FF FF FF FF FF FF 
73793,="15:44:25.765",0xB0AD5EC,1,Rx,0x120,Standard Frame,data frame,6,CAN,x| 02 43 0C A4 60 01 
73794,="15:44:25.765",0xB0AD718,1,Rx,0x124,Standard Frame,data frame,8,CAN,x| 68 12 C0 1D 88 12 21 00 
73795,="15:44:25.765",0xB0AD7E0,1,Rx,0x122,Standard Frame,data frame,8,CAN,x| B0 00 00 01 12 00 00 00 
73796,="15:44:25.767",0xB0ADCF4,1,Rx,0x7E8,Standard Frame,data frame,8,CAN,x| 2B FF FF FF FF FF FF FF 
73797,="15:44:25.769",0xB0AE4C4,1,Rx,0x7E8,Standard Frame,data frame,8,CAN,x| 2C FF FF FF FF FF FF FF 
73798,="15:44:25.771",0xB0AEC94,1,Rx,0x7E8,Standard Frame,data frame,8,CAN,x| 2D FF FF FF FF FF FF FF 
73799,="15:44:25.773",0xB0AF464,1,Rx,0x7E8,Standard Frame,data frame,8,CAN,x| 2E FF 00 00 00 00 00 00 
73800,="15:44:25.775",0xB0AFC98,1,Rx,0x124,Standard Frame,data frame,8,CAN,x| 68 12 C0 1D 88 12 22 00 
73801,="15:44:25.775",0xB0AFD60,1,Rx,0x120,Standard Frame,data frame,6,CAN,x| 02 43 0C A4 60 02 
73802,="15:44:25.775",0xB0AFE8C,1,Rx,0x122,Standard Frame,data frame,8,CAN,x| B0 00 00 02 12 00 00 00 
73803,="15:44:25.775",0xB0AFF54,1,Rx,0x310,Standard Frame,data frame,8,CAN,x| 01 3D 00 00 00 00 08 00 
73804,="15:44:25.777",0xB0B0080,1,Rx,0x318,Standard Frame,data frame,8,CAN,x| 01 41 FF 00 00 00 10 80 
73805,="15:44:25.777",0xB0B033C,1,Rx,0x13F,Standard Frame,data frame,8,CAN,x| 00 12 C0 00 00 00 00 00 
73806,="15:44:25.785",0xB0B259C,1,Rx,0x124,Standard Frame,data frame,8,CAN,x| 68 12 C0 1D 88 12 23 00 
73807,="15:44:25.785",0xB0B2664,1,Rx,0x120,Standard Frame,data frame,6,CAN,x| 02 43 10 A4 61 03 
73808,="15:44:25.785",0xB0B272C,1,Rx,0x122,Standard Frame,data frame,8,CAN,x| B0 00 00 03 12 00 00 00 
73809,="15:44:25.795",0xB0B4AB8,1,Rx,0x124,Standard Frame,data frame,8,CAN,x| 68 12 C0 1D 88 0B 20 00 
73810,="15:44:25.795",0xB0B4B80,1,Rx,0x120,Standard Frame,data frame,6,CAN,x| 02 43 10 A4 62 00 
73811,="15:44:25.795",0xB0B4C48,1,Rx,0x122,Standard Frame,data frame,8,CAN,x| B0 00 00 00 0B 00 00 00 
73812,="15:44:25.797",0xB0B5030,1,Rx,0x7E0,Standard Frame,data frame,8,CAN,x| 02 21 00 00 00 00 00 00 
73813,="15:44:25.797",0xB0B515C,1,Rx,0x13F,Standard Frame,data frame,8,CAN,x| 00 12 C0 00 00 00 00 00 
73814,="15:44:25.805",0xB0B6DE0,1,Rx,0x7E8,Standard Frame,data frame,8,CAN,x| 10 D2 61 00 FF FF FF FF 
73815,="15:44:25.805",0xB0B6F0C,1,Rx,0x7E0,Standard Frame,data frame,8,CAN,x| 30 00 00 00 00 00 00 00 
73816,="15:44:25.805",0xB0B7164,1,Rx,0x7E8,Standard Frame,data frame,8,CAN,x| 21 FF FF FF FF FF FF FF 
73817,="15:44:25.807",0xB0B7740,1,Rx,0x124,Standard Frame,data frame,8,CAN,x| 68 12 C0 1D 88 12 21 00 
73818,="15:44:25.807",0xB0B7808,1,Rx,0x120,Standard Frame,data frame,6,CAN,x| 02 43 10 A4 63 01 
73819,="15:44:25.807",0xB0B7934,1,Rx,0x122,Standard Frame,data frame,8,CAN,x| B0 00 00 01 12 00 00 00 
73820,="15:44:25.807",0xB0B79FC,1,Rx,0x7E8,Standard Frame,data frame,8,CAN,x| 22 FF FF FF FF 01 FF 80 
73821,="15:44:25.809",0xB0B8104,1,Rx,0x7E8,Standard Frame,data frame,8,CAN,x| 23 80 FF FF 80 FF 08 76 
73822,="15:44:25.811",0xB0B88D4,1,Rx,0x7E8,Standard Frame,data frame,8,CAN,x| 24 FF FF CF FF FF FF FF 
73823,="15:44:25.813",0xB0B90A4,1,Rx,0x7E8,Standard Frame,data frame,8,CAN,x| 25 FF FF 20 12 C0 BF FF 
73824,="15:44:25.815",0xB0B9874,1,Rx,0x7E8,Standard Frame,data frame,8,CAN,x| 26 FF 00 14 3D 1D 64 00 
73825,="15:44:25.815",0xB0B993C,1,Rx,0x120,Standard Frame,data frame,6,CAN,x| 02 43 10 A4 5F 02 
73826,="15:44:25.815",0xB0B9A04,1,Rx,0x124,Standard Frame,data frame,8,CAN,x| 68 12 C0 1D 88 12 22 00 
73827,="15:44:25.815",0xB0B9ACC,1,Rx,0x122,Standard Frame,data frame,8,CAN,x| B0 00 00 02 12 00 00 00 
73828,="15:44:25.817",0xB0B9DEC,1,Rx,0x13F,Standard Frame,data frame,8,CAN,x| 00 12 C0 00 00 00 00 00 
73829,="15:44:25.817",0xB0BA044,1,Rx,0x7E8,Standard Frame,data frame,8,CAN,x| 27 FF FF 00 80 FF FF FF 
73830,="15:44:25.819",0xB0BA814,1,Rx,0x7E8,Standard Frame,data frame,8,CAN,x| 28 FF FF FF FF FF FF 2F 
73831,="15:44:25.821",0xB0BAFE4,1,Rx,0x7E8,Standard Frame,data frame,8,CAN,x| 29 00 00 00 00 12 33 FF 
73832,="15:44:25.823",0xB0BB7B4,1,Rx,0x7E8,Standard Frame,data frame,8,CAN,x| 2A FF FF FF FF FF FF FF 
73833,="15:44:25.825",0xB0BBF84,1,Rx,0x7E8,Standard Frame,data frame,8,CAN,x| 2B 5B 5B FF FF FF FF FF 
73834,="15:44:25.825",0xB0BC04C,1,Rx,0x120,Standard Frame,data frame,6,CAN,x| 02 43 10 A4 5E 03 
73835,="15:44:25.825",0xB0BC114,1,Rx,0x124,Standard Frame,data frame,8,CAN,x| 68 12 C0 1D 88 13 23 00 
73836,="15:44:25.825",0xB0BC1DC,1,Rx,0x122,Standard Frame,data frame,8,CAN,x| B0 00 00 03 13 00 00 00 
73837,="15:44:25.827",0xB0BC754,1,Rx,0x7E8,Standard Frame,data frame,8,CAN,x| 2C FF FF FF FF FF FF FF 
73838,="15:44:25.829",0xB0BCF24,1,Rx,0x7E8,Standard Frame,data frame,8,CAN,x| 2D FF FF FF FF FF FF FF 
73839,="15:44:25.831",0xB0BD690,1,Rx,0x7E8,Standard Frame,data frame,8,CAN,x| 2E FF FF 2E 79 FF FF FF 
73840,="15:44:25.833",0xB0BDEC4,1,Rx,0x7E8,Standard Frame,data frame,8,CAN,x| 2F FF FF FF FF FF FF FF 
73841,="15:44:25.835",0xB0BE694,1,Rx,0x7E8,Standard Frame,data frame,8,CAN,x| 20 FF FF FF FF FF FF C1 
73842,="15:44:25.835",0xB0BE8EC,1,Rx,0x124,Standard Frame,data frame,8,CAN,x| 68 12 C0 1D 88 13 20 00 
73843,="15:44:25.835",0xB0BE9B4,1,Rx,0x120,Standard Frame,data frame,6,CAN,x| 02 43 13 A4 5E 00 
73844,="15:44:25.837",0xB0BEA7C,1,Rx,0x122,Standard Frame,data frame,8,CAN,x| B0 00 00 00 13 00 00 00 
73845,="15:44:25.837",0xB0BEE00,1,Rx,0x7E8,Standard Frame,data frame,8,CAN,x| 21 FF FF FF FF 8C 53 00 
73846,="15:44:25.837",0xB0BEF2C,1,Rx,0x13F,Standard Frame,data frame,8,CAN,x| 00 12 C0 00 00 00 00 00 
73847,="15:44:25.839",0xB0BF5D0,1,Rx,0x7E8,Standard Frame,data frame,8,CAN,x| 22 00 00 FF 01 FF FF FF 
73848,="15:44:25.841",0xB0BFDA0,1,Rx,0x7E8,Standard Frame,data frame,8,CAN,x| 23 FF FF 08 04 FF FF 02 
73849,="15:44:25.843",0xB0C0570,1,Rx,0x7E8,Standard Frame,data frame,8,CAN,x| 24 00 FF FF FF FF FF FF 
73850,="15:44:25.845",0xB0C0D40,1,Rx,0x7E8,Standard Frame,data frame,8,CAN,x| 25 FF FF FF FF FF FF FF 
73851,="15:44:25.845",0xB0C0E08,1,Rx,0x120,Standard Frame,data frame,6,CAN,x| 02 43 13 A4 5F 01 
73852,="15:44:25.845",0xB0C0F34,1,Rx,0x124,Standard Frame,data frame,8,CAN,x| 68 12 C0 1D 88 0C 21 00 
73853,="15:44:25.845",0xB0C0FFC,1,Rx,0x122,Standard Frame,data frame,8,CAN,x| B0 00 00 01 0C 00 00 00 
73854,="15:44:25.847",0xB0C14AC,1,Rx,0x314,Standard Frame,data frame,8,CAN,x| 00 00 00 00 00 00 9D 01 
73855,="15:44:25.847",0xB0C1574,1,Rx,0x500,Standard Frame,data frame,8,CAN,x| 75 02 3F 3F 3F 3F 3F 3F 
73856,="15:44:25.847",0xB0C16A0,1,Rx,0x32E,Standard Frame,data frame,8,CAN,x| 00 00 00 01 64 00 00 00 
73857,="15:44:25.847",0xB0C1768,1,Rx,0x7E8,Standard Frame,data frame,8,CAN,x| 26 FF FF FF FF FF FF FF 
73858,="15:44:25.849",0xB0C1CE0,1,Rx,0x7E8,Standard Frame,data frame,8,CAN,x| 27 FF FF FF FF FF FF FF 
73859,="15:44:25.851",0xB0C24B0,1,Rx,0x7E8,Standard Frame,data frame,8,CAN,x| 28 FF FF FF FF FF FF FF 
73860,="15:44:25.853",0xB0C2D48,1,Rx,0x7E8,Standard Frame,data frame,8,CAN,x| 29 FF FF FF FF 01 FF FF 
73861,="15:44:25.855",0xB0C3450,1,Rx,0x7E8,Standard Frame,data frame,8,CAN,x| 2A FF FF FF FF FF FF FF 
73862,="15:44:25.855",0xB0C37D4,1,Rx,0x124,Standard Frame,data frame,8,CAN,x| 68 12 C0 1D 88 13 22 00 
73863,="15:44:25.857",0xB0C389C,1,Rx,0x120,Standard Frame,data frame,6,CAN,x| 02 43 13 A4 5F 02 
73864,="15:44:25.857",0xB0C3964,1,Rx,0x122,Standard Frame,data frame,8,CAN,x| B0 00 00 02 13 00 00 00 
73865,="15:44:25.857",0xB0C3C20,1,Rx,0x7E8,Standard Frame,data frame,8,CAN,x| 2B FF FF FF FF FF FF FF 
73866,="15:44:25.857",0xB0C3D4C,1,Rx,0x13F,Standard Frame,data frame,8,CAN,x| 00 12 C0 00 00 00 00 00 
73867,="15:44:25.859",0xB0C43F0,1,Rx,0x7E8,Standard Frame,data frame,8,CAN,x| 2C FF FF FF FF FF FF FF 
73868,="15:44:25.861",0xB0C4BC0,1,Rx,0x7E8,Standard Frame,data frame,8,CAN,x| 2D FF FF FF FF FF FF FF 
73869,="15:44:25.863",0xB0C5390,1,Rx,0x7E8,Standard Frame,data frame,8,CAN,x| 2E FF 00 00 00 00 00 00 
73870,="15:44:25.865",0xB0C5BC4,1,Rx,0x124,Standard Frame,data frame,8,CAN,x| 68 12 C0 1D 88 13 23 00 
73871,="15:44:25.865",0xB0C5C8C,1,Rx,0x120,Standard Frame,data frame,6,CAN,x| 02 43 13 A4 5E 03 
73872,="15:44:25.865",0xB0C5DB8,1,Rx,0x122,Standard Frame,data frame,8,CAN,x| B0 00 00 03 13 00 00 00 
73873,="15:44:25.875",0xB0C82D4,1,Rx,0x124,Standard Frame,data frame,8,CAN,x| 68 12 C0 1D 88 13 20 00 
73874,="15:44:25.875",0xB0C839C,1,Rx,0x120,Standard Frame,data frame,6,CAN,x| 02 43 13 A4 5E 00 
73875,="15:44:25.875",0xB0C84C8,1,Rx,0x122,Standard Frame,data frame,8,CAN,x| B0 00 00 00 13 00 00 00 
73876,="15:44:25.875",0xB0C8590,1,Rx,0x310,Standard Frame,data frame,8,CAN,x| 01 3D 00 00 00 00 08 00 
73877,="15:44:25.877",0xB0C8658,1,Rx,0x318,Standard Frame,data frame,8,CAN,x| 01 41 FF 00 00 00 10 80 
73878,="15:44:25.877",0xB0C8A40,1,Rx,0x13F,Standard Frame,data frame,8,CAN,x| 00 12 C0 00 00 00 00 00 
73879,="15:44:25.885",0xB0CABD8,1,Rx,0x124,Standard Frame,data frame,8,CAN,x| 68 12 C0 1D 88 13 21 00 
73880,="15:44:25.885",0xB0CACA0,1,Rx,0x120,Standard Frame,data frame,6,CAN,x| 02 43 16 A4 5D 01 
73881,="15:44:25.887",0xB0CAD68,1,Rx,0x122,Standard Frame,data frame,8,CAN,x| B0 00 00 01 13 00 00 00 
73882,="15:44:25.887",0xB0CB2E0,1,Rx,0x7E0,Standard Frame,data frame,8,CAN,x| 02 21 00 00 00 00 00 00 
73883,="15:44:25.893",0xB0CCB7C,1,Rx,0x7E8,Standard Frame,data frame,8,CAN,x| 10 D2 61 00 FF FF FF FF 
73884,="15:44:25.895",0xB0CCCA8,1,Rx,0x7E0,Standard Frame,data frame,8,CAN,x| 30 00 00 00 00 00 00 00 
73885,="15:44:25.895",0xB0CD090,1,Rx,0x7E8,Standard Frame,data frame,8,CAN,x| 21 FF FF FF FF FF FF FF 
73886,="15:44:25.895",0xB0CD3B0,1,Rx,0x124,Standard Frame,data frame,8,CAN,x| 68 12 C0 1D 88 11 22 00 
73887,="15:44:25.897",0xB0CD478,1,Rx,0x120,Standard Frame,data frame,6,CAN,x| 02 43 16 A4 5F 02 
73888,="15:44:25.897",0xB0CD540,1,Rx,0x122,Standard Frame,data frame,8,CAN,x| B0 00 00 02 11 00 00 00 
73889,="15:44:25.897",0xB0CD860,1,Rx,0x7E8,Standard Frame,data frame,8,CAN,x| 22 FF FF FF FF 01 FF 80 
73890,="15:44:25.897",0xB0CD928,1,Rx,0x13F,Standard Frame,data frame,8,CAN,x| 00 12 C0 00 00 00 00 00 
73891,="15:44:25.899",0xB0CE030,1,Rx,0x7E8,Standard Frame,data frame,8,CAN,x| 23 80 FF FF 80 FF 09 56 
73892,="15:44:25.901",0xB0CE800,1,Rx,0x7E8,Standard Frame,data frame,8,CAN,x| 24 FF FF DA FF FF FF FF 
73893,="15:44:25.903",0xB0CF034,1,Rx,0x7E8,Standard Frame,data frame,8,CAN,x| 25 FF FF 23 12 C0 BF FF 
73894,="15:44:25.905",0xB0CF7A0,1,Rx,0x7E8,Standard Frame,data frame,8,CAN,x| 26 FF 00 15 3D 1C 64 00 
73895,="15:44:25.905",0xB0CFAC0,1,Rx,0x124,Standard Frame,data frame,8,CAN,x| 68 12 C0 1D 88 13 23 00 
73896,="15:44:25.907",0xB0CFB88,1,Rx,0x120,Standard Frame,data frame,6,CAN,x| 02 43 16 A4 5F 03 
73897,="15:44:25.907",0xB0CFCB4,1,Rx,0x122,Standard Frame,data frame,8,CAN,x| B0 00 00 03 13 00 00 00 
73898,="15:44:25.907",0xB0CFF70,1,Rx,0x7E8,Standard Frame,data frame,8,CAN,x| 27 FF FF 00 80 FF FF FF 
73899,="15:44:25.909",0xB0D0740,1,Rx,0x7E8,Standard Frame,data frame,8,CAN,x| 28 FF FF FF FF FF FD 27 
73900,="15:44:25.911",0xB0D0F10,1,Rx,0x7E8,Standard Frame,data frame,8,CAN,x| 29 00 00 00 00 09 33 FF 
73901,="15:44:25.913",0xB0D16E0,1,Rx,0x7E8,Standard Frame,data frame,8,CAN,x| 2A FF FF FF FF FF FF FF 
73902,="15:44:25.915",0xB0D1EB0,1,Rx,0x7E8,Standard Frame,data frame,8,CAN,x| 2B 5B 5B FF FF FF FF FF 
73903,="15:44:25.915",0xB0D1F78,1,Rx,0x120,Standard Frame,data frame,6,CAN,x| 02 43 15 A4 5E 00 
73904,="15:44:25.915",0xB0D2040,1,Rx,0x124,Standard Frame,data frame,8,CAN,x| 68 12 C0 1D 88 13 20 00 
73905,="15:44:25.915",0xB0D2108,1,Rx,0x122,Standard Frame,data frame,8,CAN,x| B0 00 00 00 13 00 00 00 
73906,="15:44:25.917",0xB0D24F0,1,Rx,0x13F,Standard Frame,data frame,8,CAN,x| 00 12 C0 00 00 00 00 00 
73907,="15:44:25.917",0xB0D2680,1,Rx,0x7E8,Standard Frame,data frame,8,CAN,x| 2C FF FF FF FF FF FF FF 
73908,="15:44:25.919",0xB0D2E50,1,Rx,0x7E8,Standard Frame,data frame,8,CAN,x| 2D FF FF FF FF FF FF FF 
73909,="15:44:25.921",0xB0D35BC,1,Rx,0x7E8,Standard Frame,data frame,8,CAN,x| 2E FF FF 2E 79 FF FF FF 
73910,="15:44:25.923",0xB0D3DF0,1,Rx,0x7E8,Standard Frame,data frame,8,CAN,x| 2F FF FF FF FF FF FF FF 
73911,="15:44:25.925",0xB0D45C0,1,Rx,0x7E8,Standard Frame,data frame,8,CAN,x| 20 FF FF FF FF FF FF C1 
73912,="15:44:25.925",0xB0D4624,1,Rx,0x120,Standard Frame,data frame,6,CAN,x| 02 43 15 A4 5D 01 
73913,="15:44:25.925",0xB0D4750,1,Rx,0x124,Standard Frame,data frame,8,CAN,x| 68 12 C0 1D 88 13 21 00 
73914,="15:44:25.925",0xB0D4818,1,Rx,0x122,Standard Frame,data frame,8,CAN,x| B0 00 00 01 13 00 00 00 
73915,="15:44:25.927",0xB0D4D2C,1,Rx,0x7E8,Standard Frame,data frame,8,CAN,x| 21 FF FF FF FF 8C 53 00 
73916,="15:44:25.929",0xB0D54FC,1,Rx,0x7E8,Standard Frame,data frame,8,CAN,x| 22 00 00 FF 01 FF FF FF 
73917,="15:44:25.931",0xB0D5CCC,1,Rx,0x7E8,Standard Frame,data frame,8,CAN,x| 23 FF FF 08 04 FF FF 02 
73918,="15:44:25.933",0xB0D649C,1,Rx,0x7E8,Standard Frame,data frame,8,CAN,x| 24 00 FF FF FF FF FF FF 
73919,="15:44:25.935",0xB0D6C6C,1,Rx,0x7E8,Standard Frame,data frame,8,CAN,x| 25 FF FF FF FF FF FF FF 
73920,="15:44:25.935",0xB0D6F28,1,Rx,0x124,Standard Frame,data frame,8,CAN,x| 68 12 C0 1D 88 13 22 00 
73921,="15:44:25.935",0xB0D6F8C,1,Rx,0x120,Standard Frame,data frame,6,CAN,x| 02 43 19 A4 5C 02 
73922,="15:44:25.937",0xB0D70B8,1,Rx,0x122,Standard Frame,data frame,8,CAN,x| B0 00 00 02 13 00 00 00 
73923,="15:44:25.937",0xB0D743C,1,Rx,0x13F,Standard Frame,data frame,8,CAN,x| 00 12 C0 00 00 00 00 00 
73924,="15:44:25.937",0xB0D7504,1,Rx,0x7E8,Standard Frame,data frame,8,CAN,x| 26 FF FF FF FF FF FF FF 
73925,="15:44:25.939",0xB0D7C0C,1,Rx,0x7E8,Standard Frame,data frame,8,CAN,x| 27 FF FF FF FF FF FF FF 
73926,="15:44:25.941",0xB0D83DC,1,Rx,0x7E8,Standard Frame,data frame,8,CAN,x| 28 FF FF FF FF FF FF FF 
73927,="15:44:25.943",0xB0D8BAC,1,Rx,0x7E8,Standard Frame,data frame,8,CAN,x| 29 FF FF FF FF 01 FF FF 
73928,="15:44:25.945",0xB0D937C,1,Rx,0x7E8,Standard Frame,data frame,8,CAN,x| 2A FF FF FF FF FF FF FF 
73929,="15:44:25.945",0xB0D9444,1,Rx,0x120,Standard Frame,data frame,6,CAN,x| 02 43 19 A4 5E 03 
73930,="15:44:25.945",0xB0D9570,1,Rx,0x124,Standard Frame,data frame,8,CAN,x| 68 12 C0 1D 88 0E 23 00 
73931,="15:44:25.945",0xB0D9638,1,Rx,0x122,Standard Frame,data frame,8,CAN,x| B0 00 00 03 0E 00 00 00 
73932,="15:44:25.947",0xB0D9B4C,1,Rx,0x7E8,Standard Frame,data frame,8,CAN,x| 2B FF FF FF FF FF FF FF 
73933,="15:44:25.947",0xB0D9C78,1,Rx,0x314,Standard Frame,data frame,8,CAN,x| 00 00 00 00 00 00 B6 01 
73934,="15:44:25.947",0xB0D9D40,1,Rx,0x32E,Standard Frame,data frame,8,CAN,x| 00 00 00 02 64 00 00 00 
73935,="15:44:25.949",0xB0DA31C,1,Rx,0x7E8,Standard Frame,data frame,8,CAN,x| 2C FF FF FF FF FF FF FF 
73936,="15:44:25.951",0xB0DAAEC,1,Rx,0x7E8,Standard Frame,data frame,8,CAN,x| 2D FF FF FF FF FF FF FF 
73937,="15:44:25.953",0xB0DB384,1,Rx,0x7E8,Standard Frame,data frame,8,CAN,x| 2E FF 00 00 00 00 00 00 
73938,="15:44:25.955",0xB0DBDAC,1,Rx,0x124,Standard Frame,data frame,8,CAN,x| 68 12 C0 1D 88 13 20 00 
73939,="15:44:25.957",0xB0DBE74,1,Rx,0x120,Standard Frame,data frame,6,CAN,x| 02 43 19 A4 5E 00 
73940,="15:44:25.957",0xB0DBFA0,1,Rx,0x122,Standard Frame,data frame,8,CAN,x| B0 00 00 00 13 00 00 00 
73941,="15:44:25.957",0xB0DC3EC,1,Rx,0x13F,Standard Frame,data frame,8,CAN,x| 00 12 C0 00 00 00 00 00 
73942,="15:44:25.965",0xB0DE200,1,Rx,0x124,Standard Frame,data frame,8,CAN,x| 68 12 C0 1D 88 13 21 00 
73943,="15:44:25.965",0xB0DE2C8,1,Rx,0x120,Standard Frame,data frame,6,CAN,x| 02 43 17 A4 5E 01 
73944,="15:44:25.965",0xB0DE390,1,Rx,0x122,Standard Frame,data frame,8,CAN,x| B0 00 00 01 13 00 00 00 
73945,="15:44:25.975",0xB0E0910,1,Rx,0x124,Standard Frame,data frame,8,CAN,x| 68 12 C0 1D 88 13 22 00 
73946,="15:44:25.975",0xB0E09D8,1,Rx,0x120,Standard Frame,data frame,6,CAN,x| 02 43 17 A4 5E 02 
73947,="15:44:25.975",0xB0E0AA0,1,Rx,0x122,Standard Frame,data frame,8,CAN,x| B0 00 00 02 13 00 00 00 
73948,="15:44:25.977",0xB0E0BCC,1,Rx,0x310,Standard Frame,data frame,8,CAN,x| 01 3D 00 00 00 00 08 00 
73949,="15:44:25.977",0xB0E0C94,1,Rx,0x318,Standard Frame,data frame,8,CAN,x| 01 41 FF 00 00 00 10 80 
73950,="15:44:25.977",0xB0E0FB4,1,Rx,0x13F,Standard Frame,data frame,8,CAN,x| 00 12 C0 00 00 00 00 00 
73951,="15:44:25.985",0xB0E2BD4,1,Rx,0x7E0,Standard Frame,data frame,8,CAN,x| 02 21 00 00 00 00 00 00 
73952,="15:44:25.985",0xB0E3214,1,Rx,0x124,Standard Frame,data frame,8,CAN,x| 68 12 C0 1D 88 14 23 00 
73953,="15:44:25.985",0xB0E32DC,1,Rx,0x120,Standard Frame,data frame,6,CAN,x| 02 43 1A A4 5D 03 
73954,="15:44:25.987",0xB0E33A4,1,Rx,0x122,Standard Frame,data frame,8,CAN,x| B0 00 00 03 14 00 00 00 
73955,="15:44:25.993",0xB0E51B8,1,Rx,0x7E8,Standard Frame,data frame,8,CAN,x| 10 D2 61 00 FF FF FF FF 
73956,="15:44:25.995",0xB0E52E4,1,Rx,0x7E0,Standard Frame,data frame,8,CAN,x| 30 00 00 00 00 00 00 00 
73957,="15:44:25.995",0xB0E56CC,1,Rx,0x7E8,Standard Frame,data frame,8,CAN,x| 21 FF FF FF FF FF FF FF 
73958,="15:44:25.995",0xB0E59EC,1,Rx,0x124,Standard Frame,data frame,8,CAN,x| 68 12 C0 1D 88 12 20 00 
73959,="15:44:25.997",0xB0E5AB4,1,Rx,0x120,Standard Frame,data frame,6,CAN,x| 02 43 1B A4 5F 00 
73960,="15:44:25.997",0xB0E5B7C,1,Rx,0x122,Standard Frame,data frame,8,CAN,x| B0 00 00 00 12 00 00 00 
73961,="15:44:25.997",0xB0E5E9C,1,Rx,0x7E8,Standard Frame,data frame,8,CAN,x| 22 FF FF FF FF 01 FF 80 
73962,="15:44:25.997",0xB0E602C,1,Rx,0x13F,Standard Frame,data frame,8,CAN,x| 00 12 C0 00 00 00 00 00 
73963,="15:44:25.999",0xB0E666C,1,Rx,0x7E8,Standard Frame,data frame,8,CAN,x| 23 80 FF FF 80 FF 0A 26 
73964,="15:44:26.001",0xB0E6E3C,1,Rx,0x7E8,Standard Frame,data frame,8,CAN,x| 24 FF FF D8 FF FF FF FF 
73965,="15:44:26.003",0xB0E7670,1,Rx,0x7E8,Standard Frame,data frame,8,CAN,x| 25 FF FF 24 12 C0 BF FF 
73966,="15:44:26.005",0xB0E7D78,1,Rx,0x7E8,Standard Frame,data frame,8,CAN,x| 26 FF 00 16 3D 1C 64 00 
73967,="15:44:26.007",0xB0E80FC,1,Rx,0x124,Standard Frame,data frame,8,CAN,x| 68 12 C0 1D 88 14 21 00 
73968,="15:44:26.007",0xB0E81C4,1,Rx,0x120,Standard Frame,data frame,6,CAN,x| 02 43 1B A4 5F 01 
73969,="15:44:26.007",0xB0E82F0,1,Rx,0x122,Standard Frame,data frame,8,CAN,x| B0 00 00 01 14 00 00 00 
73970,="15:44:26.007",0xB0E85AC,1,Rx,0x7E8,Standard Frame,data frame,8,CAN,x| 27 FF FF 00 80 FF FF FF 
73971,="15:44:26.009",0xB0E8D7C,1,Rx,0x7E8,Standard Frame,data frame,8,CAN,x| 28 FF FF FF FF FF FB 27 
73972,="15:44:26.011",0xB0E954C,1,Rx,0x7E8,Standard Frame,data frame,8,CAN,x| 29 00 00 00 00 08 33 FF 
73973,="15:44:26.013",0xB0E9D1C,1,Rx,0x7E8,Standard Frame,data frame,8,CAN,x| 2A FF FF FF FF FF FF FF 
73974,="15:44:26.015",0xB0EA488,1,Rx,0x7E8,Standard Frame,data frame,8,CAN,x| 2B 5B 5B FF FF FF FF FF 
73975,="15:44:26.015",0xB0EA550,1,Rx,0x120,Standard Frame,data frame,6,CAN,x| 02 43 18 A4 5E 02 
73976,="15:44:26.015",0xB0EA67C,1,Rx,0x124,Standard Frame,data frame,8,CAN,x| 68 12 C0 1D 88 14 22 00 
73977,="15:44:26.015",0xB0EA744,1,Rx,0x122,Standard Frame,data frame,8,CAN,x| B0 00 00 02 14 00 00 00 
73978,="15:44:26.017",0xB0EAA64,1,Rx,0x13F,Standard Frame,data frame,8,CAN,x| 00 12 C0 00 00 00 00 00 
73979,="15:44:26.017",0xB0EAC58,1,Rx,0x7E8,Standard Frame,data frame,8,CAN,x| 2C FF FF FF FF FF FF FF 
73980,="15:44:26.019",0xB0EB428,1,Rx,0x7E8,Standard Frame,data frame,8,CAN,x| 2D FF FF FF FF FF FF FF 
73981,="15:44:26.021",0xB0EBBF8,1,Rx,0x7E8,Standard Frame,data frame,8,CAN,x| 2E FF FF 2E C0 FF FF FF 
73982,="15:44:26.023",0xB0EC42C,1,Rx,0x7E8,Standard Frame,data frame,8,CAN,x| 2F FF FF FF FF FF FF FF 
73983,="15:44:26.025",0xB0ECB98,1,Rx,0x7E8,Standard Frame,data frame,8,CAN,x| 20 FF FF FF FF FF FF C1 
73984,="15:44:26.025",0xB0ECC60,1,Rx,0x120,Standard Frame,data frame,6,CAN,x| 02 43 18 A4 5D 03 
73985,="15:44:26.025",0xB0ECD8C,1,Rx,0x124,Standard Frame,data frame,8,CAN,x| 68 12 C0 1D 88 14 23 00 
73986,="15:44:26.025",0xB0ECE54,1,Rx,0x122,Standard Frame,data frame,8,CAN,x| B0 00 00 03 14 00 00 00 
73987,="15:44:26.027",0xB0ED368,1,Rx,0x7E8,Standard Frame,data frame,8,CAN,x| 21 FF FF FF FF 8C 53 00 
73988,="15:44:26.029",0xB0EDB38,1,Rx,0x7E8,Standard Frame,data frame,8,CAN,x| 22 00 00 FF 01 FF FF FF 
73989,="15:44:26.031",0xB0EE308,1,Rx,0x7E8,Standard Frame,data frame,8,CAN,x| 23 FF FF 08 04 FF FF 02 
73990,="15:44:26.033",0xB0EEAD8,1,Rx,0x7E8,Standard Frame,data frame,8,CAN,x| 24 00 FF FF FF FF FF FF 
73991,="15:44:26.035",0xB0EF2A8,1,Rx,0x7E8,Standard Frame,data frame,8,CAN,x| 25 FF FF FF FF FF FF FF 
73992,="15:44:26.035",0xB0EF564,1,Rx,0x124,Standard Frame,data frame,8,CAN,x| 68 12 C0 1D 88 14 20 00 
73993,="15:44:26.037",0xB0EF62C,1,Rx,0x120,Standard Frame,data frame,6,CAN,x| 02 43 1C A4 5D 00 
73994,="15:44:26.037",0xB0EF6F4,1,Rx,0x122,Standard Frame,data frame,8,CAN,x| B0 00 00 00 14 00 00 00 
73995,="15:44:26.037",0xB0EFA78,1,Rx,0x7E8,Standard Frame,data frame,8,CAN,x| 26 FF FF FF FF FF FF FF 
73996,="15:44:26.037",0xB0EFBA4,1,Rx,0x13F,Standard Frame,data frame,8,CAN,x| 00 12 C0 00 00 00 00 00 
73997,="15:44:26.039",0xB0F0248,1,Rx,0x7E8,Standard Frame,data frame,8,CAN,x| 27 FF FF FF FF FF FF FF 
73998,="15:44:26.041",0xB0F0A18,1,Rx,0x7E8,Standard Frame,data frame,8,CAN,x| 28 FF FF FF FF FF FF FF 
73999,="15:44:26.043",0xB0F11E8,1,Rx,0x7E8,Standard Frame,data frame,8,CAN,x| 29 FF FF FF FF 01 FF FF 
74000,="15:44:26.045",0xB0F19B8,1,Rx,0x7E8,Standard Frame,data frame,8,CAN,x| 2A FF FF FF FF FF FF FF 
74001,="15:44:26.045",0xB0F1A80,1,Rx,0x120,Standard Frame,data frame,6,CAN,x| 02 43 1C A4 60 01 
74002,="15:44:26.045",0xB0F1B48,1,Rx,0x124,Standard Frame,data frame,8,CAN,x| 68 12 C0 1D 88 0E 21 00 
74003,="15:44:26.045",0xB0F1C74,1,Rx,0x122,Standard Frame,data frame,8,CAN,x| B0 00 00 01 0E 00 00 00 
74004,="15:44:26.047",0xB0F2124,1,Rx,0x314,Standard Frame,data frame,8,CAN,x| 00 00 00 00 00 00 C2 01 
74005,="15:44:26.047",0xB0F21EC,1,Rx,0x500,Standard Frame,data frame,8,CAN,x| 75 03 3F 3F 3F 3F 3F 3F 
74006,="15:44:26.047",0xB0F2318,1,Rx,0x32E,Standard Frame,data frame,8,CAN,x| 00 00 00 03 64 00 00 00 
74007,="15:44:26.047",0xB0F23E0,1,Rx,0x7E8,Standard Frame,data frame,8,CAN,x| 2B FF FF FF FF FF FF FF 
74008,="15:44:26.049",0xB0F2958,1,Rx,0x7E8,Standard Frame,data frame,8,CAN,x| 2C FF FF FF FF FF FF FF 
74009,="15:44:26.051",0xB0F3128,1,Rx,0x7E8,Standard Frame,data frame,8,CAN,x| 2D FF FF FF FF FF FF FF 
74010,="15:44:26.053",0xB0F39C0,1,Rx,0x7E8,Standard Frame,data frame,8,CAN,x| 2E FF 00 00 00 00 00 00 
74011,="15:44:26.057",0xB0F43E8,1,Rx,0x124,Standard Frame,data frame,8,CAN,x| 68 12 C0 1D 88 14 22 00 
74012,="15:44:26.057",0xB0F44B0,1,Rx,0x120,Standard Frame,data frame,6,CAN,x| 02 43 1C A4 5F 02 
74013,="15:44:26.057",0xB0F45DC,1,Rx,0x122,Standard Frame,data frame,8,CAN,x| B0 00 00 02 14 00 00 00 
74014,="15:44:26.057",0xB0F4960,1,Rx,0x13F,Standard Frame,data frame,8,CAN,x| 00 12 C0 00 00 00 00 00 
74015,="15:44:26.065",0xB0F683C,1,Rx,0x124,Standard Frame,data frame,8,CAN,x| 68 12 C0 1D 88 14 23 00 
74016,="15:44:26.065",0xB0F6904,1,Rx,0x120,Standard Frame,data frame,6,CAN,x| 02 43 19 A4 5E 03 
74017,="15:44:26.065",0xB0F69CC,1,Rx,0x122,Standard Frame,data frame,8,CAN,x| B0 00 00 03 14 00 00 00 
74018,="15:44:26.075",0xB0F8F4C,1,Rx,0x124,Standard Frame,data frame,8,CAN,x| 68 12 C0 1D 88 14 20 00 
74019,="15:44:26.075",0xB0F9014,1,Rx,0x120,Standard Frame,data frame,6,CAN,x| 02 43 19 A4 5E 00 
74020,="15:44:26.075",0xB0F90DC,1,Rx,0x122,Standard Frame,data frame,8,CAN,x| B0 00 00 00 14 00 00 00 
74021,="15:44:26.077",0xB0F9208,1,Rx,0x310,Standard Frame,data frame,8,CAN,x| 01 3D 00 00 00 00 08 00 
74022,="15:44:26.077",0xB0F92D0,1,Rx,0x318,Standard Frame,data frame,8,CAN,x| 01 41 FF 00 00 00 10 80 
74023,="15:44:26.077",0xB0F96B8,1,Rx,0x13F,Standard Frame,data frame,8,CAN,x| 00 12 C0 00 00 00 00 00 
74024,="15:44:26.085",0xB0FB2D8,1,Rx,0x7E0,Standard Frame,data frame,8,CAN,x| 02 21 00 00 00 00 00 00 
74025,="15:44:26.087",0xB0FBC38,1,Rx,0x124,Standard Frame,data frame,8,CAN,x| 68 12 C0 1D 88 14 21 00 
74026,="15:44:26.087",0xB0FBD00,1,Rx,0x120,Standard Frame,data frame,6,CAN,x| 02 43 1B A4 5D 01 
74027,="15:44:26.087",0xB0FBDC8,1,Rx,0x122,Standard Frame,data frame,8,CAN,x| B0 00 00 01 14 00 00 00 
74028,="15:44:26.095",0xB0FD7F4,1,Rx,0x7E8,Standard Frame,data frame,8,CAN,x| 10 D2 61 00 FF FF FF FF 
74029,="15:44:26.095",0xB0FD920,1,Rx,0x7E0,Standard Frame,data frame,8,CAN,x| 30 00 00 00 00 00 00 00 
74030,="15:44:26.095",0xB0FDD08,1,Rx,0x7E8,Standard Frame,data frame,8,CAN,x| 21 FF FF FF FF FF FF FF 
74031,="15:44:26.097",0xB0FE028,1,Rx,0x124,Standard Frame,data frame,8,CAN,x| 68 12 C0 1D 88 12 22 00 
74032,="15:44:26.097",0xB0FE0F0,1,Rx,0x120,Standard Frame,data frame,6,CAN,x| 02 43 1C A4 60 02 
74033,="15:44:26.097",0xB0FE1B8,1,Rx,0x122,Standard Frame,data frame,8,CAN,x| B0 00 00 02 12 00 00 00 
74034,="15:44:26.097",0xB0FE4D8,1,Rx,0x7E8,Standard Frame,data frame,8,CAN,x| 22 FF FF FF FF 01 FF 80 
74035,="15:44:26.097",0xB0FE5A0,1,Rx,0x13F,Standard Frame,data frame,8,CAN,x| 00 12 C0 00 00 00 00 00 
74036,="15:44:26.099",0xB0FEC44,1,Rx,0x7E8,Standard Frame,data frame,8,CAN,x| 23 80 FF FF 80 FF 0A 66 
74037,="15:44:26.101",0xB0FF478,1,Rx,0x7E8,Standard Frame,data frame,8,CAN,x| 24 FF FF D8 FF FF FF FF 
74038,="15:44:26.103",0xB0FFCAC,1,Rx,0x7E8,Standard Frame,data frame,8,CAN,x| 25 FF FF 25 12 C0 BF FF 
74039,="15:44:26.105",0xB1003B4,1,Rx,0x7E8,Standard Frame,data frame,8,CAN,x| 26 FF 00 16 3D 1C 64 00 
74040,="15:44:26.107",0xB100738,1,Rx,0x124,Standard Frame,data frame,8,CAN,x| 68 12 C0 1D 88 13 23 00 
74041,="15:44:26.107",0xB100800,1,Rx,0x120,Standard Frame,data frame,6,CAN,x| 02 43 1C A4 60 03 
74042,="15:44:26.107",0xB1008C8,1,Rx,0x122,Standard Frame,data frame,8,CAN,x| B0 00 00 03 13 00 00 00 
74043,="15:44:26.107",0xB100B84,1,Rx,0x7E8,Standard Frame,data frame,8,CAN,x| 27 FF FF 00 80 FF FF FF 
74044,="15:44:26.109",0xB101354,1,Rx,0x7E8,Standard Frame,data frame,8,CAN,x| 28 FF FF FF FF FF FA 27 
74045,="15:44:26.111",0xB101B24,1,Rx,0x7E8,Standard Frame,data frame,8,CAN,x| 29 00 00 00 00 08 33 FF 
74046,="15:44:26.113",0xB1022F4,1,Rx,0x7E8,Standard Frame,data frame,8,CAN,x| 2A FF FF FF FF FF FF FF 
74047,="15:44:26.115",0xB102AC4,1,Rx,0x7E8,Standard Frame,data frame,8,CAN,x| 2B 5B 5B FF FF FF FF FF 
74048,="15:44:26.115",0xB102B8C,1,Rx,0x120,Standard Frame,data frame,6,CAN,x| 02 43 17 A4 5E 00 
74049,="15:44:26.115",0xB102CB8,1,Rx,0x124,Standard Frame,data frame,8,CAN,x| 68 12 C0 1D 88 13 20 00 
74050,="15:44:26.115",0xB102D80,1,Rx,0x122,Standard Frame,data frame,8,CAN,x| B0 00 00 00 13 00 00 00 
74051,="15:44:26.117",0xB103168,1,Rx,0x13F,Standard Frame,data frame,8,CAN,x| 00 12 C0 00 00 00 00 00 
74052,="15:44:26.117",0xB103294,1,Rx,0x7E8,Standard Frame,data frame,8,CAN,x| 2C FF FF FF FF FF FF FF 
74053,="15:44:26.119",0xB103A64,1,Rx,0x7E8,Standard Frame,data frame,8,CAN,x| 2D FF FF FF FF FF FF FF 
74054,="15:44:26.121",0xB104234,1,Rx,0x7E8,Standard Frame,data frame,8,CAN,x| 2E FF FF 2E D7 FF FF FF 
74055,="15:44:26.123",0xB104A04,1,Rx,0x7E8,Standard Frame,data frame,8,CAN,x| 2F FF FF FF FF FF FF FF 
74056,="15:44:26.125",0xB1051D4,1,Rx,0x7E8,Standard Frame,data frame,8,CAN,x| 20 FF FF FF FF FF FF C1 
74057,="15:44:26.125",0xB10529C,1,Rx,0x120,Standard Frame,data frame,6,CAN,x| 02 43 17 A4 5E 01 
74058,="15:44:26.125",0xB1053C8,1,Rx,0x124,Standard Frame,data frame,8,CAN,x| 68 12 C0 1D 88 13 21 00 
74059,="15:44:26.125",0xB105490,1,Rx,0x122,Standard Frame,data frame,8,CAN,x| B0 00 00 01 13 00 00 00 
74060,="15:44:26.127",0xB1059A4,1,Rx,0x7E8,Standard Frame,data frame,8,CAN,x| 21 FF FF FF FF 8C 53 00 
74061,="15:44:26.129",0xB106174,1,Rx,0x7E8,Standard Frame,data frame,8,CAN,x| 22 00 00 FF 01 FF FF FF 
74062,="15:44:26.131",0xB106944,1,Rx,0x7E8,Standard Frame,data frame,8,CAN,x| 23 FF FF 08 04 FF FF 02 
74063,="15:44:26.133",0xB107114,1,Rx,0x7E8,Standard Frame,data frame,8,CAN,x| 24 00 FF FF FF FF FF FF 
74064,="15:44:26.135",0xB1078E4,1,Rx,0x7E8,Standard Frame,data frame,8,CAN,x| 25 FF FF FF FF FF FF FF 
74065,="15:44:26.135",0xB107B3C,1,Rx,0x124,Standard Frame,data frame,8,CAN,x| 68 12 C0 1D 88 13 22 00 
74066,="15:44:26.137",0xB107C04,1,Rx,0x120,Standard Frame,data frame,6,CAN,x| 02 43 19 A4 5E 02 
74067,="15:44:26.137",0xB107D30,1,Rx,0x122,Standard Frame,data frame,8,CAN,x| B0 00 00 02 13 00 00 00 
74068,="15:44:26.137",0xB1080B4,1,Rx,0x13F,Standard Frame,data frame,8,CAN,x| 00 12 C0 00 00 00 00 00 
74069,="15:44:26.137",0xB10817C,1,Rx,0x7E8,Standard Frame,data frame,8,CAN,x| 26 FF FF FF FF FF FF FF 
74070,="15:44:26.139",0xB108884,1,Rx,0x7E8,Standard Frame,data frame,8,CAN,x| 27 FF FF FF FF FF FF FF 
74071,="15:44:26.141",0xB109054,1,Rx,0x7E8,Standard Frame,data frame,8,CAN,x| 28 FF FF FF FF FF FF FF 
74072,="15:44:26.143",0xB109824,1,Rx,0x7E8,Standard Frame,data frame,8,CAN,x| 29 FF FF FF FF 01 FF FF 
74073,="15:44:26.145",0xB109FF4,1,Rx,0x7E8,Standard Frame,data frame,8,CAN,x| 2A FF FF FF FF FF FF FF 
74074,="15:44:26.145",0xB10A0BC,1,Rx,0x120,Standard Frame,data frame,6,CAN,x| 02 43 19 A4 60 03 
74075,="15:44:26.145",0xB10A184,1,Rx,0x124,Standard Frame,data frame,8,CAN,x| 68 12 C0 1D 88 0E 23 00 
74076,="15:44:26.145",0xB10A2B0,1,Rx,0x122,Standard Frame,data frame,8,CAN,x| B0 00 00 03 0E 00 00 00 
74077,="15:44:26.147",0xB10A7C4,1,Rx,0x7E8,Standard Frame,data frame,8,CAN,x| 2B FF FF FF FF FF FF FF 
74078,="15:44:26.147",0xB10A8F0,1,Rx,0x314,Standard Frame,data frame,8,CAN,x| 00 00 00 00 00 00 B9 01 
74079,="15:44:26.147",0xB10A9B8,1,Rx,0x32E,Standard Frame,data frame,8,CAN,x| 00 00 00 00 64 00 00 00 
74080,="15:44:26.149",0xB10AF94,1,Rx,0x7E8,Standard Frame,data frame,8,CAN,x| 2C FF FF FF FF FF FF FF 
74081,="15:44:26.151",0xB10B764,1,Rx,0x7E8,Standard Frame,data frame,8,CAN,x| 2D FF FF FF FF FF FF FF 
74082,="15:44:26.153",0xB10BFFC,1,Rx,0x7E8,Standard Frame,data frame,8,CAN,x| 2E FF 00 00 00 00 00 00 
74083,="15:44:26.157",0xB10CA24,1,Rx,0x124,Standard Frame,data frame,8,CAN,x| 68 12 C0 1D 88 13 20 00 
74084,="15:44:26.157",0xB10CAEC,1,Rx,0x120,Standard Frame,data frame,6,CAN,x| 02 43 19 A4 61 00 
74085,="15:44:26.157",0xB10CC18,1,Rx,0x122,Standard Frame,data frame,8,CAN,x| B0 00 00 00 13 00 00 00 
74086,="15:44:26.157",0xB10D064,1,Rx,0x13F,Standard Frame,data frame,8,CAN,x| 00 12 C0 00 00 00 00 00 
74087,="15:44:26.165",0xB10EE78,1,Rx,0x124,Standard Frame,data frame,8,CAN,x| 68 12 C0 1D 88 13 21 00 
74088,="15:44:26.165",0xB10EF40,1,Rx,0x120,Standard Frame,data frame,6,CAN,x| 02 43 15 A4 60 01 
74089,="15:44:26.165",0xB10F008,1,Rx,0x122,Standard Frame,data frame,8,CAN,x| B0 00 00 01 13 00 00 00 
74090,="15:44:26.175",0xB111588,1,Rx,0x124,Standard Frame,data frame,8,CAN,x| 68 12 C0 1D 88 13 22 00 
74091,="15:44:26.175",0xB111650,1,Rx,0x120,Standard Frame,data frame,6,CAN,x| 02 43 15 A4 5F 02 
74092,="15:44:26.175",0xB111718,1,Rx,0x122,Standard Frame,data frame,8,CAN,x| B0 00 00 02 13 00 00 00 
74093,="15:44:26.177",0xB111844,1,Rx,0x310,Standard Frame,data frame,8,CAN,x| 01 3D 00 00 00 00 08 00 
74094,="15:44:26.177",0xB11190C,1,Rx,0x318,Standard Frame,data frame,8,CAN,x| 01 41 FF 00 00 00 10 80 
74095,="15:44:26.177",0xB111BC8,1,Rx,0x13F,Standard Frame,data frame,8,CAN,x| 00 12 C0 00 00 00 00 00 
74096,="15:44:26.183",0xB11352C,1,Rx,0x7E0,Standard Frame,data frame,8,CAN,x| 02 21 00 00 00 00 00 00 
74097,="15:44:26.185",0xB113E8C,1,Rx,0x124,Standard Frame,data frame,8,CAN,x| 68 12 C0 1D 88 13 23 00 
74098,="15:44:26.187",0xB113F54,1,Rx,0x120,Standard Frame,data frame,6,CAN,x| 02 43 16 A4 5F 03 
74099,="15:44:26.187",0xB11401C,1,Rx,0x122,Standard Frame,data frame,8,CAN,x| B0 00 00 03 13 00 00 00 
74100,="15:44:26.195",0xB115E30,1,Rx,0x7E8,Standard Frame,data frame,8,CAN,x| 10 D2 61 00 FF FF FF FF 
74101,="15:44:26.195",0xB115F5C,1,Rx,0x7E0,Standard Frame,data frame,8,CAN,x| 30 00 00 00 00 00 00 00 
74102,="15:44:26.195",0xB116344,1,Rx,0x7E8,Standard Frame,data frame,8,CAN,x| 21 FF FF FF FF FF FF FF 
74103,="15:44:26.197",0xB116600,1,Rx,0x124,Standard Frame,data frame,8,CAN,x| 68 12 C0 1D 88 11 20 00 
74104,="15:44:26.197",0xB1166C8,1,Rx,0x120,Standard Frame,data frame,6,CAN,x| 02 43 16 A4 61 00 
74105,="15:44:26.197",0xB1167F4,1,Rx,0x122,Standard Frame,data frame,8,CAN,x| B0 00 00 00 11 00 00 00 
74106,="15:44:26.197",0xB116AB0,1,Rx,0x7E8,Standard Frame,data frame,8,CAN,x| 22 FF FF FF FF 01 FF 80 
74107,="15:44:26.197",0xB116C40,1,Rx,0x13F,Standard Frame,data frame,8,CAN,x| 00 12 C0 00 00 00 00 00 
74108,="15:44:26.199",0xB117280,1,Rx,0x7E8,Standard Frame,data frame,8,CAN,x| 23 80 FF FF 80 FF 09 B6 
74109,="15:44:26.201",0xB117A50,1,Rx,0x7E8,Standard Frame,data frame,8,CAN,x| 24 FF FF DA FF FF FF FF 
74110,="15:44:26.203",0xB1182E8,1,Rx,0x7E8,Standard Frame,data frame,8,CAN,x| 25 FF FF 24 12 C0 BF FF 
74111,="15:44:26.205",0xB1189F0,1,Rx,0x7E8,Standard Frame,data frame,8,CAN,x| 26 FF 00 15 3D 1C 64 00 
74112,="15:44:26.207",0xB118D74,1,Rx,0x124,Standard Frame,data frame,8,CAN,x| 68 12 C0 1D 88 12 21 00 
74113,="15:44:26.207",0xB118E3C,1,Rx,0x120,Standard Frame,data frame,6,CAN,x| 02 43 16 A4 62 01 
74114,="15:44:26.207",0xB118F04,1,Rx,0x122,Standard Frame,data frame,8,CAN,x| B0 00 00 01 12 00 00 00 
74115,="15:44:26.207",0xB1191C0,1,Rx,0x7E8,Standard Frame,data frame,8,CAN,x| 27 FF FF 00 80 FF FF FF 
74116,="15:44:26.209",0xB119990,1,Rx,0x7E8,Standard Frame,data frame,8,CAN,x| 28 FF FF FF FF FF FB 27 
74117,="15:44:26.211",0xB11A160,1,Rx,0x7E8,Standard Frame,data frame,8,CAN,x| 29 00 00 00 00 08 33 FF 
74118,="15:44:26.213",0xB11A930,1,Rx,0x7E8,Standard Frame,data frame,8,CAN,x| 2A FF FF FF FF FF FF FF 
74119,="15:44:26.215",0xB11B100,1,Rx,0x7E8,Standard Frame,data frame,8,CAN,x| 2B 5B 5B FF FF FF FF FF 
74120,="15:44:26.215",0xB11B1C8,1,Rx,0x120,Standard Frame,data frame,6,CAN,x| 02 43 11 A4 60 02 
74121,="15:44:26.215",0xB11B2F4,1,Rx,0x124,Standard Frame,data frame,8,CAN,x| 68 12 C0 1D 88 12 22 00 
74122,="15:44:26.217",0xB11B3BC,1,Rx,0x122,Standard Frame,data frame,8,CAN,x| B0 00 00 02 12 00 00 00 
74123,="15:44:26.217",0xB11B6DC,1,Rx,0x13F,Standard Frame,data frame,8,CAN,x| 00 12 C0 00 00 00 00 00 
74124,="15:44:26.217",0xB11B8D0,1,Rx,0x7E8,Standard Frame,data frame,8,CAN,x| 2C FF FF FF FF FF FF FF 
74125,="15:44:26.219",0xB11C0A0,1,Rx,0x7E8,Standard Frame,data frame,8,CAN,x| 2D FF FF FF FF FF FF FF 
74126,="15:44:26.221",0xB11C870,1,Rx,0x7E8,Standard Frame,data frame,8,CAN,x| 2E FF FF 2E C0 FF FF FF 
74127,="15:44:26.223",0xB11D040,1,Rx,0x7E8,Standard Frame,data frame,8,CAN,x| 2F FF FF FF FF FF FF FF 
74128,="15:44:26.225",0xB11D810,1,Rx,0x7E8,Standard Frame,data frame,8,CAN,x| 20 FF FF FF FF FF FF C1 
74129,="15:44:26.225",0xB11D8D8,1,Rx,0x120,Standard Frame,data frame,6,CAN,x| 02 43 11 A4 60 03 
74130,="15:44:26.225",0xB11D9A0,1,Rx,0x124,Standard Frame,data frame,8,CAN,x| 68 12 C0 1D 88 12 23 00 
74131,="15:44:26.227",0xB11DACC,1,Rx,0x122,Standard Frame,data frame,8,CAN,x| B0 00 00 03 12 00 00 00 
74132,="15:44:26.227",0xB11DFE0,1,Rx,0x7E8,Standard Frame,data frame,8,CAN,x| 21 FF FF FF FF 8C 53 00 
74133,="15:44:26.229",0xB11E7B0,1,Rx,0x7E8,Standard Frame,data frame,8,CAN,x| 22 00 00 FF 01 FF FF FF 
74134,="15:44:26.231",0xB11EF80,1,Rx,0x7E8,Standard Frame,data frame,8,CAN,x| 23 FF FF 08 04 FF FF 02 
74135,="15:44:26.233",0xB11F750,1,Rx,0x7E8,Standard Frame,data frame,8,CAN,x| 24 00 FF FF FF FF FF FF 
74136,="15:44:26.235",0xB11FF20,1,Rx,0x7E8,Standard Frame,data frame,8,CAN,x| 25 FF FF FF FF FF FF FF 
74137,="15:44:26.235",0xB120178,1,Rx,0x124,Standard Frame,data frame,8,CAN,x| 68 12 C0 1D 88 12 20 00 
74138,="15:44:26.237",0xB120240,1,Rx,0x120,Standard Frame,data frame,6,CAN,x| 02 43 10 A4 60 00 
74139,="15:44:26.237",0xB12036C,1,Rx,0x122,Standard Frame,data frame,8,CAN,x| B0 00 00 00 12 00 00 00 
74140,="15:44:26.237",0xB1206F0,1,Rx,0x7E8,Standard Frame,data frame,8,CAN,x| 26 FF FF FF FF FF FF FF 
74141,="15:44:26.237",0xB1207B8,1,Rx,0x13F,Standard Frame,data frame,8,CAN,x| 00 12 C0 00 00 00 00 00 
74142,="15:44:26.239",0xB120EC0,1,Rx,0x7E8,Standard Frame,data frame,8,CAN,x| 27 FF FF FF FF FF FF FF 
74143,="15:44:26.241",0xB121690,1,Rx,0x7E8,Standard Frame,data frame,8,CAN,x| 28 FF FF FF FF FF FF FF 
74144,="15:44:26.243",0xB121E60,1,Rx,0x7E8,Standard Frame,data frame,8,CAN,x| 29 FF FF FF FF 01 FF FF 
74145,="15:44:26.245",0xB122630,1,Rx,0x7E8,Standard Frame,data frame,8,CAN,x| 2A FF FF FF FF FF FF FF 
74146,="15:44:26.245",0xB1226F8,1,Rx,0x120,Standard Frame,data frame,6,CAN,x| 02 43 10 A4 61 01 
74147,="15:44:26.245",0xB1227C0,1,Rx,0x124,Standard Frame,data frame,8,CAN,x| 68 12 C0 1D 88 0B 21 00 
74148,="15:44:26.247",0xB1228EC,1,Rx,0x122,Standard Frame,data frame,8,CAN,x| B0 00 00 01 0B 00 00 00 
74149,="15:44:26.247",0xB122D9C,1,Rx,0x314,Standard Frame,data frame,8,CAN,x| 00 00 00 00 00 00 9E 01 
74150,="15:44:26.247",0xB122E64,1,Rx,0x500,Standard Frame,data frame,8,CAN,x| 75 01 00 3F 3F 3F 3F 3F 
74151,="15:44:26.247",0xB122F90,1,Rx,0x32E,Standard Frame,data frame,8,CAN,x| 00 00 00 01 64 00 00 00 
74152,="15:44:26.249",0xB123058,1,Rx,0x7E8,Standard Frame,data frame,8,CAN,x| 2B FF FF FF FF FF FF FF 
74153,="15:44:26.249",0xB1235D0,1,Rx,0x7E8,Standard Frame,data frame,8,CAN,x| 2C FF FF FF FF FF FF FF 
74154,="15:44:26.251",0xB123DA0,1,Rx,0x7E8,Standard Frame,data frame,8,CAN,x| 2D FF FF FF FF FF FF FF 
74155,="15:44:26.253",0xB124638,1,Rx,0x7E8,Standard Frame,data frame,8,CAN,x| 2E FF 00 00 00 00 00 00 
74156,="15:44:26.257",0xB125060,1,Rx,0x124,Standard Frame,data frame,8,CAN,x| 68 12 C0 1D 88 12 22 00 
74157,="15:44:26.257",0xB125128,1,Rx,0x120,Standard Frame,data frame,6,CAN,x| 02 43 10 A4 63 02 
74158,="15:44:26.257",0xB125254,1,Rx,0x122,Standard Frame,data frame,8,CAN,x| B0 00 00 02 12 00 00 00 
74159,="15:44:26.257",0xB1255D8,1,Rx,0x13F,Standard Frame,data frame,8,CAN,x| 00 12 C0 00 00 00 00 00 
74160,="15:44:26.265",0xB1274B4,1,Rx,0x124,Standard Frame,data frame,8,CAN,x| 68 12 C0 1D 88 12 23 00 
74161,="15:44:26.265",0xB12757C,1,Rx,0x120,Standard Frame,data frame,6,CAN,x| 02 43 0D A4 61 03 
74162,="15:44:26.265",0xB127644,1,Rx,0x122,Standard Frame,data frame,8,CAN,x| B0 00 00 03 12 00 00 00 
74163,="15:44:26.275",0xB129BC4,1,Rx,0x124,Standard Frame,data frame,8,CAN,x| 68 12 C0 1D 88 12 20 00 
74164,="15:44:26.275",0xB129C8C,1,Rx,0x120,Standard Frame,data frame,6,CAN,x| 02 43 0D A4 62 00 
74165,="15:44:26.275",0xB129D54,1,Rx,0x122,Standard Frame,data frame,8,CAN,x| B0 00 00 00 12 00 00 00 
74166,="15:44:26.277",0xB129E80,1,Rx,0x310,Standard Frame,data frame,8,CAN,x| 01 3D 00 00 00 00 08 00 
74167,="15:44:26.277",0xB129F48,1,Rx,0x318,Standard Frame,data frame,8,CAN,x| 01 41 FF 00 00 00 10 80 
74168,="15:44:26.277",0xB12A330,1,Rx,0x13F,Standard Frame,data frame,8,CAN,x| 00 12 C0 00 00 00 00 00 
74169,="15:44:26.283",0xB12BB04,1,Rx,0x7E0,Standard Frame,data frame,8,CAN,x| 02 21 00 00 00 00 00 00 
74170,="15:44:26.285",0xB12C464,1,Rx,0x124,Standard Frame,data frame,8,CAN,x| 68 12 C0 1D 88 12 21 00 
74171,="15:44:26.287",0xB12C52C,1,Rx,0x120,Standard Frame,data frame,6,CAN,x| 02 43 0F A4 62 01 
74172,="15:44:26.287",0xB12C658,1,Rx,0x122,Standard Frame,data frame,8,CAN,x| B0 00 00 01 12 00 00 00 
74173,="15:44:26.295",0xB12E46C,1,Rx,0x7E8,Standard Frame,data frame,8,CAN,x| 10 D2 61 00 FF FF FF FF 
74174,="15:44:26.295",0xB12E598,1,Rx,0x7E0,Standard Frame,data frame,8,CAN,x| 30 00 00 00 00 00 00 00 
74175,="15:44:26.295",0xB12E91C,1,Rx,0x7E8,Standard Frame,data frame,8,CAN,x| 21 FF FF FF FF FF FF FF 
74176,="15:44:26.297",0xB12EC3C,1,Rx,0x124,Standard Frame,data frame,8,CAN,x| 68 12 C0 1D 88 10 22 00 
74177,="15:44:26.297",0xB12ED04,1,Rx,0x120,Standard Frame,data frame,6,CAN,x| 02 43 0F A4 62 02 
74178,="15:44:26.297",0xB12EE30,1,Rx,0x122,Standard Frame,data frame,8,CAN,x| B0 00 00 02 10 00 00 00 
74179,="15:44:26.297",0xB12F0EC,1,Rx,0x7E8,Standard Frame,data frame,8,CAN,x| 22 FF FF FF FF 01 FF 80 
74180,="15:44:26.297",0xB12F218,1,Rx,0x13F,Standard Frame,data frame,8,CAN,x| 00 12 C0 00 00 00 00 00 
74181,="15:44:26.299",0xB12F8BC,1,Rx,0x7E8,Standard Frame,data frame,8,CAN,x| 23 80 FF FF 80 FF 08 A6 
74182,="15:44:26.301",0xB13008C,1,Rx,0x7E8,Standard Frame,data frame,8,CAN,x| 24 FF FF DA FF FF FF FF 
74183,="15:44:26.303",0xB130924,1,Rx,0x7E8,Standard Frame,data frame,8,CAN,x| 25 FF FF 20 12 C0 BF FF 
74184,="15:44:26.305",0xB13102C,1,Rx,0x7E8,Standard Frame,data frame,8,CAN,x| 26 FF 00 14 3E 1D 64 00 
74185,="15:44:26.307",0xB1313B0,1,Rx,0x124,Standard Frame,data frame,8,CAN,x| 68 12 C0 1D 88 12 23 00 
74186,="15:44:26.307",0xB131478,1,Rx,0x120,Standard Frame,data frame,6,CAN,x| 02 43 0F A4 64 03 
74187,="15:44:26.307",0xB131540,1,Rx,0x122,Standard Frame,data frame,8,CAN,x| B0 00 00 03 12 00 00 00 
74188,="15:44:26.307",0xB1317FC,1,Rx,0x7E8,Standard Frame,data frame,8,CAN,x| 27 FF FF 00 80 FF FF FF 
74189,="15:44:26.309",0xB131FCC,1,Rx,0x7E8,Standard Frame,data frame,8,CAN,x| 28 FF FF FF FF FF FE 27 
74190,="15:44:26.311",0xB13279C,1,Rx,0x7E8,Standard Frame,data frame,8,CAN,x| 29 00 00 00 00 08 34 FF 
74191,="15:44:26.313",0xB132F6C,1,Rx,0x7E8,Standard Frame,data frame,8,CAN,x| 2A FF FF FF FF FF FF FF 
74192,="15:44:26.315",0xB13373C,1,Rx,0x7E8,Standard Frame,data frame,8,CAN,x| 2B 5B 5B FF FF FF FF FF 
74193,="15:44:26.315",0xB133804,1,Rx,0x120,Standard Frame,data frame,6,CAN,x| 02 43 0C A4 60 00 
74194,="15:44:26.315",0xB1338CC,1,Rx,0x124,Standard Frame,data frame,8,CAN,x| 68 12 C0 1D 88 12 20 00 
74195,="15:44:26.317",0xB1339F8,1,Rx,0x122,Standard Frame,data frame,8,CAN,x| B0 00 00 00 12 00 00 00 
74196,="15:44:26.317",0xB133DE0,1,Rx,0x13F,Standard Frame,data frame,8,CAN,x| 00 12 C0 00 00 00 00 00 
74197,="15:44:26.317",0xB133F0C,1,Rx,0x7E8,Standard Frame,data frame,8,CAN,x| 2C FF FF FF FF FF FF FF 
74198,="15:44:26.319",0xB1346DC,1,Rx,0x7E8,Standard Frame,data frame,8,CAN,x| 2D FF FF FF FF FF FF FF 
74199,="15:44:26.321",0xB134EAC,1,Rx,0x7E8,Standard Frame,data frame,8,CAN,x| 2E FF FF 2E 62 FF FF FF 
74200,="15:44:26.323",0xB13567C,1,Rx,0x7E8,Standard Frame,data frame,8,CAN,x| 2F FF FF FF FF FF FF FF 
74201,="15:44:26.325",0xB135E4C,1,Rx,0x7E8,Standard Frame,data frame,8,CAN,x| 20 FF FF FF FF FF FF C1 
74202,="15:44:26.325",0xB135F14,1,Rx,0x120,Standard Frame,data frame,6,CAN,x| 02 43 0C A4 61 01 
74203,="15:44:26.325",0xB135FDC,1,Rx,0x124,Standard Frame,data frame,8,CAN,x| 68 12 C0 1D 88 12 21 00 
74204,="15:44:26.327",0xB136108,1,Rx,0x122,Standard Frame,data frame,8,CAN,x| B0 00 00 01 12 00 00 00 
74205,="15:44:26.327",0xB13661C,1,Rx,0x7E8,Standard Frame,data frame,8,CAN,x| 21 FF FF FF FF 8C 53 00 
74206,="15:44:26.329",0xB136DEC,1,Rx,0x7E8,Standard Frame,data frame,8,CAN,x| 22 00 00 FF 01 FF FF FF 
74207,="15:44:26.331",0xB1375BC,1,Rx,0x7E8,Standard Frame,data frame,8,CAN,x| 23 FF FF 08 04 FF FF 02 
74208,="15:44:26.333",0xB137D8C,1,Rx,0x7E8,Standard Frame,data frame,8,CAN,x| 24 00 FF FF FF FF FF FF 
74209,="15:44:26.335",0xB13855C,1,Rx,0x7E8,Standard Frame,data frame,8,CAN,x| 25 FF FF FF FF FF FF FF 
74210,="15:44:26.337",0xB1387B4,1,Rx,0x124,Standard Frame,data frame,8,CAN,x| 68 12 C0 1D 88 12 22 00 
74211,="15:44:26.337",0xB13887C,1,Rx,0x120,Standard Frame,data frame,6,CAN,x| 02 43 11 A4 61 02 
74212,="15:44:26.337",0xB1389A8,1,Rx,0x122,Standard Frame,data frame,8,CAN,x| B0 00 00 02 12 00 00 00 
74213,="15:44:26.337",0xB138D2C,1,Rx,0x7E8,Standard Frame,data frame,8,CAN,x| 26 FF FF FF FF FF FF FF 
74214,="15:44:26.337",0xB138DF4,1,Rx,0x13F,Standard Frame,data frame,8,CAN,x| 00 12 C0 00 00 00 00 00 
74215,="15:44:26.339",0xB1394FC,1,Rx,0x7E8,Standard Frame,data frame,8,CAN,x| 27 FF FF FF FF FF FF FF 
74216,="15:44:26.341",0xB139CCC,1,Rx,0x7E8,Standard Frame,data frame,8,CAN,x| 28 FF FF FF FF FF FF FF 
74217,="15:44:26.343",0xB13A49C,1,Rx,0x7E8,Standard Frame,data frame,8,CAN,x| 29 FF FF FF FF 01 FF FF 
74218,="15:44:26.345",0xB13AC6C,1,Rx,0x7E8,Standard Frame,data frame,8,CAN,x| 2A FF FF FF FF FF FF FF 
74219,="15:44:26.345",0xB13AD34,1,Rx,0x120,Standard Frame,data frame,6,CAN,x| 02 43 11 A4 61 03 
74220,="15:44:26.345",0xB13ADFC,1,Rx,0x124,Standard Frame,data frame,8,CAN,x| 68 12 C0 1D 88 0E 23 00 
74221,="15:44:26.347",0xB13AF28,1,Rx,0x122,Standard Frame,data frame,8,CAN,x| B0 00 00 03 0E 00 00 00 
74222,="15:44:26.347",0xB13B43C,1,Rx,0x7E8,Standard Frame,data frame,8,CAN,x| 2B FF FF FF FF FF FF FF 
74223,="15:44:26.347",0xB13B504,1,Rx,0x314,Standard Frame,data frame,8,CAN,x| 00 00 00 00 00 00 93 01 
74224,="15:44:26.347",0xB13B630,1,Rx,0x32E,Standard Frame,data frame,8,CAN,x| 00 00 00 02 64 00 00 00 
74225,="15:44:26.349",0xB13BC0C,1,Rx,0x7E8,Standard Frame,data frame,8,CAN,x| 2C FF FF FF FF FF FF FF 
74226,="15:44:26.351",0xB13C3DC,1,Rx,0x7E8,Standard Frame,data frame,8,CAN,x| 2D FF FF FF FF FF FF FF 
74227,="15:44:26.353",0xB13CC10,1,Rx,0x7E8,Standard Frame,data frame,8,CAN,x| 2E FF 00 00 00 00 00 00 
74228,="15:44:26.357",0xB13D69C,1,Rx,0x124,Standard Frame,data frame,8,CAN,x| 68 12 C0 1D 88 13 20 00 
74229,="15:44:26.357",0xB13D764,1,Rx,0x120,Standard Frame,data frame,6,CAN,x| 02 43 11 A4 62 00 
74230,="15:44:26.357",0xB13D82C,1,Rx,0x122,Standard Frame,data frame,8,CAN,x| B0 00 00 00 13 00 00 00 
74231,="15:44:26.357",0xB13DCDC,1,Rx,0x13F,Standard Frame,data frame,8,CAN,x| 00 12 C0 00 00 00 00 00 
74232,="15:44:26.365",0xB13FAF0,1,Rx,0x124,Standard Frame,data frame,8,CAN,x| 68 12 C0 1D 88 13 21 00 
74233,="15:44:26.365",0xB13FBB8,1,Rx,0x120,Standard Frame,data frame,6,CAN,x| 02 43 10 A4 5F 01 
74234,="15:44:26.365",0xB13FC80,1,Rx,0x122,Standard Frame,data frame,8,CAN,x| B0 00 00 01 13 00 00 00 
74235,="15:44:26.375",0xB14219C,1,Rx,0x124,Standard Frame,data frame,8,CAN,x| 68 12 C0 1D 88 13 22 00 
74236,="15:44:26.375",0xB142264,1,Rx,0x120,Standard Frame,data frame,6,CAN,x| 02 43 10 A4 5E 02 
74237,="15:44:26.375",0xB142390,1,Rx,0x122,Standard Frame,data frame,8,CAN,x| B0 00 00 02 13 00 00 00 
74238,="15:44:26.377",0xB142458,1,Rx,0x310,Standard Frame,data frame,8,CAN,x| 01 3D 00 00 00 00 08 00 
74239,="15:44:26.377",0xB142584,1,Rx,0x318,Standard Frame,data frame,8,CAN,x| 01 41 FF 00 00 00 10 80 
74240,="15:44:26.377",0xB142840,1,Rx,0x13F,Standard Frame,data frame,8,CAN,x| 00 12 C0 00 00 00 00 00 
74241,="15:44:26.383",0xB144078,1,Rx,0x7E0,Standard Frame,data frame,8,CAN,x| 02 21 00 00 00 00 00 00 
74242,="15:44:26.387",0xB144AA0,1,Rx,0x124,Standard Frame,data frame,8,CAN,x| 68 12 C0 1D 88 13 23 00 
74243,="15:44:26.387",0xB144B68,1,Rx,0x120,Standard Frame,data frame,6,CAN,x| 02 43 15 A4 5E 03 
74244,="15:44:26.387",0xB144C94,1,Rx,0x122,Standard Frame,data frame,8,CAN,x| B0 00 00 03 13 00 00 00 
74245,="15:44:26.395",0xB146AA8,1,Rx,0x7E8,Standard Frame,data frame,8,CAN,x| 10 D2 61 00 FF FF FF FF 
74246,="15:44:26.395",0xB146BD4,1,Rx,0x7E0,Standard Frame,data frame,8,CAN,x| 30 00 00 00 00 00 00 00 
74247,="15:44:26.395",0xB146F58,1,Rx,0x7E8,Standard Frame,data frame,8,CAN,x| 21 FF FF FF FF FF FF FF 
74248,="15:44:26.397",0xB147278,1,Rx,0x124,Standard Frame,data frame,8,CAN,x| 68 12 C0 1D 88 11 20 00 
74249,="15:44:26.397",0xB147340,1,Rx,0x120,Standard Frame,data frame,6,CAN,x| 02 43 15 A4 5E 00 
74250,="15:44:26.397",0xB14746C,1,Rx,0x122,Standard Frame,data frame,8,CAN,x| B0 00 00 00 11 00 00 00 
74251,="15:44:26.397",0xB147728,1,Rx,0x7E8,Standard Frame,data frame,8,CAN,x| 22 FF FF FF FF 01 FF 80 
74252,="15:44:26.397",0xB1478B8,1,Rx,0x13F,Standard Frame,data frame,8,CAN,x| 00 12 C0 00 00 00 00 00 
74253,="15:44:26.399",0xB147EF8,1,Rx,0x7E8,Standard Frame,data frame,8,CAN,x| 23 80 FF FF 80 FF 08 E6 
74254,="15:44:26.401",0xB1486C8,1,Rx,0x7E8,Standard Frame,data frame,8,CAN,x| 24 FF FF DA FF FF FF FF 
74255,="15:44:26.403",0xB148F60,1,Rx,0x7E8,Standard Frame,data frame,8,CAN,x| 25 FF FF 22 12 C0 BF FF 
74256,="15:44:26.405",0xB149668,1,Rx,0x7E8,Standard Frame,data frame,8,CAN,x| 26 FF 00 15 3D 1C 64 00 
74257,="15:44:26.407",0xB1499EC,1,Rx,0x124,Standard Frame,data frame,8,CAN,x| 68 12 C0 1D 88 13 21 00 
74258,="15:44:26.407",0xB149A50,1,Rx,0x120,Standard Frame,data frame,6,CAN,x| 02 43 15 A4 5E 01 
74259,="15:44:26.407",0xB149B7C,1,Rx,0x122,Standard Frame,data frame,8,CAN,x| B0 00 00 01 13 00 00 00 
74260,="15:44:26.407",0xB149E38,1,Rx,0x7E8,Standard Frame,data frame,8,CAN,x| 27 FF FF 00 80 FF FF FF 
74261,="15:44:26.408",0xB14A608,1,Rx,0x7E8,Standard Frame,data frame,8,CAN,x| 28 FF FF FF FF FF FF 27 
74262,="15:44:26.411",0xB14ADD8,1,Rx,0x7E8,Standard Frame,data frame,8,CAN,x| 29 00 00 00 00 08 33 FF 
74263,="15:44:26.413",0xB14B5A8,1,Rx,0x7E8,Standard Frame,data frame,8,CAN,x| 2A FF FF FF FF FF FF FF 
74264,="15:44:26.414",0xB14BD78,1,Rx,0x7E8,Standard Frame,data frame,8,CAN,x| 2B 5B 5B FF FF FF FF FF 
74265,="15:44:26.414",0xB14BE40,1,Rx,0x120,Standard Frame,data frame,6,CAN,x| 02 43 13 A4 5E 02 
74266,="15:44:26.414",0xB14BF08,1,Rx,0x124,Standard Frame,data frame,8,CAN,x| 68 12 C0 1D 88 13 22 00 
74267,="15:44:26.417",0xB14C034,1,Rx,0x122,Standard Frame,data frame,8,CAN,x| B0 00 00 02 13 00 00 00 
74268,="15:44:26.417",0xB14C354,1,Rx,0x13F,Standard Frame,data frame,8,CAN,x| 00 12 C0 00 00 00 00 00 
74269,="15:44:26.417",0xB14C548,1,Rx,0x7E8,Standard Frame,data frame,8,CAN,x| 2C FF FF FF FF FF FF FF 
74270,="15:44:26.418",0xB14CD18,1,Rx,0x7E8,Standard Frame,data frame,8,CAN,x| 2D FF FF FF FF FF FF FF 
74271,="15:44:26.421",0xB14D4E8,1,Rx,0x7E8,Standard Frame,data frame,8,CAN,x| 2E FF FF 2E D7 FF FF FF 
74272,="15:44:26.422",0xB14DCB8,1,Rx,0x7E8,Standard Frame,data frame,8,CAN,x| 2F FF FF FF FF FF FF FF 
74273,="15:44:26.424",0xB14E488,1,Rx,0x7E8,Standard Frame,data frame,8,CAN,x| 20 FF FF FF FF FF FF C1 
74274,="15:44:26.424",0xB14E550,1,Rx,0x120,Standard Frame,data frame,6,CAN,x| 02 43 13 A4 5D 03 
74275,="15:44:26.424",0xB14E618,1,Rx,0x124,Standard Frame,data frame,8,CAN,x| 68 12 C0 1D 88 13 23 00 
74276,="15:44:26.427",0xB14E744,1,Rx,0x122,Standard Frame,data frame,8,CAN,x| B0 00 00 03 13 00 00 00 
74277,="15:44:26.427",0xB14EC58,1,Rx,0x7E8,Standard Frame,data frame,8,CAN,x| 21 FF FF FF FF 8C 53 00 
74278,="15:44:26.428",0xB14F428,1,Rx,0x7E8,Standard Frame,data frame,8,CAN,x| 22 00 00 FF 01 FF FF FF 
74279,="15:44:26.430",0xB14FBF8,1,Rx,0x7E8,Standard Frame,data frame,8,CAN,x| 23 FF FF 08 04 FF FF 02 
74280,="15:44:26.432",0xB1503C8,1,Rx,0x7E8,Standard Frame,data frame,8,CAN,x| 24 00 FF FF FF FF FF FF 
74281,="15:44:26.434",0xB150B98,1,Rx,0x7E8,Standard Frame,data frame,8,CAN,x| 25 FF FF FF FF FF FF FF 
74282,="15:44:26.437",0xB150DF0,1,Rx,0x124,Standard Frame,data frame,8,CAN,x| 68 12 C0 1D 88 13 20 00 
74283,="15:44:26.437",0xB150EB8,1,Rx,0x120,Standard Frame,data frame,6,CAN,x| 02 43 17 A4 5C 00 
74284,="15:44:26.437",0xB150F80,1,Rx,0x122,Standard Frame,data frame,8,CAN,x| B0 00 00 00 13 00 00 00 
74285,="15:44:26.437",0xB151368,1,Rx,0x7E8,Standard Frame,data frame,8,CAN,x| 26 FF FF FF FF FF FF FF 
74286,="15:44:26.437",0xB151430,1,Rx,0x13F,Standard Frame,data frame,8,CAN,x| 00 12 C0 00 00 00 00 00 
74287,="15:44:26.438",0xB151B38,1,Rx,0x7E8,Standard Frame,data frame,8,CAN,x| 27 FF FF FF FF FF FF FF 
74288,="15:44:26.441",0xB152308,1,Rx,0x7E8,Standard Frame,data frame,8,CAN,x| 28 FF FF FF FF FF FF FF 
74289,="15:44:26.442",0xB152AD8,1,Rx,0x7E8,Standard Frame,data frame,8,CAN,x| 29 FF FF FF FF 01 FF FF 
74290,="15:44:26.444",0xB1532A8,1,Rx,0x7E8,Standard Frame,data frame,8,CAN,x| 2A FF FF FF FF FF FF FF 
74291,="15:44:26.444",0xB153370,1,Rx,0x120,Standard Frame,data frame,6,CAN,x| 02 43 17 A4 5E 01 
74292,="15:44:26.444",0xB153438,1,Rx,0x124,Standard Frame,data frame,8,CAN,x| 68 12 C0 1D 88 0E 21 00 
74293,="15:44:26.446",0xB153500,1,Rx,0x122,Standard Frame,data frame,8,CAN,x| B0 00 00 01 0E 00 00 00 
74294,="15:44:26.446",0xB1539B0,1,Rx,0x314,Standard Frame,data frame,8,CAN,x| 00 00 00 00 00 00 AF 01 
74295,="15:44:26.446",0xB153ADC,1,Rx,0x500,Standard Frame,data frame,8,CAN,x| 75 02 3F 3F 3F 3F 3F 3F 
74296,="15:44:26.446",0xB153BA4,1,Rx,0x32E,Standard Frame,data frame,8,CAN,x| 00 00 00 03 64 00 00 00 
74297,="15:44:26.449",0xB153CD0,1,Rx,0x7E8,Standard Frame,data frame,8,CAN,x| 2B FF FF FF FF FF FF FF 
74298,="15:44:26.449",0xB154248,1,Rx,0x7E8,Standard Frame,data frame,8,CAN,x| 2C FF FF FF FF FF FF FF 
74299,="15:44:26.450",0xB154A18,1,Rx,0x7E8,Standard Frame,data frame,8,CAN,x| 2D FF FF FF FF FF FF FF 
74300,="15:44:26.452",0xB15524C,1,Rx,0x7E8,Standard Frame,data frame,8,CAN,x| 2E FF 00 00 00 00 00 00 
74301,="15:44:26.456",0xB155CD8,1,Rx,0x124,Standard Frame,data frame,8,CAN,x| 68 12 C0 1D 88 13 22 00 
74302,="15:44:26.456",0xB155DA0,1,Rx,0x120,Standard Frame,data frame,6,CAN,x| 02 43 17 A4 5E 02 
74303,="15:44:26.456",0xB155E68,1,Rx,0x122,Standard Frame,data frame,8,CAN,x| B0 00 00 02 13 00 00 00 
74304,="15:44:26.456",0xB156250,1,Rx,0x13F,Standard Frame,data frame,8,CAN,x| 00 12 C0 00 00 00 00 00 
74305,="15:44:26.464",0xB1580C8,1,Rx,0x124,Standard Frame,data frame,8,CAN,x| 68 12 C0 1D 88 13 23 00 
74306,="15:44:26.464",0xB158190,1,Rx,0x120,Standard Frame,data frame,6,CAN,x| 02 43 15 A4 5E 03 
74307,="15:44:26.466",0xB1582BC,1,Rx,0x122,Standard Frame,data frame,8,CAN,x| B0 00 00 03 13 00 00 00 
74308,="15:44:26.474",0xB15A7D8,1,Rx,0x124,Standard Frame,data frame,8,CAN,x| 68 12 C0 1D 88 13 20 00 
74309,="15:44:26.474",0xB15A8A0,1,Rx,0x120,Standard Frame,data frame,6,CAN,x| 02 43 15 A4 5E 00 
74310,="15:44:26.474",0xB15A9CC,1,Rx,0x122,Standard Frame,data frame,8,CAN,x| B0 00 00 00 13 00 00 00 
74311,="15:44:26.476",0xB15AA94,1,Rx,0x310,Standard Frame,data frame,8,CAN,x| 01 3D 00 00 00 00 08 00 
74312,="15:44:26.476",0xB15ABC0,1,Rx,0x318,Standard Frame,data frame,8,CAN,x| 01 41 FF 00 00 00 10 80 
74313,="15:44:26.476",0xB15AFA8,1,Rx,0x13F,Standard Frame,data frame,8,CAN,x| 00 12 C0 00 00 00 00 00 
74314,="15:44:26.482",0xB15C588,1,Rx,0x7E0,Standard Frame,data frame,8,CAN,x| 02 21 00 00 00 00 00 00 
74315,="15:44:26.484",0xB15C9D4,1,Rx,0x7E8,Standard Frame,data frame,8,CAN,x| 10 D2 61 00 FF FF FF FF 
74316,="15:44:26.486",0xB15D398,1,Rx,0x124,Standard Frame,data frame,8,CAN,x| 68 12 C0 1D 88 13 21 00 
74317,="15:44:26.486",0xB15D460,1,Rx,0x120,Standard Frame,data frame,6,CAN,x| 02 43 1A A4 5D 01 
74318,="15:44:26.486",0xB15D58C,1,Rx,0x122,Standard Frame,data frame,8,CAN,x| B0 00 00 01 13 00 00 00 
74319,="15:44:26.488",0xB15DA3C,1,Rx,0x7E0,Standard Frame,data frame,8,CAN,x| 30 00 00 00 00 00 00 00 
74320,="15:44:26.488",0xB15DE24,1,Rx,0x7E8,Standard Frame,data frame,8,CAN,x| 21 FF FF FF FF FF FF FF 
74321,="15:44:26.490",0xB15E5F4,1,Rx,0x7E8,Standard Frame,data frame,8,CAN,x| 22 FF FF FF FF 01 FF 80 
74322,="15:44:26.492",0xB15EDC4,1,Rx,0x7E8,Standard Frame,data frame,8,CAN,x| 23 80 FF FF 80 FF 09 E6 
74323,="15:44:26.494",0xB15F594,1,Rx,0x7E8,Standard Frame,data frame,8,CAN,x| 24 FF FF CE FF FF FF FF 
74324,="15:44:26.494",0xB15F65C,1,Rx,0x120,Standard Frame,data frame,6,CAN,x| 02 43 1A A4 5F 02 
74325,="15:44:26.494",0xB15F724,1,Rx,0x124,Standard Frame,data frame,8,CAN,x| 68 12 C0 1D 88 0E 22 00 
74326,="15:44:26.496",0xB15F850,1,Rx,0x122,Standard Frame,data frame,8,CAN,x| B0 00 00 02 0E 00 00 00 
74327,="15:44:26.496",0xB15FB70,1,Rx,0x13F,Standard Frame,data frame,8,CAN,x| 00 12 C0 00 00 00 00 00 
74328,="15:44:26.496",0xB15FD64,1,Rx,0x7E8,Standard Frame,data frame,8,CAN,x| 25 FF FF 24 12 C0 BF FF 
74329,="15:44:26.498",0xB160534,1,Rx,0x7E8,Standard Frame,data frame,8,CAN,x| 26 FF 00 15 3D 1C 64 00 
74330,="15:44:26.500",0xB160D04,1,Rx,0x7E8,Standard Frame,data frame,8,CAN,x| 27 FF FF 00 80 FF FF FF 
74331,="15:44:26.502",0xB16159C,1,Rx,0x7E8,Standard Frame,data frame,8,CAN,x| 28 FF FF FF FF FF FB 30 
74332,="15:44:26.504",0xB161CA4,1,Rx,0x7E8,Standard Frame,data frame,8,CAN,x| 29 00 00 00 00 13 31 FF 
74333,="15:44:26.506",0xB162028,1,Rx,0x124,Standard Frame,data frame,8,CAN,x| 68 12 C0 1D 88 14 23 00 
74334,="15:44:26.506",0xB1620F0,1,Rx,0x120,Standard Frame,data frame,6,CAN,x| 02 43 1A A4 5F 03 
74335,="15:44:26.506",0xB1621B8,1,Rx,0x122,Standard Frame,data frame,8,CAN,x| B0 00 00 03 14 00 00 00 
74336,="15:44:26.506",0xB162474,1,Rx,0x7E8,Standard Frame,data frame,8,CAN,x| 2A FF FF FF FF FF FF FF 
74337,="15:44:26.508",0xB162C44,1,Rx,0x7E8,Standard Frame,data frame,8,CAN,x| 2B 5B 5B FF FF FF FF FF 
74338,="15:44:26.510",0xB163414,1,Rx,0x7E8,Standard Frame,data frame,8,CAN,x| 2C FF FF FF FF FF FF FF 
74339,="15:44:26.512",0xB163BE4,1,Rx,0x7E8,Standard Frame,data frame,8,CAN,x| 2D FF FF FF FF FF FF FF 
74340,="15:44:26.514",0xB1643B4,1,Rx,0x7E8,Standard Frame,data frame,8,CAN,x| 2E FF FF 2E D7 FF FF FF 
74341,="15:44:26.514",0xB16447C,1,Rx,0x120,Standard Frame,data frame,6,CAN,x| 02 43 18 A4 5E 00 
74342,="15:44:26.516",0xB164544,1,Rx,0x124,Standard Frame,data frame,8,CAN,x| 68 12 C0 1D 88 14 20 00 
74343,="15:44:26.516",0xB164670,1,Rx,0x122,Standard Frame,data frame,8,CAN,x| B0 00 00 00 14 00 00 00 
74344,="15:44:26.516",0xB1649F4,1,Rx,0x13F,Standard Frame,data frame,8,CAN,x| 00 12 C0 00 00 00 00 00 
74345,="15:44:26.516",0xB164B84,1,Rx,0x7E8,Standard Frame,data frame,8,CAN,x| 2F FF FF FF FF FF FF FF 
74346,="15:44:26.518",0xB165354,1,Rx,0x7E8,Standard Frame,data frame,8,CAN,x| 20 FF FF FF FF FF FF C1 
74347,="15:44:26.520",0xB165B24,1,Rx,0x7E8,Standard Frame,data frame,8,CAN,x| 21 FF FF FF FF 8C 53 00 
74348,="15:44:26.522",0xB1662F4,1,Rx,0x7E8,Standard Frame,data frame,8,CAN,x| 22 00 00 FF 01 FF FF FF 
74349,="15:44:26.524",0xB166AC4,1,Rx,0x7E8,Standard Frame,data frame,8,CAN,x| 23 FF FF 08 04 FF FF 02 
74350,="15:44:26.524",0xB166B8C,1,Rx,0x120,Standard Frame,data frame,6,CAN,x| 02 43 18 A4 5D 01 
74351,="15:44:26.524",0xB166C54,1,Rx,0x124,Standard Frame,data frame,8,CAN,x| 68 12 C0 1D 88 14 21 00 
74352,="15:44:26.526",0xB166D80,1,Rx,0x122,Standard Frame,data frame,8,CAN,x| B0 00 00 01 14 00 00 00 
74353,="15:44:26.526",0xB167294,1,Rx,0x7E8,Standard Frame,data frame,8,CAN,x| 24 00 FF FF FF FF FF FF 
74354,="15:44:26.528",0xB167A64,1,Rx,0x7E8,Standard Frame,data frame,8,CAN,x| 25 FF FF FF FF FF FF FF 
74355,="15:44:26.530",0xB168234,1,Rx,0x7E8,Standard Frame,data frame,8,CAN,x| 26 FF FF FF FF FF FF FF 
74356,="15:44:26.532",0xB168A04,1,Rx,0x7E8,Standard Frame,data frame,8,CAN,x| 27 FF FF FF FF FF FF FF 
74357,="15:44:26.534",0xB1691D4,1,Rx,0x7E8,Standard Frame,data frame,8,CAN,x| 28 FF FF FF FF FF FF FF 
74358,="15:44:26.536",0xB16942C,1,Rx,0x124,Standard Frame,data frame,8,CAN,x| 68 12 C0 1D 88 14 22 00 
74359,="15:44:26.536",0xB1694F4,1,Rx,0x120,Standard Frame,data frame,6,CAN,x| 02 43 1B A4 5C 02 
74360,="15:44:26.536",0xB1695BC,1,Rx,0x122,Standard Frame,data frame,8,CAN,x| B0 00 00 02 14 00 00 00 
74361,="15:44:26.536",0xB169940,1,Rx,0x13F,Standard Frame,data frame,8,CAN,x| 00 12 C0 00 00 00 00 00 
74362,="15:44:26.536",0xB169A6C,1,Rx,0x7E8,Standard Frame,data frame,8,CAN,x| 29 FF FF FF FF 01 FF FF 
74363,="15:44:26.538",0xB16A174,1,Rx,0x7E8,Standard Frame,data frame,8,CAN,x| 2A FF FF FF FF FF FF FF 
74364,="15:44:26.540",0xB16A944,1,Rx,0x7E8,Standard Frame,data frame,8,CAN,x| 2B FF FF FF FF FF FF FF 
74365,="15:44:26.542",0xB16B114,1,Rx,0x7E8,Standard Frame,data frame,8,CAN,x| 2C FF FF FF FF FF FF FF 
74366,="15:44:26.544",0xB16B8E4,1,Rx,0x7E8,Standard Frame,data frame,8,CAN,x| 2D FF FF FF FF FF FF FF 
74367,="15:44:26.544",0xB16B9AC,1,Rx,0x120,Standard Frame,data frame,6,CAN,x| 02 43 1C A4 5F 03 
74368,="15:44:26.546",0xB16BA74,1,Rx,0x124,Standard Frame,data frame,8,CAN,x| 68 12 C0 1D 88 0E 23 00 
74369,="15:44:26.546",0xB16BB3C,1,Rx,0x122,Standard Frame,data frame,8,CAN,x| B0 00 00 03 0E 00 00 00 
74370,="15:44:26.546",0xB16C050,1,Rx,0x7E8,Standard Frame,data frame,8,CAN,x| 2E FF 00 00 00 00 00 00 
74371,="15:44:26.546",0xB16C17C,1,Rx,0x314,Standard Frame,data frame,8,CAN,x| 00 00 00 00 00 00 C0 01 
74372,="15:44:26.548",0xB16C2A8,1,Rx,0x32E,Standard Frame,data frame,8,CAN,x| 00 00 00 00 64 00 00 00 
74373,="15:44:26.556",0xB16E314,1,Rx,0x124,Standard Frame,data frame,8,CAN,x| 68 12 C0 1D 88 14 20 00 
74374,="15:44:26.556",0xB16E3DC,1,Rx,0x120,Standard Frame,data frame,6,CAN,x| 02 43 1C A4 5F 00 
74375,="15:44:26.556",0xB16E4A4,1,Rx,0x122,Standard Frame,data frame,8,CAN,x| B0 00 00 00 14 00 00 00 
74376,="15:44:26.556",0xB16E8F0,1,Rx,0x13F,Standard Frame,data frame,8,CAN,x| 00 12 C0 00 00 00 00 00 
74377,="15:44:26.564",0xB170704,1,Rx,0x124,Standard Frame,data frame,8,CAN,x| 68 12 C0 1D 88 14 21 00 
74378,="15:44:26.564",0xB1707CC,1,Rx,0x120,Standard Frame,data frame,6,CAN,x| 02 43 18 A4 5E 01 
74379,="15:44:26.566",0xB1708F8,1,Rx,0x122,Standard Frame,data frame,8,CAN,x| B0 00 00 01 14 00 00 00 
74380,="15:44:26.574",0xB172E14,1,Rx,0x124,Standard Frame,data frame,8,CAN,x| 68 12 C0 1D 88 14 22 00 
74381,="15:44:26.574",0xB172EDC,1,Rx,0x120,Standard Frame,data frame,6,CAN,x| 02 43 18 A4 5D 02 
74382,="15:44:26.576",0xB173008,1,Rx,0x122,Standard Frame,data frame,8,CAN,x| B0 00 00 02 14 00 00 00 
74383,="15:44:26.576",0xB1730D0,1,Rx,0x310,Standard Frame,data frame,8,CAN,x| 01 3D 00 00 00 00 08 00 
74384,="15:44:26.576",0xB1731FC,1,Rx,0x318,Standard Frame,data frame,8,CAN,x| 01 41 FF 00 00 00 10 80 
74385,="15:44:26.576",0xB1734B8,1,Rx,0x13F,Standard Frame,data frame,8,CAN,x| 00 12 C0 00 00 00 00 00 
74386,="15:44:26.586",0xB175718,1,Rx,0x124,Standard Frame,data frame,8,CAN,x| 68 12 C0 1D 88 14 23 00 
74387,="15:44:26.586",0xB1757E0,1,Rx,0x120,Standard Frame,data frame,6,CAN,x| 02 43 1C A4 5C 03 
74388,="15:44:26.586",0xB1758A8,1,Rx,0x122,Standard Frame,data frame,8,CAN,x| B0 00 00 03 14 00 00 00 
74389,="15:44:26.594",0xB177C34,1,Rx,0x124,Standard Frame,data frame,8,CAN,x| 68 12 C0 1D 88 0E 20 00 
74390,="15:44:26.594",0xB177CFC,1,Rx,0x120,Standard Frame,data frame,6,CAN,x| 02 43 1C A4 60 00 
74391,="15:44:26.596",0xB177DC4,1,Rx,0x122,Standard Frame,data frame,8,CAN,x| B0 00 00 00 0E 00 00 00 
74392,="15:44:26.596",0xB178210,1,Rx,0x13F,Standard Frame,data frame,8,CAN,x| 00 12 C0 00 00 00 00 00 
74393,="15:44:26.600",0xB178E2C,1,Rx,0x7E0,Standard Frame,data frame,8,CAN,x| 02 21 00 00 00 00 00 00 
74394,="15:44:26.604",0xB179F5C,1,Rx,0x7E8,Standard Frame,data frame,8,CAN,x| 10 D2 61 00 FF FF FF FF 
74395,="15:44:26.604",0xB17A2E0,1,Rx,0x7E0,Standard Frame,data frame,8,CAN,x| 30 00 00 00 00 00 00 00 
74396,="15:44:26.606",0xB17A8BC,1,Rx,0x124,Standard Frame,data frame,8,CAN,x| 68 12 C0 1D 88 13 21 00 
74397,="15:44:26.606",0xB17A984,1,Rx,0x120,Standard Frame,data frame,6,CAN,x| 02 43 1C A4 60 01 
74398,="15:44:26.606",0xB17AAB0,1,Rx,0x122,Standard Frame,data frame,8,CAN,x| B0 00 00 01 13 00 00 00 
74399,="15:44:26.606",0xB17AB78,1,Rx,0x7E8,Standard Frame,data frame,8,CAN,x| 21 FF FF FF FF FF FF FF 
74400,="15:44:26.608",0xB17B280,1,Rx,0x7E8,Standard Frame,data frame,8,CAN,x| 22 FF FF FF FF 01 FF 80 
74401,="15:44:26.610",0xB17BA50,1,Rx,0x7E8,Standard Frame,data frame,8,CAN,x| 23 80 FF FF 80 FF 0A 66 
74402,="15:44:26.612",0xB17C220,1,Rx,0x7E8,Standard Frame,data frame,8,CAN,x| 24 FF FF CE FF FF FF FF 
74403,="15:44:26.614",0xB17C9F0,1,Rx,0x7E8,Standard Frame,data frame,8,CAN,x| 25 FF FF 25 12 C0 BF FF 
74404,="15:44:26.614",0xB17CAB8,1,Rx,0x120,Standard Frame,data frame,6,CAN,x| 02 43 18 A4 5E 02 
74405,="15:44:26.616",0xB17CB80,1,Rx,0x124,Standard Frame,data frame,8,CAN,x| 68 12 C0 1D 88 14 22 00 
74406,="15:44:26.616",0xB17CC48,1,Rx,0x122,Standard Frame,data frame,8,CAN,x| B0 00 00 02 14 00 00 00 
74407,="15:44:26.616",0xB17CF68,1,Rx,0x13F,Standard Frame,data frame,8,CAN,x| 00 12 C0 00 00 00 00 00 
74408,="15:44:26.616",0xB17D1C0,1,Rx,0x7E8,Standard Frame,data frame,8,CAN,x| 26 FF 00 16 3D 1C 64 00 
74409,="15:44:26.618",0xB17D990,1,Rx,0x7E8,Standard Frame,data frame,8,CAN,x| 27 FF FF 00 80 FF FF FF 
74410,="15:44:26.620",0xB17E160,1,Rx,0x7E8,Standard Frame,data frame,8,CAN,x| 28 FF FF FF FF FF FA 30 
74411,="15:44:26.622",0xB17E930,1,Rx,0x7E8,Standard Frame,data frame,8,CAN,x| 29 00 00 00 00 14 32 FF 
74412,="15:44:26.624",0xB17F100,1,Rx,0x7E8,Standard Frame,data frame,8,CAN,x| 2A FF FF FF FF FF FF FF 
74413,="15:44:26.624",0xB17F1C8,1,Rx,0x120,Standard Frame,data frame,6,CAN,x| 02 43 18 A4 5E 03 
74414,="15:44:26.624",0xB17F290,1,Rx,0x124,Standard Frame,data frame,8,CAN,x| 68 12 C0 1D 88 13 23 00 
74415,="15:44:26.626",0xB17F358,1,Rx,0x122,Standard Frame,data frame,8,CAN,x| B0 00 00 03 13 00 00 00 
74416,="15:44:26.626",0xB17F8D0,1,Rx,0x7E8,Standard Frame,data frame,8,CAN,x| 2B 5B 5B FF FF FF FF FF 
74417,="15:44:26.628",0xB1800A0,1,Rx,0x7E8,Standard Frame,data frame,8,CAN,x| 2C FF FF FF FF FF FF FF 
74418,="15:44:26.630",0xB180870,1,Rx,0x7E8,Standard Frame,data frame,8,CAN,x| 2D FF FF FF FF FF FF FF 
74419,="15:44:26.632",0xB181040,1,Rx,0x7E8,Standard Frame,data frame,8,CAN,x| 2E FF FF 2E C0 FF FF FF 
74420,="15:44:26.634",0xB181810,1,Rx,0x7E8,Standard Frame,data frame,8,CAN,x| 2F FF FF FF FF FF FF FF 
74421,="15:44:26.636",0xB181A68,1,Rx,0x124,Standard Frame,data frame,8,CAN,x| 68 12 C0 1D 88 13 20 00 
74422,="15:44:26.636",0xB181B30,1,Rx,0x120,Standard Frame,data frame,6,CAN,x| 02 43 1A A4 5E 00 
74423,="15:44:26.636",0xB181BF8,1,Rx,0x122,Standard Frame,data frame,8,CAN,x| B0 00 00 00 13 00 00 00 
74424,="15:44:26.636",0xB181FE0,1,Rx,0x7E8,Standard Frame,data frame,8,CAN,x| 20 FF FF FF FF FF FF C1 
74425,="15:44:26.636",0xB1820A8,1,Rx,0x13F,Standard Frame,data frame,8,CAN,x| 00 12 C0 00 00 00 00 00 
74426,="15:44:26.638",0xB18274C,1,Rx,0x7E8,Standard Frame,data frame,8,CAN,x| 21 FF FF FF FF 8C 53 00 
74427,="15:44:26.640",0xB182F1C,1,Rx,0x7E8,Standard Frame,data frame,8,CAN,x| 22 00 00 FF 01 FF FF FF 
74428,="15:44:26.642",0xB1836EC,1,Rx,0x7E8,Standard Frame,data frame,8,CAN,x| 23 FF FF 08 04 FF FF 02 
74429,="15:44:26.644",0xB183EBC,1,Rx,0x7E8,Standard Frame,data frame,8,CAN,x| 24 00 FF FF FF FF FF FF 
74430,="15:44:26.644",0xB183F84,1,Rx,0x120,Standard Frame,data frame,6,CAN,x| 02 43 1A A4 60 01 
74431,="15:44:26.644",0xB1840B0,1,Rx,0x124,Standard Frame,data frame,8,CAN,x| 68 12 C0 1D 88 0B 21 00 
74432,="15:44:26.646",0xB184178,1,Rx,0x122,Standard Frame,data frame,8,CAN,x| B0 00 00 01 0B 00 00 00 
74433,="15:44:26.646",0xB184628,1,Rx,0x314,Standard Frame,data frame,8,CAN,x| 00 00 00 00 00 00 BE 01 
74434,="15:44:26.646",0xB1846F0,1,Rx,0x500,Standard Frame,data frame,8,CAN,x| 75 03 3F 3F 3F 3F 3F 3F 
74435,="15:44:26.646",0xB18481C,1,Rx,0x32E,Standard Frame,data frame,8,CAN,x| 00 00 00 01 64 00 00 00 
74436,="15:44:26.648",0xB1848E4,1,Rx,0x7E8,Standard Frame,data frame,8,CAN,x| 25 FF FF FF FF FF FF FF 
74437,="15:44:26.648",0xB184E5C,1,Rx,0x7E8,Standard Frame,data frame,8,CAN,x| 26 FF FF FF FF FF FF FF 
74438,="15:44:26.650",0xB18562C,1,Rx,0x7E8,Standard Frame,data frame,8,CAN,x| 27 FF FF FF FF FF FF FF 
74439,="15:44:26.652",0xB185EC4,1,Rx,0x7E8,Standard Frame,data frame,8,CAN,x| 28 FF FF FF FF FF FF FF 
74440,="15:44:26.654",0xB1865CC,1,Rx,0x7E8,Standard Frame,data frame,8,CAN,x| 29 FF FF FF FF 01 FF FF 
74441,="15:44:26.656",0xB186950,1,Rx,0x124,Standard Frame,data frame,8,CAN,x| 68 12 C0 1D 88 13 22 00 
74442,="15:44:26.656",0xB186A18,1,Rx,0x120,Standard Frame,data frame,6,CAN,x| 02 43 1A A4 60 02 
74443,="15:44:26.656",0xB186AE0,1,Rx,0x122,Standard Frame,data frame,8,CAN,x| B0 00 00 02 13 00 00 00 
74444,="15:44:26.656",0xB186D9C,1,Rx,0x7E8,Standard Frame,data frame,8,CAN,x| 2A FF FF FF FF FF FF FF 
74445,="15:44:26.656",0xB186EC8,1,Rx,0x13F,Standard Frame,data frame,8,CAN,x| 00 12 C0 00 00 00 00 00 
74446,="15:44:26.658",0xB18756C,1,Rx,0x7E8,Standard Frame,data frame,8,CAN,x| 2B FF FF FF FF FF FF FF 
74447,="15:44:26.660",0xB187D3C,1,Rx,0x7E8,Standard Frame,data frame,8,CAN,x| 2C FF FF FF FF FF FF FF 
74448,="15:44:26.662",0xB18850C,1,Rx,0x7E8,Standard Frame,data frame,8,CAN,x| 2D FF FF FF FF FF FF FF 
74449,="15:44:26.664",0xB188CDC,1,Rx,0x7E8,Standard Frame,data frame,8,CAN,x| 2E FF 00 00 00 00 00 00 
74450,="15:44:26.664",0xB188DA4,1,Rx,0x120,Standard Frame,data frame,6,CAN,x| 02 43 18 A4 5F 03 
74451,="15:44:26.664",0xB188ED0,1,Rx,0x124,Standard Frame,data frame,8,CAN,x| 68 12 C0 1D 88 13 23 00 
74452,="15:44:26.666",0xB188F98,1,Rx,0x122,Standard Frame,data frame,8,CAN,x| B0 00 00 03 13 00 00 00 
74453,="15:44:26.674",0xB18B450,1,Rx,0x124,Standard Frame,data frame,8,CAN,x| 68 12 C0 1D 88 13 20 00 
74454,="15:44:26.674",0xB18B518,1,Rx,0x120,Standard Frame,data frame,6,CAN,x| 02 43 18 A4 5F 00 
74455,="15:44:26.676",0xB18B644,1,Rx,0x122,Standard Frame,data frame,8,CAN,x| B0 00 00 00 13 00 00 00 
74456,="15:44:26.676",0xB18B70C,1,Rx,0x310,Standard Frame,data frame,8,CAN,x| 01 3D 00 00 00 00 08 00 
74457,="15:44:26.676",0xB18B7D4,1,Rx,0x318,Standard Frame,data frame,8,CAN,x| 01 41 FF 00 00 00 10 80 
74458,="15:44:26.676",0xB18BBBC,1,Rx,0x13F,Standard Frame,data frame,8,CAN,x| 00 12 C0 00 00 00 00 00 
74459,="15:44:26.686",0xB18DD54,1,Rx,0x124,Standard Frame,data frame,8,CAN,x| 68 12 C0 1D 88 13 21 00 
74460,="15:44:26.686",0xB18DE1C,1,Rx,0x120,Standard Frame,data frame,6,CAN,x| 02 43 18 A4 5F 01 
74461,="15:44:26.686",0xB18DEE4,1,Rx,0x122,Standard Frame,data frame,8,CAN,x| B0 00 00 01 13 00 00 00 
74462,="15:44:26.694",0xB190270,1,Rx,0x124,Standard Frame,data frame,8,CAN,x| 68 12 C0 1D 88 0B 22 00 
74463,="15:44:26.694",0xB190338,1,Rx,0x120,Standard Frame,data frame,6,CAN,x| 02 43 18 A4 60 02 
74464,="15:44:26.696",0xB190400,1,Rx,0x122,Standard Frame,data frame,8,CAN,x| B0 00 00 02 0B 00 00 00 
74465,="15:44:26.696",0xB19052C,1,Rx,0x7E0,Standard Frame,data frame,8,CAN,x| 02 21 00 00 00 00 00 00 
74466,="15:44:26.696",0xB190784,1,Rx,0x13F,Standard Frame,data frame,8,CAN,x| 00 12 C0 00 00 00 00 00 
74467,="15:44:26.704",0xB192598,1,Rx,0x7E8,Standard Frame,data frame,8,CAN,x| 10 D2 61 00 FF FF FF FF 
74468,="15:44:26.704",0xB1926C4,1,Rx,0x7E0,Standard Frame,data frame,8,CAN,x| 30 00 00 00 00 00 00 00 
74469,="15:44:26.704",0xB19291C,1,Rx,0x7E8,Standard Frame,data frame,8,CAN,x| 21 FF FF FF FF FF FF FF 
74470,="15:44:26.706",0xB192EF8,1,Rx,0x124,Standard Frame,data frame,8,CAN,x| 68 12 C0 1D 88 13 23 00 
74471,="15:44:26.706",0xB192FC0,1,Rx,0x120,Standard Frame,data frame,6,CAN,x| 02 43 18 A4 61 03 
74472,="15:44:26.706",0xB1930EC,1,Rx,0x122,Standard Frame,data frame,8,CAN,x| B0 00 00 03 13 00 00 00 
74473,="15:44:26.706",0xB1931B4,1,Rx,0x7E8,Standard Frame,data frame,8,CAN,x| 22 FF FF FF FF 01 FF 80 
74474,="15:44:26.708",0xB1938BC,1,Rx,0x7E8,Standard Frame,data frame,8,CAN,x| 23 80 FF FF 80 FF 09 F6 
74475,="15:44:26.710",0xB19408C,1,Rx,0x7E8,Standard Frame,data frame,8,CAN,x| 24 FF FF D8 FF FF FF FF 
74476,="15:44:26.712",0xB19485C,1,Rx,0x7E8,Standard Frame,data frame,8,CAN,x| 25 FF FF 24 12 C0 BF FF 
74477,="15:44:26.714",0xB19502C,1,Rx,0x7E8,Standard Frame,data frame,8,CAN,x| 26 FF 00 16 3E 1E 64 00 
74478,="15:44:26.714",0xB1950F4,1,Rx,0x120,Standard Frame,data frame,6,CAN,x| 02 43 14 A4 5F 00 
74479,="15:44:26.714",0xB1951BC,1,Rx,0x124,Standard Frame,data frame,8,CAN,x| 68 12 C0 1D 88 13 20 00 
74480,="15:44:26.716",0xB195284,1,Rx,0x122,Standard Frame,data frame,8,CAN,x| B0 00 00 00 13 00 00 00 
74481,="15:44:26.716",0xB19566C,1,Rx,0x13F,Standard Frame,data frame,8,CAN,x| 00 12 C0 00 00 00 00 00 
74482,="15:44:26.716",0xB1957FC,1,Rx,0x7E8,Standard Frame,data frame,8,CAN,x| 27 FF FF 00 80 FF FF FF 
74483,="15:44:26.718",0xB195FCC,1,Rx,0x7E8,Standard Frame,data frame,8,CAN,x| 28 FF FF FF FF FF FB 2F 
74484,="15:44:26.720",0xB19679C,1,Rx,0x7E8,Standard Frame,data frame,8,CAN,x| 29 00 00 00 00 13 32 FF 
74485,="15:44:26.722",0xB196F6C,1,Rx,0x7E8,Standard Frame,data frame,8,CAN,x| 2A FF FF FF FF FF FF FF 
74486,="15:44:26.724",0xB1976D8,1,Rx,0x7E8,Standard Frame,data frame,8,CAN,x| 2B 5B 5B FF FF FF FF FF 
74487,="15:44:26.724",0xB1977A0,1,Rx,0x120,Standard Frame,data frame,6,CAN,x| 02 43 14 A4 5F 01 
74488,="15:44:26.726",0xB1978CC,1,Rx,0x124,Standard Frame,data frame,8,CAN,x| 68 12 C0 1D 88 13 21 00 
74489,="15:44:26.726",0xB197994,1,Rx,0x122,Standard Frame,data frame,8,CAN,x| B0 00 00 01 13 00 00 00 
74490,="15:44:26.726",0xB197F0C,1,Rx,0x7E8,Standard Frame,data frame,8,CAN,x| 2C FF FF FF FF FF FF FF 
74491,="15:44:26.728",0xB1986DC,1,Rx,0x7E8,Standard Frame,data frame,8,CAN,x| 2D FF FF FF FF FF FF FF 
74492,="15:44:26.730",0xB198E48,1,Rx,0x7E8,Standard Frame,data frame,8,CAN,x| 2E FF FF 2E 32 FF FF FF 
74493,="15:44:26.732",0xB19967C,1,Rx,0x7E8,Standard Frame,data frame,8,CAN,x| 2F FF FF FF FF FF FF FF 
74494,="15:44:26.734",0xB199DE8,1,Rx,0x7E8,Standard Frame,data frame,8,CAN,x| 20 FF FF FF FF FF FF C1 
74495,="15:44:26.736",0xB19A0A4,1,Rx,0x124,Standard Frame,data frame,8,CAN,x| 68 12 C0 1D 88 13 22 00 
74496,="15:44:26.736",0xB19A16C,1,Rx,0x120,Standard Frame,data frame,6,CAN,x| 02 43 17 A4 5F 02 
74497,="15:44:26.736",0xB19A234,1,Rx,0x122,Standard Frame,data frame,8,CAN,x| B0 00 00 02 13 00 00 00 
74498,="15:44:26.736",0xB19A5B8,1,Rx,0x13F,Standard Frame,data frame,8,CAN,x| 00 12 C0 00 00 00 00 00 
74499,="15:44:26.736",0xB19A680,1,Rx,0x7E8,Standard Frame,data frame,8,CAN,x| 21 FF FF FF FF 8C 53 00 
74500,="15:44:26.738",0xB19AD88,1,Rx,0x7E8,Standard Frame,data frame,8,CAN,x| 22 00 00 FF 01 FF FF FF 
74501,="15:44:26.740",0xB19B558,1,Rx,0x7E8,Standard Frame,data frame,8,CAN,x| 23 FF FF 08 04 FF FF 02 
74502,="15:44:26.742",0xB19BD28,1,Rx,0x7E8,Standard Frame,data frame,8,CAN,x| 24 00 FF FF FF FF FF FF 
74503,="15:44:26.744",0xB19C4F8,1,Rx,0x7E8,Standard Frame,data frame,8,CAN,x| 25 FF FF FF FF FF FF FF 
74504,="15:44:26.744",0xB19C5C0,1,Rx,0x120,Standard Frame,data frame,6,CAN,x| 02 43 17 A4 62 03 
74505,="15:44:26.746",0xB19C6EC,1,Rx,0x124,Standard Frame,data frame,8,CAN,x| 68 12 C0 1D 88 0D 23 00 
74506,="15:44:26.746",0xB19C7B4,1,Rx,0x122,Standard Frame,data frame,8,CAN,x| B0 00 00 03 0D 00 00 00 
74507,="15:44:26.746",0xB19CCC8,1,Rx,0x7E8,Standard Frame,data frame,8,CAN,x| 26 FF FF FF FF FF FF FF 
74508,="15:44:26.746",0xB19CDF4,1,Rx,0x314,Standard Frame,data frame,8,CAN,x| 00 00 00 00 00 00 AD 01 
74509,="15:44:26.748",0xB19CEBC,1,Rx,0x32E,Standard Frame,data frame,8,CAN,x| 00 00 00 02 64 00 00 00 
74510,="15:44:26.748",0xB19D498,1,Rx,0x7E8,Standard Frame,data frame,8,CAN,x| 27 FF FF FF FF FF FF FF 
74511,="15:44:26.750",0xB19DC68,1,Rx,0x7E8,Standard Frame,data frame,8,CAN,x| 28 FF FF FF FF FF FF FF 
74512,="15:44:26.752",0xB19E500,1,Rx,0x7E8,Standard Frame,data frame,8,CAN,x| 29 FF FF FF FF 01 FF FF 
74513,="15:44:26.754",0xB19EC08,1,Rx,0x7E8,Standard Frame,data frame,8,CAN,x| 2A FF FF FF FF FF FF FF 
74514,="15:44:26.756",0xB19EF8C,1,Rx,0x124,Standard Frame,data frame,8,CAN,x| 68 12 C0 1D 88 12 20 00 
74515,="15:44:26.756",0xB19F054,1,Rx,0x120,Standard Frame,data frame,6,CAN,x| 02 43 17 A4 63 00 
74516,="15:44:26.756",0xB19F11C,1,Rx,0x122,Standard Frame,data frame,8,CAN,x| B0 00 00 00 12 00 00 00 
74517,="15:44:26.756",0xB19F3D8,1,Rx,0x7E8,Standard Frame,data frame,8,CAN,x| 2B FF FF FF FF FF FF FF 
74518,="15:44:26.758",0xB19F5CC,1,Rx,0x13F,Standard Frame,data frame,8,CAN,x| 00 12 C0 00 00 00 00 00 
74519,="15:44:26.758",0xB19FBA8,1,Rx,0x7E8,Standard Frame,data frame,8,CAN,x| 2C FF FF FF FF FF FF FF 
74520,="15:44:26.760",0xB1A0378,1,Rx,0x7E8,Standard Frame,data frame,8,CAN,x| 2D FF FF FF FF FF FF FF 
74521,="15:44:26.762",0xB1A0B48,1,Rx,0x7E8,Standard Frame,data frame,8,CAN,x| 2E FF 00 00 00 00 00 00 
74522,="15:44:26.764",0xB1A137C,1,Rx,0x124,Standard Frame,data frame,8,CAN,x| 68 12 C0 1D 88 12 21 00 
74523,="15:44:26.764",0xB1A1444,1,Rx,0x120,Standard Frame,data frame,6,CAN,x| 02 43 0E A4 5F 01 
74524,="15:44:26.766",0xB1A1570,1,Rx,0x122,Standard Frame,data frame,8,CAN,x| B0 00 00 01 12 00 00 00 
74525,="15:44:26.774",0xB1A3A8C,1,Rx,0x124,Standard Frame,data frame,8,CAN,x| 68 12 C0 1D 88 12 22 00 
74526,="15:44:26.776",0xB1A3B54,1,Rx,0x120,Standard Frame,data frame,6,CAN,x| 02 43 0E A4 5F 02 
74527,="15:44:26.776",0xB1A3C1C,1,Rx,0x122,Standard Frame,data frame,8,CAN,x| B0 00 00 02 12 00 00 00 
74528,="15:44:26.776",0xB1A3D48,1,Rx,0x310,Standard Frame,data frame,8,CAN,x| 01 3D 00 00 00 00 08 00 
74529,="15:44:26.776",0xB1A3E10,1,Rx,0x318,Standard Frame,data frame,8,CAN,x| 01 41 FF 00 00 00 10 80 
74530,="15:44:26.776",0xB1A4130,1,Rx,0x13F,Standard Frame,data frame,8,CAN,x| 00 12 C0 00 00 00 00 00 
74531,="15:44:26.786",0xB1A6390,1,Rx,0x124,Standard Frame,data frame,8,CAN,x| 68 12 C0 1D 88 12 23 00 
74532,="15:44:26.786",0xB1A6458,1,Rx,0x120,Standard Frame,data frame,6,CAN,x| 02 43 10 A4 5F 03 
74533,="15:44:26.786",0xB1A6520,1,Rx,0x122,Standard Frame,data frame,8,CAN,x| B0 00 00 03 12 00 00 00 
74534,="15:44:26.794",0xB1A8460,1,Rx,0x7E0,Standard Frame,data frame,8,CAN,x| 02 21 00 00 00 00 00 00 
74535,="15:44:26.794",0xB1A88AC,1,Rx,0x124,Standard Frame,data frame,8,CAN,x| 68 12 C0 1D 88 0D 20 00 
74536,="15:44:26.794",0xB1A8974,1,Rx,0x120,Standard Frame,data frame,6,CAN,x| 02 43 10 A4 62 00 
74537,="15:44:26.796",0xB1A8A3C,1,Rx,0x122,Standard Frame,data frame,8,CAN,x| B0 00 00 00 0D 00 00 00 
74538,="15:44:26.796",0xB1A8E88,1,Rx,0x13F,Standard Frame,data frame,8,CAN,x| 00 12 C0 00 00 00 00 00 
74539,="15:44:26.804",0xB1AABD4,1,Rx,0x7E8,Standard Frame,data frame,8,CAN,x| 10 D2 61 00 FF FF FF FF 
74540,="15:44:26.804",0xB1AAD00,1,Rx,0x7E0,Standard Frame,data frame,8,CAN,x| 30 00 00 00 00 00 00 00 
74541,="15:44:26.804",0xB1AAF58,1,Rx,0x7E8,Standard Frame,data frame,8,CAN,x| 21 FF FF FF FF FF FF FF 
74542,="15:44:26.806",0xB1AB534,1,Rx,0x124,Standard Frame,data frame,8,CAN,x| 68 12 C0 1D 88 12 21 00 
74543,="15:44:26.806",0xB1AB5FC,1,Rx,0x120,Standard Frame,data frame,6,CAN,x| 02 43 10 A4 64 01 
74544,="15:44:26.806",0xB1AB728,1,Rx,0x122,Standard Frame,data frame,8,CAN,x| B0 00 00 01 12 00 00 00 
74545,="15:44:26.806",0xB1AB7F0,1,Rx,0x7E8,Standard Frame,data frame,8,CAN,x| 22 FF FF FF FF 01 FF 80 
74546,="15:44:26.808",0xB1ABE94,1,Rx,0x7E8,Standard Frame,data frame,8,CAN,x| 23 80 FF FF 80 FF 09 56 
74547,="15:44:26.810",0xB1AC6C8,1,Rx,0x7E8,Standard Frame,data frame,8,CAN,x| 24 FF FF DA FF FF FF FF 
74548,="15:44:26.812",0xB1ACE98,1,Rx,0x7E8,Standard Frame,data frame,8,CAN,x| 25 FF FF 21 12 C0 BF FF 
74549,="15:44:26.814",0xB1AD604,1,Rx,0x7E8,Standard Frame,data frame,8,CAN,x| 26 FF 00 14 3D 1C 64 00 
74550,="15:44:26.814",0xB1AD6CC,1,Rx,0x120,Standard Frame,data frame,6,CAN,x| 02 43 0C A4 61 02 
74551,="15:44:26.816",0xB1AD7F8,1,Rx,0x124,Standard Frame,data frame,8,CAN,x| 68 12 C0 1D 88 12 22 00 
74552,="15:44:26.816",0xB1AD8C0,1,Rx,0x122,Standard Frame,data frame,8,CAN,x| B0 00 00 02 12 00 00 00 
74553,="15:44:26.816",0xB1ADBE0,1,Rx,0x13F,Standard Frame,data frame,8,CAN,x| 00 12 C0 00 00 00 00 00 
74554,="15:44:26.816",0xB1ADE38,1,Rx,0x7E8,Standard Frame,data frame,8,CAN,x| 27 FF FF 00 80 FF FF FF 
74555,="15:44:26.818",0xB1AE5A4,1,Rx,0x7E8,Standard Frame,data frame,8,CAN,x| 28 FF FF FF FF FF FD 2F 
74556,="15:44:26.820",0xB1AED74,1,Rx,0x7E8,Standard Frame,data frame,8,CAN,x| 29 00 00 00 00 12 32 FF 
74557,="15:44:26.822",0xB1AF5A8,1,Rx,0x7E8,Standard Frame,data frame,8,CAN,x| 2A FF FF FF FF FF FF FF 
74558,="15:44:26.824",0xB1AFD14,1,Rx,0x7E8,Standard Frame,data frame,8,CAN,x| 2B 5B 5B FF FF FF FF FF 
74559,="15:44:26.824",0xB1AFDDC,1,Rx,0x120,Standard Frame,data frame,6,CAN,x| 02 43 0C A4 62 03 
74560,="15:44:26.826",0xB1AFF08,1,Rx,0x124,Standard Frame,data frame,8,CAN,x| 68 12 C0 1D 88 12 23 00 
74561,="15:44:26.826",0xB1AFFD0,1,Rx,0x122,Standard Frame,data frame,8,CAN,x| B0 00 00 03 12 00 00 00 
74562,="15:44:26.826",0xB1B04E4,1,Rx,0x7E8,Standard Frame,data frame,8,CAN,x| 2C FF FF FF FF FF FF FF 
74563,="15:44:26.828",0xB1B0D18,1,Rx,0x7E8,Standard Frame,data frame,8,CAN,x| 2D FF FF FF FF FF FF FF 
74564,="15:44:26.830",0xB1B1484,1,Rx,0x7E8,Standard Frame,data frame,8,CAN,x| 2E FF FF 2E C0 FF FF FF 
74565,="15:44:26.832",0xB1B1C54,1,Rx,0x7E8,Standard Frame,data frame,8,CAN,x| 2F FF FF FF FF FF FF FF 
74566,="15:44:26.834",0xB1B2424,1,Rx,0x7E8,Standard Frame,data frame,8,CAN,x| 20 FF FF FF FF FF FF C1 
74567,="15:44:26.836",0xB1B267C,1,Rx,0x124,Standard Frame,data frame,8,CAN,x| 68 12 C0 1D 88 12 20 00 
74568,="15:44:26.836",0xB1B2744,1,Rx,0x120,Standard Frame,data frame,6,CAN,x| 02 43 0F A4 63 00 
74569,="15:44:26.836",0xB1B2870,1,Rx,0x122,Standard Frame,data frame,8,CAN,x| B0 00 00 00 12 00 00 00 
74570,="15:44:26.836",0xB1B2BF4,1,Rx,0x7E8,Standard Frame,data frame,8,CAN,x| 21 FF FF FF FF 8C 53 00 
74571,="15:44:26.836",0xB1B2D20,1,Rx,0x13F,Standard Frame,data frame,8,CAN,x| 00 12 C0 00 00 00 00 00 
74572,="15:44:26.838",0xB1B33C4,1,Rx,0x7E8,Standard Frame,data frame,8,CAN,x| 22 00 00 FF 01 FF FF FF 
74573,="15:44:26.840",0xB1B3B94,1,Rx,0x7E8,Standard Frame,data frame,8,CAN,x| 23 FF FF 08 04 FF FF 02 
74574,="15:44:26.842",0xB1B4364,1,Rx,0x7E8,Standard Frame,data frame,8,CAN,x| 24 00 FF FF FF FF FF FF 
74575,="15:44:26.844",0xB1B4B34,1,Rx,0x7E8,Standard Frame,data frame,8,CAN,x| 25 FF FF FF FF FF FF FF 
74576,="15:44:26.844",0xB1B4BFC,1,Rx,0x120,Standard Frame,data frame,6,CAN,x| 02 43 0F A4 62 01 
74577,="15:44:26.846",0xB1B4D28,1,Rx,0x124,Standard Frame,data frame,8,CAN,x| 68 12 C0 1D 88 0D 21 00 
74578,="15:44:26.846",0xB1B4DF0,1,Rx,0x122,Standard Frame,data frame,8,CAN,x| B0 00 00 01 0D 00 00 00 
74579,="15:44:26.846",0xB1B52A0,1,Rx,0x314,Standard Frame,data frame,8,CAN,x| 00 00 00 00 00 00 8B 01 
74580,="15:44:26.846",0xB1B53CC,1,Rx,0x500,Standard Frame,data frame,8,CAN,x| 75 01 00 3F 3F 3F 3F 3F 
74581,="15:44:26.848",0xB1B5494,1,Rx,0x32E,Standard Frame,data frame,8,CAN,x| 00 00 00 03 64 00 00 00 
74582,="15:44:26.848",0xB1B555C,1,Rx,0x7E8,Standard Frame,data frame,8,CAN,x| 26 FF FF FF FF FF FF FF 
74583,="15:44:26.848",0xB1B5AD4,1,Rx,0x7E8,Standard Frame,data frame,8,CAN,x| 27 FF FF FF FF FF FF FF 
74584,="15:44:26.850",0xB1B62A4,1,Rx,0x7E8,Standard Frame,data frame,8,CAN,x| 28 FF FF FF FF FF FF FF 
74585,="15:44:26.852",0xB1B6B3C,1,Rx,0x7E8,Standard Frame,data frame,8,CAN,x| 29 FF FF FF FF 01 FF FF 
74586,="15:44:26.854",0xB1B7244,1,Rx,0x7E8,Standard Frame,data frame,8,CAN,x| 2A FF FF FF FF FF FF FF 
74587,="15:44:26.856",0xB1B75C8,1,Rx,0x124,Standard Frame,data frame,8,CAN,x| 68 12 C0 1D 88 12 22 00 
74588,="15:44:26.856",0xB1B7690,1,Rx,0x120,Standard Frame,data frame,6,CAN,x| 02 43 0F A4 63 02 
74589,="15:44:26.856",0xB1B7758,1,Rx,0x122,Standard Frame,data frame,8,CAN,x| B0 00 00 02 12 00 00 00 
74590,="15:44:26.856",0xB1B7A14,1,Rx,0x7E8,Standard Frame,data frame,8,CAN,x| 2B FF FF FF FF FF FF FF 
74591,="15:44:26.856",0xB1B7B40,1,Rx,0x13F,Standard Frame,data frame,8,CAN,x| 00 12 C0 00 00 00 00 00 
74592,="15:44:26.858",0xB1B81E4,1,Rx,0x7E8,Standard Frame,data frame,8,CAN,x| 2C FF FF FF FF FF FF FF 
74593,="15:44:26.860",0xB1B89B4,1,Rx,0x7E8,Standard Frame,data frame,8,CAN,x| 2D FF FF FF FF FF FF FF 
74594,="15:44:26.862",0xB1B9184,1,Rx,0x7E8,Standard Frame,data frame,8,CAN,x| 2E FF 00 00 00 00 00 00 
74595,="15:44:26.864",0xB1B99B8,1,Rx,0x124,Standard Frame,data frame,8,CAN,x| 68 12 C0 1D 88 12 23 00 
74596,="15:44:26.866",0xB1B9A80,1,Rx,0x120,Standard Frame,data frame,6,CAN,x| 02 43 0E A4 60 03 
74597,="15:44:26.866",0xB1B9B48,1,Rx,0x122,Standard Frame,data frame,8,CAN,x| B0 00 00 03 12 00 00 00 
74598,="15:44:26.874",0xB1BC0C8,1,Rx,0x124,Standard Frame,data frame,8,CAN,x| 68 12 C0 1D 88 12 20 00 
74599,="15:44:26.876",0xB1BC190,1,Rx,0x120,Standard Frame,data frame,6,CAN,x| 02 43 0E A4 61 00 
74600,="15:44:26.876",0xB1BC258,1,Rx,0x122,Standard Frame,data frame,8,CAN,x| B0 00 00 00 12 00 00 00 
74601,="15:44:26.876",0xB1BC384,1,Rx,0x310,Standard Frame,data frame,8,CAN,x| 01 3D 00 00 00 00 08 00 
74602,="15:44:26.876",0xB1BC44C,1,Rx,0x318,Standard Frame,data frame,8,CAN,x| 01 41 FF 00 00 00 10 80 
74603,="15:44:26.876",0xB1BC834,1,Rx,0x13F,Standard Frame,data frame,8,CAN,x| 00 12 C0 00 00 00 00 00 
74604,="15:44:26.886",0xB1BE9CC,1,Rx,0x124,Standard Frame,data frame,8,CAN,x| 68 12 C0 1D 88 13 21 00 
74605,="15:44:26.886",0xB1BEA94,1,Rx,0x120,Standard Frame,data frame,6,CAN,x| 02 43 12 A4 61 01 
74606,="15:44:26.886",0xB1BEB5C,1,Rx,0x122,Standard Frame,data frame,8,CAN,x| B0 00 00 01 13 00 00 00 
74607,="15:44:26.886",0xB1BEC24,1,Rx,0x7E0,Standard Frame,data frame,8,CAN,x| 02 21 00 00 00 00 00 00 
74608,="15:44:26.894",0xB1C0970,1,Rx,0x7E8,Standard Frame,data frame,8,CAN,x| 10 D2 61 00 FF FF FF FF 
74609,="15:44:26.894",0xB1C0A9C,1,Rx,0x7E0,Standard Frame,data frame,8,CAN,x| 30 00 00 00 00 00 00 00 
74610,="15:44:26.894",0xB1C0E84,1,Rx,0x7E8,Standard Frame,data frame,8,CAN,x| 21 FF FF FF FF FF FF FF 
74611,="15:44:26.896",0xB1C11A4,1,Rx,0x124,Standard Frame,data frame,8,CAN,x| 68 12 C0 1D 88 11 22 00 
74612,="15:44:26.896",0xB1C126C,1,Rx,0x120,Standard Frame,data frame,6,CAN,x| 02 43 12 A4 60 02 
74613,="15:44:26.896",0xB1C1334,1,Rx,0x122,Standard Frame,data frame,8,CAN,x| B0 00 00 02 11 00 00 00 
74614,="15:44:26.896",0xB1C1654,1,Rx,0x7E8,Standard Frame,data frame,8,CAN,x| 22 FF FF FF FF 01 FF 80 
74615,="15:44:26.896",0xB1C171C,1,Rx,0x13F,Standard Frame,data frame,8,CAN,x| 00 12 C0 00 00 00 00 00 
74616,="15:44:26.898",0xB1C1DC0,1,Rx,0x7E8,Standard Frame,data frame,8,CAN,x| 23 80 FF FF 80 FF 08 66 
74617,="15:44:26.900",0xB1C25F4,1,Rx,0x7E8,Standard Frame,data frame,8,CAN,x| 24 FF FF DA FF FF FF FF 
74618,="15:44:26.902",0xB1C2E28,1,Rx,0x7E8,Standard Frame,data frame,8,CAN,x| 25 FF FF 21 12 C0 BF FF 
74619,="15:44:26.904",0xB1C3530,1,Rx,0x7E8,Standard Frame,data frame,8,CAN,x| 26 FF 00 14 3D 1C 64 00 
74620,="15:44:26.906",0xB1C38B4,1,Rx,0x124,Standard Frame,data frame,8,CAN,x| 68 12 C0 1D 88 13 23 00 
74621,="15:44:26.906",0xB1C397C,1,Rx,0x120,Standard Frame,data frame,6,CAN,x| 02 43 12 A4 60 03 
74622,="15:44:26.906",0xB1C3AA8,1,Rx,0x122,Standard Frame,data frame,8,CAN,x| B0 00 00 03 13 00 00 00 
74623,="15:44:26.906",0xB1C3D64,1,Rx,0x7E8,Standard Frame,data frame,8,CAN,x| 27 FF FF 00 80 FF FF FF 
74624,="15:44:26.908",0xB1C44D0,1,Rx,0x7E8,Standard Frame,data frame,8,CAN,x| 28 FF FF FF FF FF FF 27 
74625,="15:44:26.910",0xB1C4CA0,1,Rx,0x7E8,Standard Frame,data frame,8,CAN,x| 29 00 00 00 00 08 33 FF 
74626,="15:44:26.912",0xB1C5470,1,Rx,0x7E8,Standard Frame,data frame,8,CAN,x| 2A FF FF FF FF FF FF FF 
74627,="15:44:26.914",0xB1C5C40,1,Rx,0x7E8,Standard Frame,data frame,8,CAN,x| 2B 5B 5B FF FF FF FF FF 
74628,="15:44:26.914",0xB1C5D08,1,Rx,0x120,Standard Frame,data frame,6,CAN,x| 02 43 11 A4 5E 00 
74629,="15:44:26.916",0xB1C5E34,1,Rx,0x124,Standard Frame,data frame,8,CAN,x| 68 12 C0 1D 88 13 20 00 
74630,="15:44:26.916",0xB1C5EFC,1,Rx,0x122,Standard Frame,data frame,8,CAN,x| B0 00 00 00 13 00 00 00 
74631,="15:44:26.916",0xB1C62E4,1,Rx,0x13F,Standard Frame,data frame,8,CAN,x| 00 12 C0 00 00 00 00 00 
74632,="15:44:26.916",0xB1C6410,1,Rx,0x7E8,Standard Frame,data frame,8,CAN,x| 2C FF FF FF FF FF FF FF 
74633,="15:44:26.918",0xB1C6BE0,1,Rx,0x7E8,Standard Frame,data frame,8,CAN,x| 2D FF FF FF FF FF FF FF 
74634,="15:44:26.920",0xB1C73B0,1,Rx,0x7E8,Standard Frame,data frame,8,CAN,x| 2E FF FF 2E D7 FF FF FF 
74635,="15:44:26.922",0xB1C7B80,1,Rx,0x7E8,Standard Frame,data frame,8,CAN,x| 2F FF FF FF FF FF FF FF 
74636,="15:44:26.924",0xB1C8350,1,Rx,0x7E8,Standard Frame,data frame,8,CAN,x| 20 FF FF FF FF FF FF C1 
74637,="15:44:26.926",0xB1C8418,1,Rx,0x120,Standard Frame,data frame,6,CAN,x| 02 43 11 A4 5E 01 
74638,="15:44:26.926",0xB1C8544,1,Rx,0x124,Standard Frame,data frame,8,CAN,x| 68 12 C0 1D 88 13 21 00 
74639,="15:44:26.926",0xB1C860C,1,Rx,0x122,Standard Frame,data frame,8,CAN,x| B0 00 00 01 13 00 00 00 
74640,="15:44:26.926",0xB1C8B20,1,Rx,0x7E8,Standard Frame,data frame,8,CAN,x| 21 FF FF FF FF 8C 53 00 
74641,="15:44:26.928",0xB1C92F0,1,Rx,0x7E8,Standard Frame,data frame,8,CAN,x| 22 00 00 FF 01 FF FF FF 
74642,="15:44:26.930",0xB1C9AC0,1,Rx,0x7E8,Standard Frame,data frame,8,CAN,x| 23 FF FF 08 04 FF FF 02 
74643,="15:44:26.932",0xB1CA290,1,Rx,0x7E8,Standard Frame,data frame,8,CAN,x| 24 00 FF FF FF FF FF FF 
74644,="15:44:26.934",0xB1CAA60,1,Rx,0x7E8,Standard Frame,data frame,8,CAN,x| 25 FF FF FF FF FF FF FF 
74645,="15:44:26.936",0xB1CAD1C,1,Rx,0x124,Standard Frame,data frame,8,CAN,x| 68 12 C0 1D 88 13 22 00 
74646,="15:44:26.936",0xB1CAD80,1,Rx,0x120,Standard Frame,data frame,6,CAN,x| 02 43 15 A4 5D 02 
74647,="15:44:26.936",0xB1CAEAC,1,Rx,0x122,Standard Frame,data frame,8,CAN,x| B0 00 00 02 13 00 00 00 
74648,="15:44:26.936",0xB1CB230,1,Rx,0x7E8,Standard Frame,data frame,8,CAN,x| 26 FF FF FF FF FF FF FF 
74649,="15:44:26.938",0xB1CB35C,1,Rx,0x13F,Standard Frame,data frame,8,CAN,x| 00 12 C0 00 00 00 00 00 
74650,="15:44:26.938",0xB1CBA00,1,Rx,0x7E8,Standard Frame,data frame,8,CAN,x| 27 FF FF FF FF FF FF FF 
74651,="15:44:26.940",0xB1CC1D0,1,Rx,0x7E8,Standard Frame,data frame,8,CAN,x| 28 FF FF FF FF FF FF FF 
74652,="15:44:26.942",0xB1CC9A0,1,Rx,0x7E8,Standard Frame,data frame,8,CAN,x| 29 FF FF FF FF 01 FF FF 
74653,="15:44:26.944",0xB1CD170,1,Rx,0x7E8,Standard Frame,data frame,8,CAN,x| 2A FF FF FF FF FF FF FF 
74654,="15:44:26.944",0xB1CD238,1,Rx,0x120,Standard Frame,data frame,6,CAN,x| 02 43 15 A4 5F 03 
74655,="15:44:26.946",0xB1CD300,1,Rx,0x124,Standard Frame,data frame,8,CAN,x| 68 12 C0 1D 88 0E 23 00 
74656,="15:44:26.946",0xB1CD42C,1,Rx,0x122,Standard Frame,data frame,8,CAN,x| B0 00 00 03 0E 00 00 00 
74657,="15:44:26.946",0xB1CD940,1,Rx,0x7E8,Standard Frame,data frame,8,CAN,x| 2B FF FF FF FF FF FF FF 
74658,="15:44:26.948",0xB1CDA6C,1,Rx,0x314,Standard Frame,data frame,8,CAN,x| 00 00 00 00 00 00 A3 01 
74659,="15:44:26.948",0xB1CDB34,1,Rx,0x32E,Standard Frame,data frame,8,CAN,x| 00 00 00 00 64 00 00 00 
74660,="15:44:26.948",0xB1CE110,1,Rx,0x7E8,Standard Frame,data frame,8,CAN,x| 2C FF FF FF FF FF FF FF 
74661,="15:44:26.950",0xB1CE8E0,1,Rx,0x7E8,Standard Frame,data frame,8,CAN,x| 2D FF FF FF FF FF FF FF 
74662,="15:44:26.952",0xB1CF178,1,Rx,0x7E8,Standard Frame,data frame,8,CAN,x| 2E FF 00 00 00 00 00 00 
74663,="15:44:26.956",0xB1CFBA0,1,Rx,0x124,Standard Frame,data frame,8,CAN,x| 68 12 C0 1D 88 13 20 00 
74664,="15:44:26.956",0xB1CFC68,1,Rx,0x120,Standard Frame,data frame,6,CAN,x| 02 43 15 A4 5F 00 
74665,="15:44:26.956",0xB1CFD94,1,Rx,0x122,Standard Frame,data frame,8,CAN,x| B0 00 00 00 13 00 00 00 
74666,="15:44:26.958",0xB1D01E0,1,Rx,0x13F,Standard Frame,data frame,8,CAN,x| 00 12 C0 00 00 00 00 00 
74667,="15:44:26.964",0xB1D1FF4,1,Rx,0x124,Standard Frame,data frame,8,CAN,x| 68 12 C0 1D 88 13 21 00 
74668,="15:44:26.966",0xB1D20BC,1,Rx,0x120,Standard Frame,data frame,6,CAN,x| 02 43 14 A4 5E 01 
74669,="15:44:26.966",0xB1D2184,1,Rx,0x122,Standard Frame,data frame,8,CAN,x| B0 00 00 01 13 00 00 00 
74670,="15:44:26.974",0xB1D4704,1,Rx,0x124,Standard Frame,data frame,8,CAN,x| 68 12 C0 1D 88 13 22 00 
74671,="15:44:26.976",0xB1D47CC,1,Rx,0x120,Standard Frame,data frame,6,CAN,x| 02 43 14 A4 5D 02 
74672,="15:44:26.976",0xB1D4894,1,Rx,0x122,Standard Frame,data frame,8,CAN,x| B0 00 00 02 13 00 00 00 
74673,="15:44:26.976",0xB1D49C0,1,Rx,0x310,Standard Frame,data frame,8,CAN,x| 01 3D 00 00 00 00 08 00 
74674,="15:44:26.976",0xB1D4A88,1,Rx,0x318,Standard Frame,data frame,8,CAN,x| 01 41 FF 00 00 00 10 80 
74675,="15:44:26.976",0xB1D4D44,1,Rx,0x13F,Standard Frame,data frame,8,CAN,x| 00 12 C0 00 00 00 00 00 
74676,="15:44:26.976",0xB1D4E70,1,Rx,0x7E0,Standard Frame,data frame,8,CAN,x| 02 21 00 00 00 00 00 00 
74677,="15:44:26.984",0xB1D689C,1,Rx,0x7E8,Standard Frame,data frame,8,CAN,x| 10 D2 61 00 FF FF FF FF 
74678,="15:44:26.984",0xB1D69C8,1,Rx,0x7E0,Standard Frame,data frame,8,CAN,x| 30 00 00 00 00 00 00 00 
74679,="15:44:26.984",0xB1D6DB0,1,Rx,0x7E8,Standard Frame,data frame,8,CAN,x| 21 FF FF FF FF FF FF FF 
74680,="15:44:26.986",0xB1D72C4,1,Rx,0x124,Standard Frame,data frame,8,CAN,x| 68 12 C0 1D 88 13 23 00 
74681,="15:44:26.986",0xB1D738C,1,Rx,0x120,Standard Frame,data frame,6,CAN,x| 02 43 18 A4 5D 03 
74682,="15:44:26.986",0xB1D7454,1,Rx,0x122,Standard Frame,data frame,8,CAN,x| B0 00 00 03 13 00 00 00 
74683,="15:44:26.986",0xB1D7580,1,Rx,0x7E8,Standard Frame,data frame,8,CAN,x| 22 FF FF FF FF 01 FF 80 
74684,="15:44:26.988",0xB1D7CEC,1,Rx,0x7E8,Standard Frame,data frame,8,CAN,x| 23 80 FF FF 80 FF 09 86 
74685,="15:44:26.990",0xB1D8520,1,Rx,0x7E8,Standard Frame,data frame,8,CAN,x| 24 FF FF DA FF FF FF FF 
74686,="15:44:26.992",0xB1D8CF0,1,Rx,0x7E8,Standard Frame,data frame,8,CAN,x| 25 FF FF 23 12 C0 BF FF 
74687,="15:44:26.994",0xB1D945C,1,Rx,0x7E8,Standard Frame,data frame,8,CAN,x| 26 FF 00 15 3D 1C 64 00 
74688,="15:44:26.996",0xB1D9524,1,Rx,0x120,Standard Frame,data frame,6,CAN,x| 02 43 18 A4 60 00 
74689,="15:44:26.996",0xB1D9650,1,Rx,0x124,Standard Frame,data frame,8,CAN,x| 68 12 C0 1D 88 0E 20 00 
74690,="15:44:26.996",0xB1D9718,1,Rx,0x122,Standard Frame,data frame,8,CAN,x| B0 00 00 00 0E 00 00 00 
74691,="15:44:26.996",0xB1D9B00,1,Rx,0x13F,Standard Frame,data frame,8,CAN,x| 00 12 C0 00 00 00 00 00 
74692,="15:44:26.996",0xB1D9C2C,1,Rx,0x7E8,Standard Frame,data frame,8,CAN,x| 27 FF FF 00 80 FF FF FF 
74693,="15:44:26.998",0xB1DA3FC,1,Rx,0x7E8,Standard Frame,data frame,8,CAN,x| 28 FF FF FF FF FF FC 30 
74694,="15:44:27.000",0xB1DABCC,1,Rx,0x7E8,Standard Frame,data frame,8,CAN,x| 29 00 00 00 00 13 31 FF 
74695,="15:44:27.002",0xB1DB464,1,Rx,0x7E8,Standard Frame,data frame,8,CAN,x| 2A FF FF FF FF FF FF FF 
74696,="15:44:27.004",0xB1DBB6C,1,Rx,0x7E8,Standard Frame,data frame,8,CAN,x| 2B 5B 5B FF FF FF FF FF 
74697,="15:44:27.006",0xB1DBEF0,1,Rx,0x124,Standard Frame,data frame,8,CAN,x| 68 12 C0 1D 88 13 21 00 
74698,="15:44:27.006",0xB1DBFB8,1,Rx,0x120,Standard Frame,data frame,6,CAN,x| 02 43 18 A4 60 01 
74699,="15:44:27.006",0xB1DC080,1,Rx,0x122,Standard Frame,data frame,8,CAN,x| B0 00 00 01 13 00 00 00 
74700,="15:44:27.006",0xB1DC33C,1,Rx,0x7E8,Standard Frame,data frame,8,CAN,x| 2C FF FF FF FF FF FF FF 
74701,="15:44:27.008",0xB1DCB0C,1,Rx,0x7E8,Standard Frame,data frame,8,CAN,x| 2D FF FF FF FF FF FF FF 
74702,="15:44:27.010",0xB1DD2DC,1,Rx,0x7E8,Standard Frame,data frame,8,CAN,x| 2E FF FF 2E D7 FF FF FF 
74703,="15:44:27.012",0xB1DDAAC,1,Rx,0x7E8,Standard Frame,data frame,8,CAN,x| 2F FF FF FF FF FF FF FF 
74704,="15:44:27.014",0xB1DE27C,1,Rx,0x7E8,Standard Frame,data frame,8,CAN,x| 20 FF FF FF FF FF FF C1 
74705,="15:44:27.014",0xB1DE344,1,Rx,0x120,Standard Frame,data frame,6,CAN,x| 02 43 16 A4 5E 02 
74706,="15:44:27.016",0xB1DE470,1,Rx,0x124,Standard Frame,data frame,8,CAN,x| 68 12 C0 1D 88 13 22 00 
74707,="15:44:27.016",0xB1DE538,1,Rx,0x122,Standard Frame,data frame,8,CAN,x| B0 00 00 02 13 00 00 00 
74708,="15:44:27.016",0xB1DE858,1,Rx,0x13F,Standard Frame,data frame,8,CAN,x| 00 12 C0 00 00 00 00 00 
74709,="15:44:27.016",0xB1DEA4C,1,Rx,0x7E8,Standard Frame,data frame,8,CAN,x| 21 FF FF FF FF 8C 53 00 
74710,="15:44:27.018",0xB1DF21C,1,Rx,0x7E8,Standard Frame,data frame,8,CAN,x| 22 00 00 FF 01 FF FF FF 
74711,="15:44:27.020",0xB1DF9EC,1,Rx,0x7E8,Standard Frame,data frame,8,CAN,x| 23 FF FF 08 04 FF FF 02 
74712,="15:44:27.022",0xB1E01BC,1,Rx,0x7E8,Standard Frame,data frame,8,CAN,x| 24 00 FF FF FF FF FF FF 
74713,="15:44:27.024",0xB1E098C,1,Rx,0x7E8,Standard Frame,data frame,8,CAN,x| 25 FF FF FF FF FF FF FF 
74714,="15:44:27.024",0xB1E0A54,1,Rx,0x120,Standard Frame,data frame,6,CAN,x| 02 43 16 A4 5D 03 
74715,="15:44:27.026",0xB1E0B1C,1,Rx,0x124,Standard Frame,data frame,8,CAN,x| 68 12 C0 1D 88 14 23 00 
74716,="15:44:27.026",0xB1E0C48,1,Rx,0x122,Standard Frame,data frame,8,CAN,x| B0 00 00 03 14 00 00 00 
74717,="15:44:27.026",0xB1E115C,1,Rx,0x7E8,Standard Frame,data frame,8,CAN,x| 26 FF FF FF FF FF FF FF 
74718,="15:44:27.028",0xB1E192C,1,Rx,0x7E8,Standard Frame,data frame,8,CAN,x| 27 FF FF FF FF FF FF FF 
74719,="15:44:27.030",0xB1E20FC,1,Rx,0x7E8,Standard Frame,data frame,8,CAN,x| 28 FF FF FF FF FF FF FF 
74720,="15:44:27.032",0xB1E28CC,1,Rx,0x7E8,Standard Frame,data frame,8,CAN,x| 29 FF FF FF FF 01 FF FF 
74721,="15:44:27.034",0xB1E309C,1,Rx,0x7E8,Standard Frame,data frame,8,CAN,x| 2A FF FF FF FF FF FF FF 
74722,="15:44:27.036",0xB1E32F4,1,Rx,0x124,Standard Frame,data frame,8,CAN,x| 68 12 C0 1D 88 13 20 00 
74723,="15:44:27.036",0xB1E33BC,1,Rx,0x120,Standard Frame,data frame,6,CAN,x| 02 43 1A A4 5C 00 
74724,="15:44:27.036",0xB1E34E8,1,Rx,0x122,Standard Frame,data frame,8,CAN,x| B0 00 00 00 13 00 00 00 
74725,="15:44:27.036",0xB1E386C,1,Rx,0x7E8,Standard Frame,data frame,8,CAN,x| 2B FF FF FF FF FF FF FF 
74726,="15:44:27.036",0xB1E3934,1,Rx,0x13F,Standard Frame,data frame,8,CAN,x| 00 12 C0 00 00 00 00 00 
74727,="15:44:27.038",0xB1E403C,1,Rx,0x7E8,Standard Frame,data frame,8,CAN,x| 2C FF FF FF FF FF FF FF 
74728,="15:44:27.040",0xB1E480C,1,Rx,0x7E8,Standard Frame,data frame,8,CAN,x| 2D FF FF FF FF FF FF FF 
74729,="15:44:27.042",0xB1E4FDC,1,Rx,0x7E8,Standard Frame,data frame,8,CAN,x| 2E FF 00 00 00 00 00 00 
74730,="15:44:27.044",0xB1E5810,1,Rx,0x124,Standard Frame,data frame,8,CAN,x| 68 12 C0 1D 88 0E 21 00 
74731,="15:44:27.046",0xB1E58D8,1,Rx,0x120,Standard Frame,data frame,6,CAN,x| 02 43 1A A4 5F 01 
74732,="15:44:27.046",0xB1E59A0,1,Rx,0x122,Standard Frame,data frame,8,CAN,x| B0 00 00 01 0E 00 00 00 
74733,="15:44:27.046",0xB1E5EB4,1,Rx,0x314,Standard Frame,data frame,8,CAN,x| 00 00 00 00 00 00 BB 01 
74734,="15:44:27.046",0xB1E5FE0,1,Rx,0x500,Standard Frame,data frame,8,CAN,x| 75 02 3F 3F 3F 3F 3F 3F 
74735,="15:44:27.048",0xB1E60A8,1,Rx,0x32E,Standard Frame,data frame,8,CAN,x| 00 00 00 01 64 00 00 00 
74736,="15:44:27.056",0xB1E81DC,1,Rx,0x124,Standard Frame,data frame,8,CAN,x| 68 12 C0 1D 88 14 22 00 
74737,="15:44:27.056",0xB1E82A4,1,Rx,0x120,Standard Frame,data frame,6,CAN,x| 02 43 1A A4 5E 02 
74738,="15:44:27.056",0xB1E83D0,1,Rx,0x122,Standard Frame,data frame,8,CAN,x| B0 00 00 02 14 00 00 00 
74739,="15:44:27.056",0xB1E8754,1,Rx,0x13F,Standard Frame,data frame,8,CAN,x| 00 12 C0 00 00 00 00 00 
74740,="15:44:27.064",0xB1EA630,1,Rx,0x124,Standard Frame,data frame,8,CAN,x| 68 12 C0 1D 88 14 23 00 
74741,="15:44:27.066",0xB1EA6F8,1,Rx,0x120,Standard Frame,data frame,6,CAN,x| 02 43 18 A4 5E 03 
74742,="15:44:27.066",0xB1EA7C0,1,Rx,0x122,Standard Frame,data frame,8,CAN,x| B0 00 00 03 14 00 00 00 
74743,="15:44:27.074",0xB1ECB4C,1,Rx,0x7E0,Standard Frame,data frame,8,CAN,x| 02 21 00 00 00 00 00 00 
74744,="15:44:27.074",0xB1ECD40,1,Rx,0x124,Standard Frame,data frame,8,CAN,x| 68 12 C0 1D 88 14 20 00 
74745,="15:44:27.076",0xB1ECE08,1,Rx,0x120,Standard Frame,data frame,6,CAN,x| 02 43 18 A4 5D 00 
74746,="15:44:27.076",0xB1ECED0,1,Rx,0x122,Standard Frame,data frame,8,CAN,x| B0 00 00 00 14 00 00 00 
74747,="15:44:27.076",0xB1ECFFC,1,Rx,0x310,Standard Frame,data frame,8,CAN,x| 01 3D 00 00 00 00 08 00 
74748,="15:44:27.076",0xB1ED0C4,1,Rx,0x318,Standard Frame,data frame,8,CAN,x| 01 41 FF 00 00 00 10 80 
74749,="15:44:27.076",0xB1ED4AC,1,Rx,0x13F,Standard Frame,data frame,8,CAN,x| 00 12 C0 00 00 00 00 00 
74750,="15:44:27.084",0xB1EEED8,1,Rx,0x7E8,Standard Frame,data frame,8,CAN,x| 10 D2 61 00 FF FF FF FF 
74751,="15:44:27.084",0xB1EF004,1,Rx,0x7E0,Standard Frame,data frame,8,CAN,x| 30 00 00 00 00 00 00 00 
74752,="15:44:27.084",0xB1EF388,1,Rx,0x7E8,Standard Frame,data frame,8,CAN,x| 21 FF FF FF FF FF FF FF 
74753,="15:44:27.086",0xB1EFB58,1,Rx,0x7E8,Standard Frame,data frame,8,CAN,x| 22 FF FF FF FF 01 FF 80 
74754,="15:44:27.088",0xB1EFCE8,1,Rx,0x124,Standard Frame,data frame,8,CAN,x| 68 12 C0 1D 88 14 21 00 
74755,="15:44:27.088",0xB1EFDB0,1,Rx,0x120,Standard Frame,data frame,6,CAN,x| 02 43 1C A4 5E 01 
74756,="15:44:27.088",0xB1EFEDC,1,Rx,0x122,Standard Frame,data frame,8,CAN,x| B0 00 00 01 14 00 00 00 
74757,="15:44:27.088",0xB1F0328,1,Rx,0x7E8,Standard Frame,data frame,8,CAN,x| 23 80 FF FF 80 FF 0A 46 
74758,="15:44:27.090",0xB1F0AF8,1,Rx,0x7E8,Standard Frame,data frame,8,CAN,x| 24 FF FF D8 FF FF FF FF 
74759,="15:44:27.092",0xB1F12C8,1,Rx,0x7E8,Standard Frame,data frame,8,CAN,x| 25 FF FF 25 12 C0 BF FF 
74760,="15:44:27.094",0xB1F1A98,1,Rx,0x7E8,Standard Frame,data frame,8,CAN,x| 26 FF 00 16 3D 1C 64 00 
74761,="15:44:27.096",0xB1F1B60,1,Rx,0x120,Standard Frame,data frame,6,CAN,x| 02 43 1C A4 60 02 
74762,="15:44:27.096",0xB1F1C8C,1,Rx,0x124,Standard Frame,data frame,8,CAN,x| 68 12 C0 1D 88 0E 22 00 
74763,="15:44:27.096",0xB1F1D54,1,Rx,0x122,Standard Frame,data frame,8,CAN,x| B0 00 00 02 0E 00 00 00 
74764,="15:44:27.096",0xB1F2074,1,Rx,0x13F,Standard Frame,data frame,8,CAN,x| 00 12 C0 00 00 00 00 00 
74765,="15:44:27.096",0xB1F2268,1,Rx,0x7E8,Standard Frame,data frame,8,CAN,x| 27 FF FF 00 80 FF FF FF 
74766,="15:44:27.098",0xB1F2A38,1,Rx,0x7E8,Standard Frame,data frame,8,CAN,x| 28 FF FF FF FF FF FA 30 
74767,="15:44:27.100",0xB1F3208,1,Rx,0x7E8,Standard Frame,data frame,8,CAN,x| 29 00 00 00 00 14 31 FF 
74768,="15:44:27.104",0xB1F3AA0,1,Rx,0x7E8,Standard Frame,data frame,8,CAN,x| 2A FF FF FF FF FF FF FF 
74769,="15:44:27.104",0xB1F41A8,1,Rx,0x7E8,Standard Frame,data frame,8,CAN,x| 2B 5B 5B FF FF FF FF FF 
74770,="15:44:27.106",0xB1F452C,1,Rx,0x124,Standard Frame,data frame,8,CAN,x| 68 12 C0 1D 88 14 23 00 
74771,="15:44:27.106",0xB1F45F4,1,Rx,0x120,Standard Frame,data frame,6,CAN,x| 02 43 1C A4 60 03 
74772,="15:44:27.106",0xB1F46BC,1,Rx,0x122,Standard Frame,data frame,8,CAN,x| B0 00 00 03 14 00 00 00 
74773,="15:44:27.106",0xB1F4978,1,Rx,0x7E8,Standard Frame,data frame,8,CAN,x| 2C FF FF FF FF FF FF FF 
74774,="15:44:27.108",0xB1F5148,1,Rx,0x7E8,Standard Frame,data frame,8,CAN,x| 2D FF FF FF FF FF FF FF 
74775,="15:44:27.110",0xB1F5918,1,Rx,0x7E8,Standard Frame,data frame,8,CAN,x| 2E FF FF 2E C0 FF FF FF 
74776,="15:44:27.112",0xB1F60E8,1,Rx,0x7E8,Standard Frame,data frame,8,CAN,x| 2F FF FF FF FF FF FF FF 
74777,="15:44:27.114",0xB1F68B8,1,Rx,0x7E8,Standard Frame,data frame,8,CAN,x| 20 FF FF FF FF FF FF C1 
74778,="15:44:27.116",0xB1F6980,1,Rx,0x120,Standard Frame,data frame,6,CAN,x| 02 43 19 A4 5E 00 
74779,="15:44:27.116",0xB1F6AAC,1,Rx,0x124,Standard Frame,data frame,8,CAN,x| 68 12 C0 1D 88 14 20 00 
74780,="15:44:27.116",0xB1F6B74,1,Rx,0x122,Standard Frame,data frame,8,CAN,x| B0 00 00 00 14 00 00 00 
74781,="15:44:27.116",0xB1F6F5C,1,Rx,0x13F,Standard Frame,data frame,8,CAN,x| 00 12 C0 00 00 00 00 00 
74782,="15:44:27.116",0xB1F7088,1,Rx,0x7E8,Standard Frame,data frame,8,CAN,x| 21 FF FF FF FF 8C 53 00 
74783,="15:44:27.118",0xB1F7858,1,Rx,0x7E8,Standard Frame,data frame,8,CAN,x| 22 00 00 FF 01 FF FF FF 
74784,="15:44:27.120",0xB1F8028,1,Rx,0x7E8,Standard Frame,data frame,8,CAN,x| 23 FF FF 08 04 FF FF 02 
74785,="15:44:27.122",0xB1F87F8,1,Rx,0x7E8,Standard Frame,data frame,8,CAN,x| 24 00 FF FF FF FF FF FF 
74786,="15:44:27.124",0xB1F8FC8,1,Rx,0x7E8,Standard Frame,data frame,8,CAN,x| 25 FF FF FF FF FF FF FF 
74787,="15:44:27.126",0xB1F9090,1,Rx,0x120,Standard Frame,data frame,6,CAN,x| 02 43 19 A4 5D 01 
74788,="15:44:27.126",0xB1F9158,1,Rx,0x124,Standard Frame,data frame,8,CAN,x| 68 12 C0 1D 88 14 21 00 
74789,="15:44:27.126",0xB1F9284,1,Rx,0x122,Standard Frame,data frame,8,CAN,x| B0 00 00 01 14 00 00 00 
74790,="15:44:27.126",0xB1F9798,1,Rx,0x7E8,Standard Frame,data frame,8,CAN,x| 26 FF FF FF FF FF FF FF 
74791,="15:44:27.128",0xB1F9F68,1,Rx,0x7E8,Standard Frame,data frame,8,CAN,x| 27 FF FF FF FF FF FF FF 
74792,="15:44:27.130",0xB1FA738,1,Rx,0x7E8,Standard Frame,data frame,8,CAN,x| 28 FF FF FF FF FF FF FF 
74793,="15:44:27.132",0xB1FAF08,1,Rx,0x7E8,Standard Frame,data frame,8,CAN,x| 29 FF FF FF FF 01 FF FF 
74794,="15:44:27.134",0xB1FB6D8,1,Rx,0x7E8,Standard Frame,data frame,8,CAN,x| 2A FF FF FF FF FF FF FF 
74795,="15:44:27.136",0xB1FB930,1,Rx,0x124,Standard Frame,data frame,8,CAN,x| 68 12 C0 1D 88 14 22 00 
74796,="15:44:27.136",0xB1FB9F8,1,Rx,0x120,Standard Frame,data frame,6,CAN,x| 02 43 1C A4 5C 02 
74797,="15:44:27.136",0xB1FBAC0,1,Rx,0x122,Standard Frame,data frame,8,CAN,x| B0 00 00 02 14 00 00 00 
74798,="15:44:27.136",0xB1FBE44,1,Rx,0x13F,Standard Frame,data frame,8,CAN,x| 00 12 C0 00 00 00 00 00 
74799,="15:44:27.138",0xB1FBF70,1,Rx,0x7E8,Standard Frame,data frame,8,CAN,x| 2B FF FF FF FF FF FF FF 
74800,="15:44:27.138",0xB1FC678,1,Rx,0x7E8,Standard Frame,data frame,8,CAN,x| 2C FF FF FF FF FF FF FF 
74801,="15:44:27.140",0xB1FCE48,1,Rx,0x7E8,Standard Frame,data frame,8,CAN,x| 2D FF FF FF FF FF FF FF 
74802,="15:44:27.142",0xB1FD618,1,Rx,0x7E8,Standard Frame,data frame,8,CAN,x| 2E FF 00 00 00 00 00 00 
74803,="15:44:27.144",0xB1FDE4C,1,Rx,0x124,Standard Frame,data frame,8,CAN,x| 68 12 C0 1D 88 0E 23 00 
74804,="15:44:27.146",0xB1FDF14,1,Rx,0x120,Standard Frame,data frame,6,CAN,x| 02 43 1C A4 5F 03 
74805,="15:44:27.146",0xB1FDFDC,1,Rx,0x122,Standard Frame,data frame,8,CAN,x| B0 00 00 03 0E 00 00 00 
74806,="15:44:27.148",0xB1FE680,1,Rx,0x314,Standard Frame,data frame,8,CAN,x| 00 00 00 00 00 00 C2 01 
74807,="15:44:27.148",0xB1FE748,1,Rx,0x32E,Standard Frame,data frame,8,CAN,x| 00 00 00 02 64 00 00 00 
74808,="15:44:27.156",0xB200818,1,Rx,0x124,Standard Frame,data frame,8,CAN,x| 68 12 C0 1D 88 13 20 00 
74809,="15:44:27.156",0xB2008E0,1,Rx,0x120,Standard Frame,data frame,6,CAN,x| 02 43 1C A4 5F 00 
74810,="15:44:27.156",0xB2009A8,1,Rx,0x122,Standard Frame,data frame,8,CAN,x| B0 00 00 00 13 00 00 00 
74811,="15:44:27.158",0xB200E58,1,Rx,0x13F,Standard Frame,data frame,8,CAN,x| 00 12 C0 00 00 00 00 00 
74812,="15:44:27.166",0xB202C6C,1,Rx,0x124,Standard Frame,data frame,8,CAN,x| 68 12 C0 1D 88 14 21 00 
74813,="15:44:27.166",0xB202D34,1,Rx,0x120,Standard Frame,data frame,6,CAN,x| 02 43 18 A4 5F 01 
74814,="15:44:27.166",0xB202DFC,1,Rx,0x122,Standard Frame,data frame,8,CAN,x| B0 00 00 01 14 00 00 00 
74815,="15:44:27.176",0xB20537C,1,Rx,0x124,Standard Frame,data frame,8,CAN,x| 68 12 C0 1D 88 13 22 00 
74816,="15:44:27.176",0xB205444,1,Rx,0x120,Standard Frame,data frame,6,CAN,x| 02 43 18 A4 5E 02 
74817,="15:44:27.176",0xB20550C,1,Rx,0x122,Standard Frame,data frame,8,CAN,x| B0 00 00 02 13 00 00 00 
74818,="15:44:27.176",0xB205638,1,Rx,0x310,Standard Frame,data frame,8,CAN,x| 01 3D 00 00 00 00 08 00 
74819,="15:44:27.176",0xB205700,1,Rx,0x318,Standard Frame,data frame,8,CAN,x| 01 41 FF 00 00 00 10 80 
74820,="15:44:27.176",0xB2059BC,1,Rx,0x13F,Standard Frame,data frame,8,CAN,x| 00 12 C0 00 00 00 00 00 
74821,="15:44:27.186",0xB207C1C,1,Rx,0x124,Standard Frame,data frame,8,CAN,x| 68 12 C0 1D 88 13 23 00 
74822,="15:44:27.186",0xB207CE4,1,Rx,0x120,Standard Frame,data frame,6,CAN,x| 02 43 1A A4 5E 03 
74823,="15:44:27.186",0xB207E10,1,Rx,0x122,Standard Frame,data frame,8,CAN,x| B0 00 00 03 13 00 00 00 
74824,="15:44:27.196",0xB20A138,1,Rx,0x124,Standard Frame,data frame,8,CAN,x| 68 12 C0 1D 88 0E 20 00 
74825,="15:44:27.196",0xB20A200,1,Rx,0x120,Standard Frame,data frame,6,CAN,x| 02 43 1B A4 60 00 
74826,="15:44:27.196",0xB20A32C,1,Rx,0x122,Standard Frame,data frame,8,CAN,x| B0 00 00 00 0E 00 00 00 
74827,="15:44:27.196",0xB20A714,1,Rx,0x13F,Standard Frame,data frame,8,CAN,x| 00 12 C0 00 00 00 00 00 
74828,="15:44:27.206",0xB20CB04,1,Rx,0x124,Standard Frame,data frame,8,CAN,x| 68 12 C0 1D 88 13 21 00 
74829,="15:44:27.206",0xB20CBCC,1,Rx,0x120,Standard Frame,data frame,6,CAN,x| 02 43 1B A4 60 01 
74830,="15:44:27.206",0xB20CCF8,1,Rx,0x122,Standard Frame,data frame,8,CAN,x| B0 00 00 01 13 00 00 00 
74831,="15:44:27.216",0xB20EF58,1,Rx,0x124,Standard Frame,data frame,8,CAN,x| 68 12 C0 1D 88 13 22 00 
74832,="15:44:27.216",0xB20F020,1,Rx,0x120,Standard Frame,data frame,6,CAN,x| 02 43 16 A4 5F 02 
74833,="15:44:27.216",0xB20F0E8,1,Rx,0x122,Standard Frame,data frame,8,CAN,x| B0 00 00 02 13 00 00 00 
74834,="15:44:27.216",0xB20F46C,1,Rx,0x13F,Standard Frame,data frame,8,CAN,x| 00 12 C0 00 00 00 00 00 
74835,="15:44:27.226",0xB211668,1,Rx,0x124,Standard Frame,data frame,8,CAN,x| 68 12 C0 1D 88 13 23 00 
74836,="15:44:27.226",0xB211730,1,Rx,0x120,Standard Frame,data frame,6,CAN,x| 02 43 16 A4 5F 03 
74837,="15:44:27.226",0xB2117F8,1,Rx,0x122,Standard Frame,data frame,8,CAN,x| B0 00 00 03 13 00 00 00 
74838,="15:44:27.236",0xB213F6C,1,Rx,0x124,Standard Frame,data frame,8,CAN,x| 68 12 C0 1D 88 13 20 00 
74839,="15:44:27.236",0xB214034,1,Rx,0x120,Standard Frame,data frame,6,CAN,x| 02 43 18 A4 5F 00 
74840,="15:44:27.236",0xB2140FC,1,Rx,0x122,Standard Frame,data frame,8,CAN,x| B0 00 00 00 13 00 00 00 
74841,="15:44:27.238",0xB2145AC,1,Rx,0x13F,Standard Frame,data frame,8,CAN,x| 00 12 C0 00 00 00 00 00 
74842,="15:44:27.246",0xB216488,1,Rx,0x124,Standard Frame,data frame,8,CAN,x| 68 12 C0 1D 88 0E 21 00 
74843,="15:44:27.246",0xB216550,1,Rx,0x120,Standard Frame,data frame,6,CAN,x| 02 43 18 A4 61 01 
74844,="15:44:27.246",0xB216618,1,Rx,0x122,Standard Frame,data frame,8,CAN,x| B0 00 00 01 0E 00 00 00 
74845,="15:44:27.246",0xB216B2C,1,Rx,0x314,Standard Frame,data frame,8,CAN,x| 00 00 00 00 00 00 B2 01 
74846,="15:44:27.248",0xB216BF4,1,Rx,0x500,Standard Frame,data frame,8,CAN,x| 75 03 3F 3F 3F 3F 3F 3F 
74847,="15:44:27.248",0xB216D20,1,Rx,0x32E,Standard Frame,data frame,8,CAN,x| 00 00 00 03 64 00 00 00 
74848,="15:44:27.256",0xB218E54,1,Rx,0x124,Standard Frame,data frame,8,CAN,x| 68 12 C0 1D 88 13 22 00 
74849,="15:44:27.256",0xB218F1C,1,Rx,0x120,Standard Frame,data frame,6,CAN,x| 02 43 18 A4 62 02 
74850,="15:44:27.256",0xB218FE4,1,Rx,0x122,Standard Frame,data frame,8,CAN,x| B0 00 00 02 13 00 00 00 
74851,="15:44:27.258",0xB2193CC,1,Rx,0x13F,Standard Frame,data frame,8,CAN,x| 00 12 C0 00 00 00 00 00 
74852,="15:44:27.266",0xB21B2A8,1,Rx,0x124,Standard Frame,data frame,8,CAN,x| 68 12 C0 1D 88 13 23 00 
74853,="15:44:27.266",0xB21B370,1,Rx,0x120,Standard Frame,data frame,6,CAN,x| 02 43 12 A4 5F 03 
74854,="15:44:27.266",0xB21B438,1,Rx,0x122,Standard Frame,data frame,8,CAN,x| B0 00 00 03 13 00 00 00 
74855,="15:44:27.276",0xB21D954,1,Rx,0x124,Standard Frame,data frame,8,CAN,x| 68 12 C0 1D 88 13 20 00 
74856,="15:44:27.276",0xB21DA1C,1,Rx,0x120,Standard Frame,data frame,6,CAN,x| 02 43 12 A4 5F 00 
74857,="15:44:27.276",0xB21DB48,1,Rx,0x122,Standard Frame,data frame,8,CAN,x| B0 00 00 00 13 00 00 00 
74858,="15:44:27.276",0xB21DC10,1,Rx,0x310,Standard Frame,data frame,8,CAN,x| 01 3D 00 00 00 00 08 00 
74859,="15:44:27.276",0xB21DD3C,1,Rx,0x318,Standard Frame,data frame,8,CAN,x| 01 41 FF 00 00 00 10 80 
74860,="15:44:27.276",0xB21E124,1,Rx,0x13F,Standard Frame,data frame,8,CAN,x| 00 12 C0 00 00 00 00 00 
74861,="15:44:27.286",0xB220258,1,Rx,0x124,Standard Frame,data frame,8,CAN,x| 68 12 C0 1D 88 12 21 00 
74862,="15:44:27.286",0xB220320,1,Rx,0x120,Standard Frame,data frame,6,CAN,x| 02 43 13 A4 5F 01 
74863,="15:44:27.286",0xB22044C,1,Rx,0x122,Standard Frame,data frame,8,CAN,x| B0 00 00 01 12 00 00 00 
74864,="15:44:27.296",0xB222774,1,Rx,0x124,Standard Frame,data frame,8,CAN,x| 68 12 C0 1D 88 0D 22 00 
74865,="15:44:27.296",0xB22283C,1,Rx,0x120,Standard Frame,data frame,6,CAN,x| 02 43 13 A4 61 02 
74866,="15:44:27.296",0xB222968,1,Rx,0x122,Standard Frame,data frame,8,CAN,x| B0 00 00 02 0D 00 00 00 
74867,="15:44:27.296",0xB222CEC,1,Rx,0x13F,Standard Frame,data frame,8,CAN,x| 00 12 C0 00 00 00 00 00 
74868,="15:44:27.306",0xB225140,1,Rx,0x124,Standard Frame,data frame,8,CAN,x| 68 12 C0 1D 88 12 23 00 
74869,="15:44:27.306",0xB225208,1,Rx,0x120,Standard Frame,data frame,6,CAN,x| 02 43 13 A4 62 03 
74870,="15:44:27.306",0xB225334,1,Rx,0x122,Standard Frame,data frame,8,CAN,x| B0 00 00 03 12 00 00 00 
74871,="15:44:27.316",0xB227594,1,Rx,0x124,Standard Frame,data frame,8,CAN,x| 68 12 C0 1D 88 12 20 00 
74872,="15:44:27.316",0xB22765C,1,Rx,0x120,Standard Frame,data frame,6,CAN,x| 02 43 0E A4 60 00 
74873,="15:44:27.316",0xB227724,1,Rx,0x122,Standard Frame,data frame,8,CAN,x| B0 00 00 00 12 00 00 00 
74874,="15:44:27.316",0xB227B70,1,Rx,0x13F,Standard Frame,data frame,8,CAN,x| 00 12 C0 00 00 00 00 00 
74875,="15:44:27.326",0xB229CA4,1,Rx,0x124,Standard Frame,data frame,8,CAN,x| 68 12 C0 1D 88 12 21 00 
74876,="15:44:27.326",0xB229D6C,1,Rx,0x120,Standard Frame,data frame,6,CAN,x| 02 43 0E A4 61 01 
74877,="15:44:27.326",0xB229E34,1,Rx,0x122,Standard Frame,data frame,8,CAN,x| B0 00 00 01 12 00 00 00 
74878,="15:44:27.336",0xB22C5A8,1,Rx,0x124,Standard Frame,data frame,8,CAN,x| 68 12 C0 1D 88 12 22 00 
74879,="15:44:27.336",0xB22C670,1,Rx,0x120,Standard Frame,data frame,6,CAN,x| 02 43 0F A4 62 02 
74880,="15:44:27.336",0xB22C738,1,Rx,0x122,Standard Frame,data frame,8,CAN,x| B0 00 00 02 12 00 00 00 
74881,="15:44:27.336",0xB22CABC,1,Rx,0x13F,Standard Frame,data frame,8,CAN,x| 00 12 C0 00 00 00 00 00 
74882,="15:44:27.346",0xB22EAC4,1,Rx,0x124,Standard Frame,data frame,8,CAN,x| 68 12 C0 1D 88 0B 23 00 
74883,="15:44:27.346",0xB22EB8C,1,Rx,0x120,Standard Frame,data frame,6,CAN,x| 02 43 0F A4 62 03 
74884,="15:44:27.346",0xB22EC54,1,Rx,0x122,Standard Frame,data frame,8,CAN,x| B0 00 00 03 0B 00 00 00 
74885,="15:44:27.348",0xB22F294,1,Rx,0x314,Standard Frame,data frame,8,CAN,x| 00 00 00 00 00 00 97 01 
74886,="15:44:27.348",0xB22F3C0,1,Rx,0x32E,Standard Frame,data frame,8,CAN,x| 00 00 00 00 64 00 00 00 
74887,="15:44:27.356",0xB231490,1,Rx,0x124,Standard Frame,data frame,8,CAN,x| 68 12 C0 1D 88 12 20 00 
74888,="15:44:27.356",0xB231558,1,Rx,0x120,Standard Frame,data frame,6,CAN,x| 02 43 0F A4 64 00 
74889,="15:44:27.356",0xB231620,1,Rx,0x122,Standard Frame,data frame,8,CAN,x| B0 00 00 00 12 00 00 00 
74890,="15:44:27.358",0xB231AD0,1,Rx,0x13F,Standard Frame,data frame,8,CAN,x| 00 12 C0 00 00 00 00 00 
74891,="15:44:27.366",0xB233880,1,Rx,0x124,Standard Frame,data frame,8,CAN,x| 68 12 C0 1D 88 12 21 00 
74892,="15:44:27.366",0xB233948,1,Rx,0x120,Standard Frame,data frame,6,CAN,x| 02 43 0C A4 61 01 
74893,="15:44:27.366",0xB233A74,1,Rx,0x122,Standard Frame,data frame,8,CAN,x| B0 00 00 01 12 00 00 00 
74894,="15:44:27.376",0xB235F90,1,Rx,0x124,Standard Frame,data frame,8,CAN,x| 68 12 C0 1D 88 12 22 00 
74895,="15:44:27.376",0xB236058,1,Rx,0x120,Standard Frame,data frame,6,CAN,x| 02 43 0C A4 61 02 
74896,="15:44:27.376",0xB236184,1,Rx,0x122,Standard Frame,data frame,8,CAN,x| B0 00 00 02 12 00 00 00 
74897,="15:44:27.376",0xB23624C,1,Rx,0x310,Standard Frame,data frame,8,CAN,x| 01 3D 00 00 00 00 08 00 
74898,="15:44:27.376",0xB236378,1,Rx,0x318,Standard Frame,data frame,8,CAN,x| 01 41 FF 00 00 00 10 80 
74899,="15:44:27.376",0xB236634,1,Rx,0x13F,Standard Frame,data frame,8,CAN,x| 00 12 C0 00 00 00 00 00 
74900,="15:44:27.386",0xB238894,1,Rx,0x124,Standard Frame,data frame,8,CAN,x| 68 12 C0 1D 88 12 23 00 
74901,="15:44:27.386",0xB23895C,1,Rx,0x120,Standard Frame,data frame,6,CAN,x| 02 43 10 A4 62 03 
74902,="15:44:27.386",0xB238A88,1,Rx,0x122,Standard Frame,data frame,8,CAN,x| B0 00 00 03 12 00 00 00 
74903,="15:44:27.396",0xB23ADB0,1,Rx,0x124,Standard Frame,data frame,8,CAN,x| 68 12 C0 1D 88 0B 20 00 
74904,="15:44:27.396",0xB23AE78,1,Rx,0x120,Standard Frame,data frame,6,CAN,x| 02 43 10 A4 62 00 
74905,="15:44:27.396",0xB23AF40,1,Rx,0x122,Standard Frame,data frame,8,CAN,x| B0 00 00 00 0B 00 00 00 
74906,="15:44:27.396",0xB23B38C,1,Rx,0x13F,Standard Frame,data frame,8,CAN,x| 00 12 C0 00 00 00 00 00 
74907,="15:44:27.406",0xB23D77C,1,Rx,0x124,Standard Frame,data frame,8,CAN,x| 68 12 C0 1D 88 12 21 00 
74908,="15:44:27.406",0xB23D844,1,Rx,0x120,Standard Frame,data frame,6,CAN,x| 02 43 10 A4 63 01 
74909,="15:44:27.406",0xB23D90C,1,Rx,0x122,Standard Frame,data frame,8,CAN,x| B0 00 00 01 12 00 00 00 
74910,="15:44:27.416",0xB23FBD0,1,Rx,0x124,Standard Frame,data frame,8,CAN,x| 68 12 C0 1D 88 12 22 00 
74911,="15:44:27.416",0xB23FC98,1,Rx,0x120,Standard Frame,data frame,6,CAN,x| 02 43 0F A4 60 02 
74912,="15:44:27.416",0xB23FD60,1,Rx,0x122,Standard Frame,data frame,8,CAN,x| B0 00 00 02 12 00 00 00 
74913,="15:44:27.416",0xB2400E4,1,Rx,0x13F,Standard Frame,data frame,8,CAN,x| 00 12 C0 00 00 00 00 00 
74914,="15:44:27.426",0xB2422E0,1,Rx,0x124,Standard Frame,data frame,8,CAN,x| 68 12 C0 1D 88 13 23 00 
74915,="15:44:27.426",0xB2423A8,1,Rx,0x120,Standard Frame,data frame,6,CAN,x| 02 43 0F A4 60 03 
74916,="15:44:27.426",0xB242470,1,Rx,0x122,Standard Frame,data frame,8,CAN,x| B0 00 00 03 13 00 00 00 
74917,="15:44:27.436",0xB244B80,1,Rx,0x124,Standard Frame,data frame,8,CAN,x| 68 12 C0 1D 88 13 20 00 
74918,="15:44:27.436",0xB244C48,1,Rx,0x120,Standard Frame,data frame,6,CAN,x| 02 43 14 A4 60 00 
74919,="15:44:27.436",0xB244D74,1,Rx,0x122,Standard Frame,data frame,8,CAN,x| B0 00 00 00 13 00 00 00 
74920,="15:44:27.438",0xB2451C0,1,Rx,0x13F,Standard Frame,data frame,8,CAN,x| 00 12 C0 00 00 00 00 00 
74921,="15:44:27.446",0xB247100,1,Rx,0x124,Standard Frame,data frame,8,CAN,x| 68 12 C0 1D 88 0E 21 00 
74922,="15:44:27.446",0xB2471C8,1,Rx,0x120,Standard Frame,data frame,6,CAN,x| 02 43 14 A4 60 01 
74923,="15:44:27.446",0xB247290,1,Rx,0x122,Standard Frame,data frame,8,CAN,x| B0 00 00 01 0E 00 00 00 
74924,="15:44:27.446",0xB2477A4,1,Rx,0x314,Standard Frame,data frame,8,CAN,x| 00 00 00 00 00 00 9A 01 
74925,="15:44:27.448",0xB2478D0,1,Rx,0x500,Standard Frame,data frame,8,CAN,x| 75 01 00 3F 3F 3F 3F 3F 
74926,="15:44:27.448",0xB247998,1,Rx,0x32E,Standard Frame,data frame,8,CAN,x| 00 00 00 01 64 00 00 00 
74927,="15:44:27.456",0xB249ACC,1,Rx,0x124,Standard Frame,data frame,8,CAN,x| 68 12 C0 1D 88 13 22 00 
74928,="15:44:27.456",0xB249B30,1,Rx,0x120,Standard Frame,data frame,6,CAN,x| 02 43 14 A4 60 02 
74929,="15:44:27.456",0xB249C5C,1,Rx,0x122,Standard Frame,data frame,8,CAN,x| B0 00 00 02 13 00 00 00 
74930,="15:44:27.458",0xB249FE0,1,Rx,0x13F,Standard Frame,data frame,8,CAN,x| 00 12 C0 00 00 00 00 00 
74931,="15:44:27.466",0xB24BEBC,1,Rx,0x124,Standard Frame,data frame,8,CAN,x| 68 12 C0 1D 88 13 23 00 
74932,="15:44:27.466",0xB24BF84,1,Rx,0x120,Standard Frame,data frame,6,CAN,x| 02 43 12 A4 5E 03 
74933,="15:44:27.466",0xB24C0B0,1,Rx,0x122,Standard Frame,data frame,8,CAN,x| B0 00 00 03 13 00 00 00 
74934,="15:44:27.476",0xB24E5CC,1,Rx,0x124,Standard Frame,data frame,8,CAN,x| 68 12 C0 1D 88 13 20 00 
74935,="15:44:27.476",0xB24E694,1,Rx,0x120,Standard Frame,data frame,6,CAN,x| 02 43 12 A4 5D 00 
74936,="15:44:27.476",0xB24E7C0,1,Rx,0x122,Standard Frame,data frame,8,CAN,x| B0 00 00 00 13 00 00 00 
74937,="15:44:27.476",0xB24E888,1,Rx,0x310,Standard Frame,data frame,8,CAN,x| 01 3D 00 00 00 00 08 00 
74938,="15:44:27.476",0xB24E9B4,1,Rx,0x318,Standard Frame,data frame,8,CAN,x| 01 41 FF 00 00 00 10 80 
74939,="15:44:27.478",0xB24ED9C,1,Rx,0x13F,Standard Frame,data frame,8,CAN,x| 00 12 C0 00 00 00 00 00 
74940,="15:44:27.486",0xB250ED0,1,Rx,0x124,Standard Frame,data frame,8,CAN,x| 68 12 C0 1D 88 13 21 00 
74941,="15:44:27.486",0xB250F98,1,Rx,0x120,Standard Frame,data frame,6,CAN,x| 02 43 16 A4 5C 01 
74942,="15:44:27.486",0xB251060,1,Rx,0x122,Standard Frame,data frame,8,CAN,x| B0 00 00 01 13 00 00 00 
74943,="15:44:27.496",0xB2533EC,1,Rx,0x124,Standard Frame,data frame,8,CAN,x| 68 12 C0 1D 88 0E 22 00 
74944,="15:44:27.496",0xB2534B4,1,Rx,0x120,Standard Frame,data frame,6,CAN,x| 02 43 16 A4 5F 02 
74945,="15:44:27.496",0xB25357C,1,Rx,0x122,Standard Frame,data frame,8,CAN,x| B0 00 00 02 0E 00 00 00 
74946,="15:44:27.496",0xB253900,1,Rx,0x13F,Standard Frame,data frame,8,CAN,x| 00 12 C0 00 00 00 00 00 
74947,="15:44:27.506",0xB255DB8,1,Rx,0x124,Standard Frame,data frame,8,CAN,x| 68 12 C0 1D 88 13 23 00 
74948,="15:44:27.506",0xB255E80,1,Rx,0x120,Standard Frame,data frame,6,CAN,x| 02 43 16 A4 5F 03 
74949,="15:44:27.506",0xB255FAC,1,Rx,0x122,Standard Frame,data frame,8,CAN,x| B0 00 00 03 13 00 00 00 
74950,="15:44:27.516",0xB25820C,1,Rx,0x124,Standard Frame,data frame,8,CAN,x| 68 12 C0 1D 88 13 20 00 
74951,="15:44:27.516",0xB2582D4,1,Rx,0x120,Standard Frame,data frame,6,CAN,x| 02 43 15 A4 5E 00 
74952,="15:44:27.516",0xB25839C,1,Rx,0x122,Standard Frame,data frame,8,CAN,x| B0 00 00 00 13 00 00 00 
74953,="15:44:27.516",0xB2587E8,1,Rx,0x13F,Standard Frame,data frame,8,CAN,x| 00 12 C0 00 00 00 00 00 
74954,="15:44:27.526",0xB25A91C,1,Rx,0x124,Standard Frame,data frame,8,CAN,x| 68 12 C0 1D 88 13 21 00 
74955,="15:44:27.526",0xB25A9E4,1,Rx,0x120,Standard Frame,data frame,6,CAN,x| 02 43 15 A4 5C 01 
74956,="15:44:27.526",0xB25AAAC,1,Rx,0x122,Standard Frame,data frame,8,CAN,x| B0 00 00 01 13 00 00 00 
74957,="15:44:27.536",0xB25D220,1,Rx,0x124,Standard Frame,data frame,8,CAN,x| 68 12 C0 1D 88 13 22 00 
74958,="15:44:27.536",0xB25D2E8,1,Rx,0x120,Standard Frame,data frame,6,CAN,x| 02 43 18 A4 5B 02 
74959,="15:44:27.536",0xB25D3B0,1,Rx,0x122,Standard Frame,data frame,8,CAN,x| B0 00 00 02 13 00 00 00 
74960,="15:44:27.538",0xB25D734,1,Rx,0x13F,Standard Frame,data frame,8,CAN,x| 00 12 C0 00 00 00 00 00 
74961,="15:44:27.546",0xB25F6D8,1,Rx,0x124,Standard Frame,data frame,8,CAN,x| 68 12 C0 1D 88 0B 23 00 
74962,="15:44:27.546",0xB25F7A0,1,Rx,0x120,Standard Frame,data frame,6,CAN,x| 02 43 18 A4 5F 03 
74963,="15:44:27.546",0xB25F8CC,1,Rx,0x122,Standard Frame,data frame,8,CAN,x| B0 00 00 03 0B 00 00 00 
74964,="15:44:27.548",0xB25FF0C,1,Rx,0x314,Standard Frame,data frame,8,CAN,x| 00 00 00 00 00 00 B4 01 
74965,="15:44:27.548",0xB25FFD4,1,Rx,0x32E,Standard Frame,data frame,8,CAN,x| 00 00 00 02 64 00 00 00 
74966,="15:44:27.556",0xB262108,1,Rx,0x124,Standard Frame,data frame,8,CAN,x| 68 12 C0 1D 88 13 20 00 
74967,="15:44:27.556",0xB26216C,1,Rx,0x120,Standard Frame,data frame,6,CAN,x| 02 43 18 A4 5F 00 
74968,="15:44:27.556",0xB262298,1,Rx,0x122,Standard Frame,data frame,8,CAN,x| B0 00 00 00 13 00 00 00 
74969,="15:44:27.558",0xB2626E4,1,Rx,0x13F,Standard Frame,data frame,8,CAN,x| 00 12 C0 00 00 00 00 00 
74970,="15:44:27.566",0xB2644F8,1,Rx,0x124,Standard Frame,data frame,8,CAN,x| 68 12 C0 1D 88 14 21 00 
74971,="15:44:27.566",0xB2645C0,1,Rx,0x120,Standard Frame,data frame,6,CAN,x| 02 43 17 A4 5E 01 
74972,="15:44:27.566",0xB2646EC,1,Rx,0x122,Standard Frame,data frame,8,CAN,x| B0 00 00 01 14 00 00 00 
74973,="15:44:27.576",0xB266C08,1,Rx,0x124,Standard Frame,data frame,8,CAN,x| 68 12 C0 1D 88 14 22 00 
74974,="15:44:27.576",0xB266CD0,1,Rx,0x120,Standard Frame,data frame,6,CAN,x| 02 43 17 A4 5D 02 
74975,="15:44:27.576",0xB266D98,1,Rx,0x122,Standard Frame,data frame,8,CAN,x| B0 00 00 02 14 00 00 00 
74976,="15:44:27.576",0xB266EC4,1,Rx,0x310,Standard Frame,data frame,8,CAN,x| 01 3D 00 00 00 00 08 00 
74977,="15:44:27.576",0xB266F8C,1,Rx,0x318,Standard Frame,data frame,8,CAN,x| 01 41 FF 00 00 00 10 80 
74978,="15:44:27.576",0xB2672AC,1,Rx,0x13F,Standard Frame,data frame,8,CAN,x| 00 12 C0 00 00 00 00 00 
74979,="15:44:27.586",0xB26950C,1,Rx,0x124,Standard Frame,data frame,8,CAN,x| 68 12 C0 1D 88 14 23 00 
74980,="15:44:27.586",0xB2695D4,1,Rx,0x120,Standard Frame,data frame,6,CAN,x| 02 43 1A A4 5C 03 
74981,="15:44:27.586",0xB26969C,1,Rx,0x122,Standard Frame,data frame,8,CAN,x| B0 00 00 03 14 00 00 00 
74982,="15:44:27.596",0xB26BA28,1,Rx,0x124,Standard Frame,data frame,8,CAN,x| 68 12 C0 1D 88 0B 20 00 
74983,="15:44:27.596",0xB26BAF0,1,Rx,0x120,Standard Frame,data frame,6,CAN,x| 02 43 1B A4 5F 00 
74984,="15:44:27.596",0xB26BBB8,1,Rx,0x122,Standard Frame,data frame,8,CAN,x| B0 00 00 00 0B 00 00 00 
74985,="15:44:27.596",0xB26C004,1,Rx,0x13F,Standard Frame,data frame,8,CAN,x| 00 12 C0 00 00 00 00 00 
74986,="15:44:27.606",0xB26E3F4,1,Rx,0x124,Standard Frame,data frame,8,CAN,x| 68 12 C0 1D 88 14 21 00 
74987,="15:44:27.606",0xB26E4BC,1,Rx,0x120,Standard Frame,data frame,6,CAN,x| 02 43 1B A4 60 01 
74988,="15:44:27.606",0xB26E584,1,Rx,0x122,Standard Frame,data frame,8,CAN,x| B0 00 00 01 14 00 00 00 
74989,="15:44:27.616",0xB270848,1,Rx,0x124,Standard Frame,data frame,8,CAN,x| 68 12 C0 1D 88 14 22 00 
74990,="15:44:27.616",0xB2708AC,1,Rx,0x120,Standard Frame,data frame,6,CAN,x| 02 43 18 A4 5E 02 
74991,="15:44:27.616",0xB2709D8,1,Rx,0x122,Standard Frame,data frame,8,CAN,x| B0 00 00 02 14 00 00 00 
74992,="15:44:27.616",0xB270D5C,1,Rx,0x13F,Standard Frame,data frame,8,CAN,x| 00 12 C0 00 00 00 00 00 
74993,="15:44:27.626",0xB272F58,1,Rx,0x124,Standard Frame,data frame,8,CAN,x| 68 12 C0 1D 88 14 23 00 
74994,="15:44:27.626",0xB272FBC,1,Rx,0x120,Standard Frame,data frame,6,CAN,x| 02 43 18 A4 5D 03 
74995,="15:44:27.626",0xB2730E8,1,Rx,0x122,Standard Frame,data frame,8,CAN,x| B0 00 00 03 14 00 00 00 
74996,="15:44:27.636",0xB2757F8,1,Rx,0x124,Standard Frame,data frame,8,CAN,x| 68 12 C0 1D 88 14 20 00 
74997,="15:44:27.636",0xB2758C0,1,Rx,0x120,Standard Frame,data frame,6,CAN,x| 02 43 1A A4 5C 00 
74998,="15:44:27.636",0xB2759EC,1,Rx,0x122,Standard Frame,data frame,8,CAN,x| B0 00 00 00 14 00 00 00 
74999,="15:44:27.638",0xB275E38,1,Rx,0x13F,Standard Frame,data frame,8,CAN,x| 00 12 C0 00 00 00 00 00 
75000,="15:44:27.646",0xB277D14,1,Rx,0x124,Standard Frame,data frame,8,CAN,x| 68 12 C0 1D 88 0B 21 00 
75001,="15:44:27.646",0xB277DDC,1,Rx,0x120,Standard Frame,data frame,6,CAN,x| 02 43 1B A4 5F 01 
75002,="15:44:27.646",0xB277F08,1,Rx,0x122,Standard Frame,data frame,8,CAN,x| B0 00 00 01 0B 00 00 00 
75003,="15:44:27.648",0xB27841C,1,Rx,0x314,Standard Frame,data frame,8,CAN,x| 00 00 00 00 00 00 C0 01 
75004,="15:44:27.648",0xB2784E4,1,Rx,0x500,Standard Frame,data frame,8,CAN,x| 75 02 3F 3F 3F 3F 3F 3F 
75005,="15:44:27.648",0xB2785AC,1,Rx,0x32E,Standard Frame,data frame,8,CAN,x| 00 00 00 03 64 00 00 00 
75006,="15:44:27.656",0xB27A6E0,1,Rx,0x124,Standard Frame,data frame,8,CAN,x| 68 12 C0 1D 88 14 22 00 
75007,="15:44:27.656",0xB27A7A8,1,Rx,0x120,Standard Frame,data frame,6,CAN,x| 02 43 1B A4 5F 02 
75008,="15:44:27.656",0xB27A8D4,1,Rx,0x122,Standard Frame,data frame,8,CAN,x| B0 00 00 02 14 00 00 00 
75009,="15:44:27.658",0xB27AC58,1,Rx,0x13F,Standard Frame,data frame,8,CAN,x| 00 12 C0 00 00 00 00 00 
75010,="15:44:27.666",0xB27CB34,1,Rx,0x124,Standard Frame,data frame,8,CAN,x| 68 12 C0 1D 88 14 23 00 
75011,="15:44:27.666",0xB27CBFC,1,Rx,0x120,Standard Frame,data frame,6,CAN,x| 02 43 19 A4 5E 03 
75012,="15:44:27.666",0xB27CCC4,1,Rx,0x122,Standard Frame,data frame,8,CAN,x| B0 00 00 03 14 00 00 00 
75013,="15:44:27.676",0xB27F244,1,Rx,0x124,Standard Frame,data frame,8,CAN,x| 68 12 C0 1D 88 14 20 00 
75014,="15:44:27.676",0xB27F30C,1,Rx,0x120,Standard Frame,data frame,6,CAN,x| 02 43 19 A4 5E 00 
75015,="15:44:27.676",0xB27F3D4,1,Rx,0x122,Standard Frame,data frame,8,CAN,x| B0 00 00 00 14 00 00 00 
75016,="15:44:27.676",0xB27F500,1,Rx,0x310,Standard Frame,data frame,8,CAN,x| 01 3D 00 00 00 00 08 00 
75017,="15:44:27.676",0xB27F5C8,1,Rx,0x318,Standard Frame,data frame,8,CAN,x| 01 41 FF 00 00 00 10 80 
75018,="15:44:27.678",0xB27F9B0,1,Rx,0x13F,Standard Frame,data frame,8,CAN,x| 00 12 C0 00 00 00 00 00 
75019,="15:44:27.686",0xB281B48,1,Rx,0x124,Standard Frame,data frame,8,CAN,x| 68 12 C0 1D 88 14 21 00 
75020,="15:44:27.686",0xB281C10,1,Rx,0x120,Standard Frame,data frame,6,CAN,x| 02 43 1A A4 5D 01 
75021,="15:44:27.686",0xB281CD8,1,Rx,0x122,Standard Frame,data frame,8,CAN,x| B0 00 00 01 14 00 00 00 
75022,="15:44:27.696",0xB284064,1,Rx,0x124,Standard Frame,data frame,8,CAN,x| 68 12 C0 1D 88 08 22 00 
75023,="15:44:27.696",0xB28412C,1,Rx,0x120,Standard Frame,data frame,6,CAN,x| 02 43 1B A4 60 02 
75024,="15:44:27.696",0xB2841F4,1,Rx,0x122,Standard Frame,data frame,8,CAN,x| B0 00 00 02 08 00 00 00 
75025,="15:44:27.696",0xB284578,1,Rx,0x13F,Standard Frame,data frame,8,CAN,x| 00 12 C0 00 00 00 00 00 
75026,="15:44:27.706",0xB286A30,1,Rx,0x124,Standard Frame,data frame,8,CAN,x| 68 12 C0 1D 88 13 23 00 
75027,="15:44:27.706",0xB286AF8,1,Rx,0x120,Standard Frame,data frame,6,CAN,x| 02 43 1B A4 60 03 
75028,="15:44:27.706",0xB286BC0,1,Rx,0x122,Standard Frame,data frame,8,CAN,x| B0 00 00 03 13 00 00 00 
75029,="15:44:27.716",0xB288E84,1,Rx,0x124,Standard Frame,data frame,8,CAN,x| 68 12 C0 1D 88 13 20 00 
75030,="15:44:27.716",0xB288F4C,1,Rx,0x120,Standard Frame,data frame,6,CAN,x| 02 43 17 A4 5E 00 
75031,="15:44:27.716",0xB289014,1,Rx,0x122,Standard Frame,data frame,8,CAN,x| B0 00 00 00 13 00 00 00 
75032,="15:44:27.716",0xB289460,1,Rx,0x13F,Standard Frame,data frame,8,CAN,x| 00 12 C0 00 00 00 00 00 
75033,="15:44:27.726",0xB28B530,1,Rx,0x124,Standard Frame,data frame,8,CAN,x| 68 12 C0 1D 88 13 21 00 
75034,="15:44:27.726",0xB28B5F8,1,Rx,0x120,Standard Frame,data frame,6,CAN,x| 02 43 17 A4 5E 01 
75035,="15:44:27.726",0xB28B724,1,Rx,0x122,Standard Frame,data frame,8,CAN,x| B0 00 00 01 13 00 00 00 
75036,="15:44:27.736",0xB28DE34,1,Rx,0x124,Standard Frame,data frame,8,CAN,x| 68 12 C0 1D 88 13 22 00 
75037,="15:44:27.736",0xB28DEFC,1,Rx,0x120,Standard Frame,data frame,6,CAN,x| 02 43 1A A4 5E 02 
75038,="15:44:27.736",0xB28DFC4,1,Rx,0x122,Standard Frame,data frame,8,CAN,x| B0 00 00 02 13 00 00 00 
75039,="15:44:27.738",0xB28E348,1,Rx,0x13F,Standard Frame,data frame,8,CAN,x| 00 12 C0 00 00 00 00 00 
75040,="15:44:27.746",0xB290350,1,Rx,0x124,Standard Frame,data frame,8,CAN,x| 68 12 C0 1D 88 0B 23 00 
75041,="15:44:27.746",0xB290418,1,Rx,0x120,Standard Frame,data frame,6,CAN,x| 02 43 1A A4 60 03 
75042,="15:44:27.746",0xB290544,1,Rx,0x122,Standard Frame,data frame,8,CAN,x| B0 00 00 03 0B 00 00 00 
75043,="15:44:27.748",0xB290B84,1,Rx,0x314,Standard Frame,data frame,8,CAN,x| 00 00 00 00 00 00 BB 01 
75044,="15:44:27.748",0xB290C4C,1,Rx,0x32E,Standard Frame,data frame,8,CAN,x| 00 00 00 00 64 00 00 00 
75045,="15:44:27.756",0xB292D1C,1,Rx,0x124,Standard Frame,data frame,8,CAN,x| 68 12 C0 1D 88 13 20 00 
75046,="15:44:27.756",0xB292DE4,1,Rx,0x120,Standard Frame,data frame,6,CAN,x| 02 43 1A A4 61 00 
75047,="15:44:27.756",0xB292F10,1,Rx,0x122,Standard Frame,data frame,8,CAN,x| B0 00 00 00 13 00 00 00 
75048,="15:44:27.758",0xB29335C,1,Rx,0x13F,Standard Frame,data frame,8,CAN,x| 00 12 C0 00 00 00 00 00 
75049,="15:44:27.766",0xB295170,1,Rx,0x124,Standard Frame,data frame,8,CAN,x| 68 12 C0 1D 88 13 21 00 
75050,="15:44:27.766",0xB295238,1,Rx,0x120,Standard Frame,data frame,6,CAN,x| 02 43 16 A4 5F 01 
75051,="15:44:27.766",0xB295300,1,Rx,0x122,Standard Frame,data frame,8,CAN,x| B0 00 00 01 13 00 00 00 
75052,="15:44:27.776",0xB297880,1,Rx,0x124,Standard Frame,data frame,8,CAN,x| 68 12 C0 1D 88 13 22 00 
75053,="15:44:27.776",0xB297948,1,Rx,0x120,Standard Frame,data frame,6,CAN,x| 02 43 16 A4 5F 02 
75054,="15:44:27.776",0xB297A10,1,Rx,0x122,Standard Frame,data frame,8,CAN,x| B0 00 00 02 13 00 00 00 
75055,="15:44:27.776",0xB297B3C,1,Rx,0x310,Standard Frame,data frame,8,CAN,x| 01 3D 00 00 00 00 08 00 
75056,="15:44:27.776",0xB297C04,1,Rx,0x318,Standard Frame,data frame,8,CAN,x| 01 41 FF 00 00 00 10 80 
75057,="15:44:27.778",0xB297F24,1,Rx,0x13F,Standard Frame,data frame,8,CAN,x| 00 12 C0 00 00 00 00 00 
75058,="15:44:27.786",0xB29A120,1,Rx,0x124,Standard Frame,data frame,8,CAN,x| 68 12 C0 1D 88 13 23 00 
75059,="15:44:27.786",0xB29A1E8,1,Rx,0x120,Standard Frame,data frame,6,CAN,x| 02 43 16 A4 5E 03 
75060,="15:44:27.786",0xB29A314,1,Rx,0x122,Standard Frame,data frame,8,CAN,x| B0 00 00 03 13 00 00 00 
75061,="15:44:27.796",0xB29C63C,1,Rx,0x124,Standard Frame,data frame,8,CAN,x| 68 12 C0 1D 88 0D 20 00 
75062,="15:44:27.796",0xB29C704,1,Rx,0x120,Standard Frame,data frame,6,CAN,x| 02 43 16 A4 61 00 
75063,="15:44:27.796",0xB29C830,1,Rx,0x122,Standard Frame,data frame,8,CAN,x| B0 00 00 00 0D 00 00 00 
75064,="15:44:27.796",0xB29CC7C,1,Rx,0x13F,Standard Frame,data frame,8,CAN,x| 00 12 C0 00 00 00 00 00 
75065,="15:44:27.806",0xB29F06C,1,Rx,0x124,Standard Frame,data frame,8,CAN,x| 68 12 C0 1D 88 13 21 00 
75066,="15:44:27.806",0xB29F134,1,Rx,0x120,Standard Frame,data frame,6,CAN,x| 02 43 16 A4 62 01 
75067,="15:44:27.806",0xB29F1FC,1,Rx,0x122,Standard Frame,data frame,8,CAN,x| B0 00 00 01 13 00 00 00 
75068,="15:44:27.816",0xB2A145C,1,Rx,0x124,Standard Frame,data frame,8,CAN,x| 68 12 C0 1D 88 12 22 00 
75069,="15:44:27.816",0xB2A1524,1,Rx,0x120,Standard Frame,data frame,6,CAN,x| 02 43 11 A4 60 02 
75070,="15:44:27.816",0xB2A1650,1,Rx,0x122,Standard Frame,data frame,8,CAN,x| B0 00 00 02 12 00 00 00 
75071,="15:44:27.818",0xB2A1A9C,1,Rx,0x13F,Standard Frame,data frame,8,CAN,x| 00 12 C0 00 00 00 00 00 
75072,="15:44:27.826",0xB2A3B6C,1,Rx,0x124,Standard Frame,data frame,8,CAN,x| 68 12 C0 1D 88 12 23 00 
75073,="15:44:27.826",0xB2A3C34,1,Rx,0x120,Standard Frame,data frame,6,CAN,x| 02 43 11 A4 60 03 
75074,="15:44:27.826",0xB2A3D60,1,Rx,0x122,Standard Frame,data frame,8,CAN,x| B0 00 00 03 12 00 00 00 
75075,="15:44:27.836",0xB2A6470,1,Rx,0x124,Standard Frame,data frame,8,CAN,x| 68 12 C0 1D 88 12 20 00 
75076,="15:44:27.836",0xB2A6538,1,Rx,0x120,Standard Frame,data frame,6,CAN,x| 02 43 12 A4 60 00 
75077,="15:44:27.836",0xB2A6664,1,Rx,0x122,Standard Frame,data frame,8,CAN,x| B0 00 00 00 12 00 00 00 
75078,="15:44:27.838",0xB2A6AB0,1,Rx,0x13F,Standard Frame,data frame,8,CAN,x| 00 12 C0 00 00 00 00 00 
75079,="15:44:27.846",0xB2A898C,1,Rx,0x124,Standard Frame,data frame,8,CAN,x| 68 12 C0 1D 88 0D 21 00 
75080,="15:44:27.846",0xB2A8A54,1,Rx,0x120,Standard Frame,data frame,6,CAN,x| 02 43 12 A4 61 01 
75081,="15:44:27.846",0xB2A8B1C,1,Rx,0x122,Standard Frame,data frame,8,CAN,x| B0 00 00 01 0D 00 00 00 
75082,="15:44:27.848",0xB2A9030,1,Rx,0x314,Standard Frame,data frame,8,CAN,x| 00 00 00 00 00 00 A1 01 
75083,="15:44:27.848",0xB2A915C,1,Rx,0x500,Standard Frame,data frame,8,CAN,x| 75 03 3F 3F 3F 3F 3F 3F 
75084,="15:44:27.848",0xB2A9224,1,Rx,0x32E,Standard Frame,data frame,8,CAN,x| 00 00 00 01 64 00 00 00 
75085,="15:44:27.858",0xB2AB358,1,Rx,0x124,Standard Frame,data frame,8,CAN,x| 68 12 C0 1D 88 12 22 00 
75086,="15:44:27.858",0xB2AB420,1,Rx,0x120,Standard Frame,data frame,6,CAN,x| 02 43 12 A4 62 02 
75087,="15:44:27.858",0xB2AB4E8,1,Rx,0x122,Standard Frame,data frame,8,CAN,x| B0 00 00 02 12 00 00 00 
75088,="15:44:27.858",0xB2AB998,1,Rx,0x13F,Standard Frame,data frame,8,CAN,x| 00 12 C0 00 00 00 00 00 
75089,="15:44:27.866",0xB2AD7AC,1,Rx,0x124,Standard Frame,data frame,8,CAN,x| 68 12 C0 1D 88 12 23 00 
75090,="15:44:27.866",0xB2AD874,1,Rx,0x120,Standard Frame,data frame,6,CAN,x| 02 43 0C A4 60 03 
75091,="15:44:27.866",0xB2AD93C,1,Rx,0x122,Standard Frame,data frame,8,CAN,x| B0 00 00 03 12 00 00 00 
75092,="15:44:27.876",0xB2AFEBC,1,Rx,0x124,Standard Frame,data frame,8,CAN,x| 68 12 C0 1D 88 12 20 00 
75093,="15:44:27.876",0xB2AFF20,1,Rx,0x120,Standard Frame,data frame,6,CAN,x| 02 43 0C A4 61 00 
75094,="15:44:27.876",0xB2B004C,1,Rx,0x122,Standard Frame,data frame,8,CAN,x| B0 00 00 00 12 00 00 00 
75095,="15:44:27.876",0xB2B0114,1,Rx,0x310,Standard Frame,data frame,8,CAN,x| 01 3D 00 00 00 00 08 00 
75096,="15:44:27.876",0xB2B0240,1,Rx,0x318,Standard Frame,data frame,8,CAN,x| 01 41 FF 00 00 00 10 80 
75097,="15:44:27.878",0xB2B0628,1,Rx,0x13F,Standard Frame,data frame,8,CAN,x| 00 12 C0 00 00 00 00 00 
75098,="15:44:27.886",0xB2B275C,1,Rx,0x124,Standard Frame,data frame,8,CAN,x| 68 12 C0 1D 88 12 21 00 
75099,="15:44:27.886",0xB2B2824,1,Rx,0x120,Standard Frame,data frame,6,CAN,x| 02 43 0F A4 62 01 
75100,="15:44:27.886",0xB2B2950,1,Rx,0x122,Standard Frame,data frame,8,CAN,x| B0 00 00 01 12 00 00 00 
75101,="15:44:27.896",0xB2B4C78,1,Rx,0x124,Standard Frame,data frame,8,CAN,x| 68 12 C0 1D 88 0D 22 00 
75102,="15:44:27.896",0xB2B4D40,1,Rx,0x120,Standard Frame,data frame,6,CAN,x| 02 43 0F A4 62 02 
75103,="15:44:27.896",0xB2B4E6C,1,Rx,0x122,Standard Frame,data frame,8,CAN,x| B0 00 00 02 0D 00 00 00 
75104,="15:44:27.896",0xB2B51F0,1,Rx,0x13F,Standard Frame,data frame,8,CAN,x| 00 12 C0 00 00 00 00 00 
75105,="15:44:27.906",0xB2B7644,1,Rx,0x124,Standard Frame,data frame,8,CAN,x| 68 12 C0 1D 88 12 23 00 
75106,="15:44:27.906",0xB2B770C,1,Rx,0x120,Standard Frame,data frame,6,CAN,x| 02 43 0F A4 64 03 
75107,="15:44:27.906",0xB2B7838,1,Rx,0x122,Standard Frame,data frame,8,CAN,x| B0 00 00 03 12 00 00 00 
75108,="15:44:27.916",0xB2B9A98,1,Rx,0x124,Standard Frame,data frame,8,CAN,x| 68 12 C0 1D 88 12 20 00 
75109,="15:44:27.916",0xB2B9B60,1,Rx,0x120,Standard Frame,data frame,6,CAN,x| 02 43 0C A4 60 00 
75110,="15:44:27.916",0xB2B9C8C,1,Rx,0x122,Standard Frame,data frame,8,CAN,x| B0 00 00 00 12 00 00 00 
75111,="15:44:27.916",0xB2BA074,1,Rx,0x13F,Standard Frame,data frame,8,CAN,x| 00 12 C0 00 00 00 00 00 
75112,="15:44:27.926",0xB2BC1A8,1,Rx,0x124,Standard Frame,data frame,8,CAN,x| 68 12 C0 1D 88 12 21 00 
75113,="15:44:27.926",0xB2BC270,1,Rx,0x120,Standard Frame,data frame,6,CAN,x| 02 43 0C A4 61 01 
75114,="15:44:27.926",0xB2BC338,1,Rx,0x122,Standard Frame,data frame,8,CAN,x| B0 00 00 01 12 00 00 00 
75115,="15:44:27.936",0xB2BEAAC,1,Rx,0x124,Standard Frame,data frame,8,CAN,x| 68 12 C0 1D 88 12 22 00 
75116,="15:44:27.936",0xB2BEB74,1,Rx,0x120,Standard Frame,data frame,6,CAN,x| 02 43 11 A4 61 02 
75117,="15:44:27.936",0xB2BEC3C,1,Rx,0x122,Standard Frame,data frame,8,CAN,x| B0 00 00 02 12 00 00 00 
75118,="15:44:27.938",0xB2BEFC0,1,Rx,0x13F,Standard Frame,data frame,8,CAN,x| 00 12 C0 00 00 00 00 00 
75119,="15:44:27.946",0xB2C0FC8,1,Rx,0x124,Standard Frame,data frame,8,CAN,x| 68 12 C0 1D 88 0E 23 00 
75120,="15:44:27.946",0xB2C1090,1,Rx,0x120,Standard Frame,data frame,6,CAN,x| 02 43 11 A4 61 03 
75121,="15:44:27.946",0xB2C1158,1,Rx,0x122,Standard Frame,data frame,8,CAN,x| B0 00 00 03 0E 00 00 00 
75122,="15:44:27.948",0xB2C1798,1,Rx,0x314,Standard Frame,data frame,8,CAN,x| 00 00 00 00 00 00 93 01 
75123,="15:44:27.948",0xB2C18C4,1,Rx,0x32E,Standard Frame,data frame,8,CAN,x| 00 00 00 02 64 00 00 00 
75124,="15:44:27.956",0xB2C3994,1,Rx,0x124,Standard Frame,data frame,8,CAN,x| 68 12 C0 1D 88 12 20 00 
75125,="15:44:27.956",0xB2C3A5C,1,Rx,0x120,Standard Frame,data frame,6,CAN,x| 02 43 11 A4 62 00 
75126,="15:44:27.956",0xB2C3B24,1,Rx,0x122,Standard Frame,data frame,8,CAN,x| B0 00 00 00 12 00 00 00 
75127,="15:44:27.958",0xB2C3FD4,1,Rx,0x13F,Standard Frame,data frame,8,CAN,x| 00 12 C0 00 00 00 00 00 
75128,="15:44:27.966",0xB2C5D84,1,Rx,0x124,Standard Frame,data frame,8,CAN,x| 68 12 C0 1D 88 13 21 00 
75129,="15:44:27.966",0xB2C5E4C,1,Rx,0x120,Standard Frame,data frame,6,CAN,x| 02 43 10 A4 5F 01 
75130,="15:44:27.966",0xB2C5F78,1,Rx,0x122,Standard Frame,data frame,8,CAN,x| B0 00 00 01 13 00 00 00 
75131,="15:44:27.976",0xB2C8494,1,Rx,0x124,Standard Frame,data frame,8,CAN,x| 68 12 C0 1D 88 13 22 00 
75132,="15:44:27.976",0xB2C855C,1,Rx,0x120,Standard Frame,data frame,6,CAN,x| 02 43 10 A4 5E 02 
75133,="15:44:27.976",0xB2C8688,1,Rx,0x122,Standard Frame,data frame,8,CAN,x| B0 00 00 02 13 00 00 00 
75134,="15:44:27.976",0xB2C8750,1,Rx,0x310,Standard Frame,data frame,8,CAN,x| 01 3D 00 00 00 00 08 00 
75135,="15:44:27.976",0xB2C887C,1,Rx,0x318,Standard Frame,data frame,8,CAN,x| 01 41 FF 00 00 00 10 80 
75136,="15:44:27.978",0xB2C8B38,1,Rx,0x13F,Standard Frame,data frame,8,CAN,x| 00 12 C0 00 00 00 00 00 
75137,="15:44:27.986",0xB2CAD98,1,Rx,0x124,Standard Frame,data frame,8,CAN,x| 68 12 C0 1D 88 13 23 00 
75138,="15:44:27.986",0xB2CAE60,1,Rx,0x120,Standard Frame,data frame,6,CAN,x| 02 43 14 A4 5E 03 
75139,="15:44:27.986",0xB2CAF8C,1,Rx,0x122,Standard Frame,data frame,8,CAN,x| B0 00 00 03 13 00 00 00 
75140,="15:44:27.996",0xB2CD2B4,1,Rx,0x124,Standard Frame,data frame,8,CAN,x| 68 12 C0 1D 88 0E 20 00 
75141,="15:44:27.996",0xB2CD37C,1,Rx,0x120,Standard Frame,data frame,6,CAN,x| 02 43 14 A4 60 00 
75142,="15:44:27.996",0xB2CD4A8,1,Rx,0x122,Standard Frame,data frame,8,CAN,x| B0 00 00 00 0E 00 00 00 
75143,="15:44:27.996",0xB2CD890,1,Rx,0x13F,Standard Frame,data frame,8,CAN,x| 00 12 C0 00 00 00 00 00 
75144,="15:44:28.006",0xB2CFC80,1,Rx,0x124,Standard Frame,data frame,8,CAN,x| 68 12 C0 1D 88 13 21 00 
75145,="15:44:28.006",0xB2CFD48,1,Rx,0x120,Standard Frame,data frame,6,CAN,x| 02 43 14 A4 60 01 
75146,="15:44:28.006",0xB2CFE74,1,Rx,0x122,Standard Frame,data frame,8,CAN,x| B0 00 00 01 13 00 00 00 
75147,="15:44:28.016",0xB2D20D4,1,Rx,0x124,Standard Frame,data frame,8,CAN,x| 68 12 C0 1D 88 13 22 00 
75148,="15:44:28.016",0xB2D219C,1,Rx,0x120,Standard Frame,data frame,6,CAN,x| 02 43 12 A4 5E 02 
75149,="15:44:28.016",0xB2D22C8,1,Rx,0x122,Standard Frame,data frame,8,CAN,x| B0 00 00 02 13 00 00 00 
75150,="15:44:28.016",0xB2D264C,1,Rx,0x13F,Standard Frame,data frame,8,CAN,x| 00 12 C0 00 00 00 00 00 
75151,="15:44:28.026",0xB2D47E4,1,Rx,0x124,Standard Frame,data frame,8,CAN,x| 68 12 C0 1D 88 13 23 00 
75152,="15:44:28.026",0xB2D48AC,1,Rx,0x120,Standard Frame,data frame,6,CAN,x| 02 43 12 A4 5D 03 
75153,="15:44:28.026",0xB2D4974,1,Rx,0x122,Standard Frame,data frame,8,CAN,x| B0 00 00 03 13 00 00 00 
75154,="15:44:28.036",0xB2D70E8,1,Rx,0x124,Standard Frame,data frame,8,CAN,x| 68 12 C0 1D 88 13 20 00 
75155,="15:44:28.036",0xB2D71B0,1,Rx,0x120,Standard Frame,data frame,6,CAN,x| 02 43 17 A4 5C 00 
75156,="15:44:28.036",0xB2D7278,1,Rx,0x122,Standard Frame,data frame,8,CAN,x| B0 00 00 00 13 00 00 00 
75157,="15:44:28.038",0xB2D76C4,1,Rx,0x13F,Standard Frame,data frame,8,CAN,x| 00 12 C0 00 00 00 00 00 
75158,="15:44:28.046",0xB2D9604,1,Rx,0x124,Standard Frame,data frame,8,CAN,x| 68 12 C0 1D 88 0E 21 00 
75159,="15:44:28.046",0xB2D96CC,1,Rx,0x120,Standard Frame,data frame,6,CAN,x| 02 43 17 A4 5F 01 
75160,="15:44:28.046",0xB2D9794,1,Rx,0x122,Standard Frame,data frame,8,CAN,x| B0 00 00 01 0E 00 00 00 
75161,="15:44:28.048",0xB2D9CA8,1,Rx,0x314,Standard Frame,data frame,8,CAN,x| 00 00 00 00 00 00 AD 01 
75162,="15:44:28.048",0xB2D9DD4,1,Rx,0x500,Standard Frame,data frame,8,CAN,x| 75 01 00 3F 3F 3F 3F 3F 
75163,="15:44:28.048",0xB2D9E9C,1,Rx,0x32E,Standard Frame,data frame,8,CAN,x| 00 00 00 03 64 00 00 00 
75164,="15:44:28.056",0xB2DBFD0,1,Rx,0x124,Standard Frame,data frame,8,CAN,x| 68 12 C0 1D 88 13 22 00 
75165,="15:44:28.056",0xB2DC098,1,Rx,0x120,Standard Frame,data frame,6,CAN,x| 02 43 17 A4 5F 02 
75166,="15:44:28.056",0xB2DC160,1,Rx,0x122,Standard Frame,data frame,8,CAN,x| B0 00 00 02 13 00 00 00 
75167,="15:44:28.059",0xB2DC548,1,Rx,0x13F,Standard Frame,data frame,8,CAN,x| 00 12 C0 00 00 00 00 00 
75168,="15:44:28.065",0xB2DE3C0,1,Rx,0x124,Standard Frame,data frame,8,CAN,x| 68 12 C0 1D 88 13 23 00 
75169,="15:44:28.065",0xB2DE488,1,Rx,0x120,Standard Frame,data frame,6,CAN,x| 02 43 16 A4 5E 03 
75170,="15:44:28.067",0xB2DE5B4,1,Rx,0x122,Standard Frame,data frame,8,CAN,x| B0 00 00 03 13 00 00 00 
75171,="15:44:28.075",0xB2E0AD0,1,Rx,0x124,Standard Frame,data frame,8,CAN,x| 68 12 C0 1D 88 13 20 00 
75172,="15:44:28.075",0xB2E0B98,1,Rx,0x120,Standard Frame,data frame,6,CAN,x| 02 43 16 A4 5C 00 
75173,="15:44:28.077",0xB2E0CC4,1,Rx,0x122,Standard Frame,data frame,8,CAN,x| B0 00 00 00 13 00 00 00 
75174,="15:44:28.077",0xB2E0D8C,1,Rx,0x310,Standard Frame,data frame,8,CAN,x| 01 3D 00 00 00 00 08 00 
75175,="15:44:28.077",0xB2E0EB8,1,Rx,0x318,Standard Frame,data frame,8,CAN,x| 01 41 FF 00 00 00 10 80 
75176,="15:44:28.077",0xB2E12A0,1,Rx,0x13F,Standard Frame,data frame,8,CAN,x| 00 12 C0 00 00 00 00 00 
75177,="15:44:28.087",0xB2E37BC,1,Rx,0x124,Standard Frame,data frame,8,CAN,x| 68 12 C0 1D 88 13 21 00 
75178,="15:44:28.087",0xB2E3884,1,Rx,0x120,Standard Frame,data frame,6,CAN,x| 02 43 19 A4 5B 01 
75179,="15:44:28.087",0xB2E394C,1,Rx,0x122,Standard Frame,data frame,8,CAN,x| B0 00 00 01 13 00 00 00 
75180,="15:44:28.095",0xB2E58F0,1,Rx,0x124,Standard Frame,data frame,8,CAN,x| 68 12 C0 1D 88 0E 22 00 
75181,="15:44:28.095",0xB2E59B8,1,Rx,0x120,Standard Frame,data frame,6,CAN,x| 02 43 19 A4 5F 02 
75182,="15:44:28.095",0xB2E5A80,1,Rx,0x122,Standard Frame,data frame,8,CAN,x| B0 00 00 02 0E 00 00 00 
75183,="15:44:28.097",0xB2E5E04,1,Rx,0x13F,Standard Frame,data frame,8,CAN,x| 00 12 C0 00 00 00 00 00 
75184,="15:44:28.107",0xB2E82BC,1,Rx,0x124,Standard Frame,data frame,8,CAN,x| 68 12 C0 1D 88 14 23 00 
75185,="15:44:28.107",0xB2E8384,1,Rx,0x120,Standard Frame,data frame,6,CAN,x| 02 43 19 A4 5F 03 
75186,="15:44:28.107",0xB2E84B0,1,Rx,0x122,Standard Frame,data frame,8,CAN,x| B0 00 00 03 14 00 00 00 
75187,="15:44:28.115",0xB2EA710,1,Rx,0x124,Standard Frame,data frame,8,CAN,x| 68 12 C0 1D 88 14 20 00 
75188,="15:44:28.115",0xB2EA7D8,1,Rx,0x120,Standard Frame,data frame,6,CAN,x| 02 43 18 A4 5E 00 
75189,="15:44:28.115",0xB2EA8A0,1,Rx,0x122,Standard Frame,data frame,8,CAN,x| B0 00 00 00 14 00 00 00 
75190,="15:44:28.117",0xB2EACEC,1,Rx,0x13F,Standard Frame,data frame,8,CAN,x| 00 12 C0 00 00 00 00 00 
75191,="15:44:28.125",0xB2ECE20,1,Rx,0x124,Standard Frame,data frame,8,CAN,x| 68 12 C0 1D 88 14 21 00 
75192,="15:44:28.125",0xB2ECEE8,1,Rx,0x120,Standard Frame,data frame,6,CAN,x| 02 43 18 A4 5E 01 
75193,="15:44:28.125",0xB2ECFB0,1,Rx,0x122,Standard Frame,data frame,8,CAN,x| B0 00 00 01 14 00 00 00 
75194,="15:44:28.137",0xB2EF724,1,Rx,0x124,Standard Frame,data frame,8,CAN,x| 68 12 C0 1D 88 14 22 00 
75195,="15:44:28.137",0xB2EF7EC,1,Rx,0x120,Standard Frame,data frame,6,CAN,x| 02 43 1B A4 5D 02 
75196,="15:44:28.137",0xB2EF8B4,1,Rx,0x122,Standard Frame,data frame,8,CAN,x| B0 00 00 02 14 00 00 00 
75197,="15:44:28.137",0xB2EFC38,1,Rx,0x13F,Standard Frame,data frame,8,CAN,x| 00 12 C0 00 00 00 00 00 
75198,="15:44:28.145",0xB2F1BDC,1,Rx,0x124,Standard Frame,data frame,8,CAN,x| 68 12 C0 1D 88 0E 23 00 
75199,="15:44:28.145",0xB2F1CA4,1,Rx,0x120,Standard Frame,data frame,6,CAN,x| 02 43 1B A4 5F 03 
75200,="15:44:28.147",0xB2F1DD0,1,Rx,0x122,Standard Frame,data frame,8,CAN,x| B0 00 00 03 0E 00 00 00 
75201,="15:44:28.147",0xB2F2410,1,Rx,0x314,Standard Frame,data frame,8,CAN,x| 00 00 00 00 00 00 C0 01 
75202,="15:44:28.147",0xB2F24D8,1,Rx,0x32E,Standard Frame,data frame,8,CAN,x| 00 00 00 00 64 00 00 00 
75203,="15:44:28.156",0xB2F460C,1,Rx,0x124,Standard Frame,data frame,8,CAN,x| 68 12 C0 1D 88 14 20 00 
75204,="15:44:28.156",0xB2F46D4,1,Rx,0x120,Standard Frame,data frame,6,CAN,x| 02 43 1B A4 5F 00 
75205,="15:44:28.156",0xB2F479C,1,Rx,0x122,Standard Frame,data frame,8,CAN,x| B0 00 00 00 14 00 00 00 
75206,="15:44:28.156",0xB2F4BE8,1,Rx,0x13F,Standard Frame,data frame,8,CAN,x| 00 12 C0 00 00 00 00 00 
75207,="15:44:28.164",0xB2F69FC,1,Rx,0x124,Standard Frame,data frame,8,CAN,x| 68 12 C0 1D 88 14 21 00 
75208,="15:44:28.164",0xB2F6AC4,1,Rx,0x120,Standard Frame,data frame,6,CAN,x| 02 43 18 A4 5E 01 
75209,="15:44:28.166",0xB2F6BF0,1,Rx,0x122,Standard Frame,data frame,8,CAN,x| B0 00 00 01 14 00 00 00 
75210,="15:44:28.174",0xB2F910C,1,Rx,0x124,Standard Frame,data frame,8,CAN,x| 68 12 C0 1D 88 14 22 00 
75211,="15:44:28.174",0xB2F91D4,1,Rx,0x120,Standard Frame,data frame,6,CAN,x| 02 43 18 A4 5E 02 
75212,="15:44:28.176",0xB2F929C,1,Rx,0x122,Standard Frame,data frame,8,CAN,x| B0 00 00 02 14 00 00 00 
75213,="15:44:28.176",0xB2F93C8,1,Rx,0x310,Standard Frame,data frame,8,CAN,x| 01 3D 00 00 00 00 08 00 
75214,="15:44:28.176",0xB2F9490,1,Rx,0x318,Standard Frame,data frame,8,CAN,x| 01 41 FF 00 00 00 10 80 
75215,="15:44:28.176",0xB2F97B0,1,Rx,0x13F,Standard Frame,data frame,8,CAN,x| 00 12 C0 00 00 00 00 00 
75216,="15:44:28.186",0xB2FBA10,1,Rx,0x124,Standard Frame,data frame,8,CAN,x| 68 12 C0 1D 88 14 23 00 
75217,="15:44:28.186",0xB2FBAD8,1,Rx,0x120,Standard Frame,data frame,6,CAN,x| 02 43 1C A4 5D 03 
75218,="15:44:28.186",0xB2FBBA0,1,Rx,0x122,Standard Frame,data frame,8,CAN,x| B0 00 00 03 14 00 00 00 
75219,="15:44:28.194",0xB2FDF2C,1,Rx,0x124,Standard Frame,data frame,8,CAN,x| 68 12 C0 1D 88 0E 20 00 
75220,="15:44:28.194",0xB2FDFF4,1,Rx,0x120,Standard Frame,data frame,6,CAN,x| 02 43 1C A4 5F 00 
75221,="15:44:28.196",0xB2FE0BC,1,Rx,0x122,Standard Frame,data frame,8,CAN,x| B0 00 00 00 0E 00 00 00 
75222,="15:44:28.196",0xB2FE508,1,Rx,0x13F,Standard Frame,data frame,8,CAN,x| 00 12 C0 00 00 00 00 00 
75223,="15:44:28.206",0xB3008F8,1,Rx,0x124,Standard Frame,data frame,8,CAN,x| 68 12 C0 1D 88 14 21 00 
75224,="15:44:28.206",0xB3009C0,1,Rx,0x120,Standard Frame,data frame,6,CAN,x| 02 43 1C A4 5F 01 
75225,="15:44:28.206",0xB300A88,1,Rx,0x122,Standard Frame,data frame,8,CAN,x| B0 00 00 01 14 00 00 00 
75226,="15:44:28.214",0xB302D4C,1,Rx,0x124,Standard Frame,data frame,8,CAN,x| 68 12 C0 1D 88 14 22 00 
75227,="15:44:28.214",0xB302E14,1,Rx,0x120,Standard Frame,data frame,6,CAN,x| 02 43 19 A4 5E 02 
75228,="15:44:28.216",0xB302EDC,1,Rx,0x122,Standard Frame,data frame,8,CAN,x| B0 00 00 02 14 00 00 00 
75229,="15:44:28.216",0xB303260,1,Rx,0x13F,Standard Frame,data frame,8,CAN,x| 00 12 C0 00 00 00 00 00 
75230,="15:44:28.224",0xB30545C,1,Rx,0x124,Standard Frame,data frame,8,CAN,x| 68 12 C0 1D 88 14 23 00 
75231,="15:44:28.224",0xB305524,1,Rx,0x120,Standard Frame,data frame,6,CAN,x| 02 43 19 A4 5E 03 
75232,="15:44:28.226",0xB3055EC,1,Rx,0x122,Standard Frame,data frame,8,CAN,x| B0 00 00 03 14 00 00 00 
75233,="15:44:28.236",0xB307CFC,1,Rx,0x124,Standard Frame,data frame,8,CAN,x| 68 12 C0 1D 88 13 20 00 
75234,="15:44:28.236",0xB307DC4,1,Rx,0x120,Standard Frame,data frame,6,CAN,x| 02 43 1B A4 5D 00 
75235,="15:44:28.236",0xB307EF0,1,Rx,0x122,Standard Frame,data frame,8,CAN,x| B0 00 00 00 13 00 00 00 
75236,="15:44:28.236",0xB30833C,1,Rx,0x13F,Standard Frame,data frame,8,CAN,x| 00 12 C0 00 00 00 00 00 
75237,="15:44:28.244",0xB30A218,1,Rx,0x124,Standard Frame,data frame,8,CAN,x| 68 12 C0 1D 88 0E 21 00 
75238,="15:44:28.244",0xB30A2E0,1,Rx,0x120,Standard Frame,data frame,6,CAN,x| 02 43 1B A4 60 01 
75239,="15:44:28.246",0xB30A40C,1,Rx,0x122,Standard Frame,data frame,8,CAN,x| B0 00 00 01 0E 00 00 00 
75240,="15:44:28.246",0xB30A920,1,Rx,0x314,Standard Frame,data frame,8,CAN,x| 00 00 00 00 00 00 BE 01 
75241,="15:44:28.246",0xB30A9E8,1,Rx,0x500,Standard Frame,data frame,8,CAN,x| 75 02 3F 3F 3F 3F 3F 3F 
75242,="15:44:28.246",0xB30AB14,1,Rx,0x32E,Standard Frame,data frame,8,CAN,x| 00 00 00 01 64 00 00 00 
75243,="15:44:28.256",0xB30CC48,1,Rx,0x124,Standard Frame,data frame,8,CAN,x| 68 12 C0 1D 88 13 22 00 
75244,="15:44:28.256",0xB30CD10,1,Rx,0x120,Standard Frame,data frame,6,CAN,x| 02 43 1B A4 60 02 
75245,="15:44:28.256",0xB30CDD8,1,Rx,0x122,Standard Frame,data frame,8,CAN,x| B0 00 00 02 13 00 00 00 
75246,="15:44:28.256",0xB30D1C0,1,Rx,0x13F,Standard Frame,data frame,8,CAN,x| 00 12 C0 00 00 00 00 00 
75247,="15:44:28.264",0xB30F038,1,Rx,0x124,Standard Frame,data frame,8,CAN,x| 68 12 C0 1D 88 13 23 00 
75248,="15:44:28.264",0xB30F100,1,Rx,0x120,Standard Frame,data frame,6,CAN,x| 02 43 18 A4 5E 03 
75249,="15:44:28.266",0xB30F1C8,1,Rx,0x122,Standard Frame,data frame,8,CAN,x| B0 00 00 03 13 00 00 00 
75250,="15:44:28.274",0xB311748,1,Rx,0x124,Standard Frame,data frame,8,CAN,x| 68 12 C0 1D 88 13 20 00 
75251,="15:44:28.274",0xB311810,1,Rx,0x120,Standard Frame,data frame,6,CAN,x| 02 43 18 A4 5E 00 
75252,="15:44:28.276",0xB3118D8,1,Rx,0x122,Standard Frame,data frame,8,CAN,x| B0 00 00 00 13 00 00 00 
75253,="15:44:28.276",0xB311A04,1,Rx,0x310,Standard Frame,data frame,8,CAN,x| 01 3D 00 00 00 00 08 00 
75254,="15:44:28.276",0xB311ACC,1,Rx,0x318,Standard Frame,data frame,8,CAN,x| 01 41 FF 00 00 00 10 80 
75255,="15:44:28.276",0xB311EB4,1,Rx,0x13F,Standard Frame,data frame,8,CAN,x| 00 12 C0 00 00 00 00 00 
75256,="15:44:28.286",0xB31404C,1,Rx,0x124,Standard Frame,data frame,8,CAN,x| 68 12 C0 1D 88 13 21 00 
75257,="15:44:28.286",0xB314114,1,Rx,0x120,Standard Frame,data frame,6,CAN,x| 02 43 19 A4 5E 01 
75258,="15:44:28.286",0xB3141DC,1,Rx,0x122,Standard Frame,data frame,8,CAN,x| B0 00 00 01 13 00 00 00 
75259,="15:44:28.294",0xB316568,1,Rx,0x124,Standard Frame,data frame,8,CAN,x| 68 12 C0 1D 88 0E 22 00 
75260,="15:44:28.294",0xB316630,1,Rx,0x120,Standard Frame,data frame,6,CAN,x| 02 43 19 A4 60 02 
75261,="15:44:28.296",0xB3166F8,1,Rx,0x122,Standard Frame,data frame,8,CAN,x| B0 00 00 02 0E 00 00 00 
75262,="15:44:28.296",0xB316A7C,1,Rx,0x13F,Standard Frame,data frame,8,CAN,x| 00 12 C0 00 00 00 00 00 
75263,="15:44:28.306",0xB318F34,1,Rx,0x124,Standard Frame,data frame,8,CAN,x| 68 12 C0 1D 88 13 23 00 
75264,="15:44:28.306",0xB318FFC,1,Rx,0x120,Standard Frame,data frame,6,CAN,x| 02 43 19 A4 61 03 
75265,="15:44:28.306",0xB3190C4,1,Rx,0x122,Standard Frame,data frame,8,CAN,x| B0 00 00 03 13 00 00 00 
75266,="15:44:28.314",0xB31B388,1,Rx,0x124,Standard Frame,data frame,8,CAN,x| 68 12 C0 1D 88 13 20 00 
75267,="15:44:28.314",0xB31B450,1,Rx,0x120,Standard Frame,data frame,6,CAN,x| 02 43 14 A4 60 00 
75268,="15:44:28.316",0xB31B518,1,Rx,0x122,Standard Frame,data frame,8,CAN,x| B0 00 00 00 13 00 00 00 
75269,="15:44:28.316",0xB31B964,1,Rx,0x13F,Standard Frame,data frame,8,CAN,x| 00 12 C0 00 00 00 00 00 
75270,="15:44:28.324",0xB31DA34,1,Rx,0x124,Standard Frame,data frame,8,CAN,x| 68 12 C0 1D 88 13 21 00 
75271,="15:44:28.324",0xB31DAFC,1,Rx,0x120,Standard Frame,data frame,6,CAN,x| 02 43 14 A4 5F 01 
75272,="15:44:28.326",0xB31DC28,1,Rx,0x122,Standard Frame,data frame,8,CAN,x| B0 00 00 01 13 00 00 00 
75273,="15:44:28.336",0xB320338,1,Rx,0x124,Standard Frame,data frame,8,CAN,x| 68 12 C0 1D 88 13 22 00 
75274,="15:44:28.336",0xB320400,1,Rx,0x120,Standard Frame,data frame,6,CAN,x| 02 43 16 A4 5F 02 
75275,="15:44:28.336",0xB32052C,1,Rx,0x122,Standard Frame,data frame,8,CAN,x| B0 00 00 02 13 00 00 00 
75276,="15:44:28.336",0xB32084C,1,Rx,0x13F,Standard Frame,data frame,8,CAN,x| 00 12 C0 00 00 00 00 00 
75277,="15:44:28.344",0xB322854,1,Rx,0x124,Standard Frame,data frame,8,CAN,x| 68 12 C0 1D 88 0D 23 00 
75278,="15:44:28.344",0xB32291C,1,Rx,0x120,Standard Frame,data frame,6,CAN,x| 02 43 16 A4 61 03 
75279,="15:44:28.346",0xB322A48,1,Rx,0x122,Standard Frame,data frame,8,CAN,x| B0 00 00 03 0D 00 00 00 
75280,="15:44:28.346",0xB323088,1,Rx,0x314,Standard Frame,data frame,8,CAN,x| 00 00 00 00 00 00 AA 01 
75281,="15:44:28.348",0xB323150,1,Rx,0x32E,Standard Frame,data frame,8,CAN,x| 00 00 00 02 64 00 00 00 
75282,="15:44:28.356",0xB325220,1,Rx,0x124,Standard Frame,data frame,8,CAN,x| 68 12 C0 1D 88 12 20 00 
75283,="15:44:28.356",0xB3252E8,1,Rx,0x120,Standard Frame,data frame,6,CAN,x| 02 43 16 A4 62 00 
75284,="15:44:28.356",0xB325414,1,Rx,0x122,Standard Frame,data frame,8,CAN,x| B0 00 00 00 12 00 00 00 
75285,="15:44:28.358",0xB325860,1,Rx,0x13F,Standard Frame,data frame,8,CAN,x| 00 12 C0 00 00 00 00 00 
75286,="15:44:28.364",0xB327674,1,Rx,0x124,Standard Frame,data frame,8,CAN,x| 68 12 C0 1D 88 12 21 00 
75287,="15:44:28.364",0xB32773C,1,Rx,0x120,Standard Frame,data frame,6,CAN,x| 02 43 10 A4 60 01 
75288,="15:44:28.366",0xB327804,1,Rx,0x122,Standard Frame,data frame,8,CAN,x| B0 00 00 01 12 00 00 00 
75289,="15:44:28.374",0xB329D84,1,Rx,0x124,Standard Frame,data frame,8,CAN,x| 68 12 C0 1D 88 12 22 00 
75290,="15:44:28.374",0xB329E4C,1,Rx,0x120,Standard Frame,data frame,6,CAN,x| 02 43 10 A4 61 02 
75291,="15:44:28.376",0xB329F14,1,Rx,0x122,Standard Frame,data frame,8,CAN,x| B0 00 00 02 12 00 00 00 
75292,="15:44:28.376",0xB32A040,1,Rx,0x310,Standard Frame,data frame,8,CAN,x| 01 3D 00 00 00 00 08 00 
75293,="15:44:28.376",0xB32A108,1,Rx,0x318,Standard Frame,data frame,8,CAN,x| 01 41 FF 00 00 00 10 80 
75294,="15:44:28.376",0xB32A428,1,Rx,0x13F,Standard Frame,data frame,8,CAN,x| 00 12 C0 00 00 00 00 00 
75295,="15:44:28.386",0xB32C688,1,Rx,0x124,Standard Frame,data frame,8,CAN,x| 68 12 C0 1D 88 12 23 00 
75296,="15:44:28.386",0xB32C750,1,Rx,0x120,Standard Frame,data frame,6,CAN,x| 02 43 10 A4 62 03 
75297,="15:44:28.386",0xB32C818,1,Rx,0x122,Standard Frame,data frame,8,CAN,x| B0 00 00 03 12 00 00 00 
75298,="15:44:28.394",0xB32EBA4,1,Rx,0x124,Standard Frame,data frame,8,CAN,x| 68 12 C0 1D 88 0D 20 00 
75299,="15:44:28.394",0xB32EC6C,1,Rx,0x120,Standard Frame,data frame,6,CAN,x| 02 43 10 A4 62 00 
75300,="15:44:28.396",0xB32ED34,1,Rx,0x122,Standard Frame,data frame,8,CAN,x| B0 00 00 00 0D 00 00 00 
75301,="15:44:28.396",0xB32F180,1,Rx,0x13F,Standard Frame,data frame,8,CAN,x| 00 12 C0 00 00 00 00 00 
75302,="15:44:28.406",0xB331570,1,Rx,0x124,Standard Frame,data frame,8,CAN,x| 68 12 C0 1D 88 12 21 00 
75303,="15:44:28.406",0xB331638,1,Rx,0x120,Standard Frame,data frame,6,CAN,x| 02 43 10 A4 64 01 
75304,="15:44:28.406",0xB331700,1,Rx,0x122,Standard Frame,data frame,8,CAN,x| B0 00 00 01 12 00 00 00 
75305,="15:44:28.414",0xB333960,1,Rx,0x124,Standard Frame,data frame,8,CAN,x| 68 12 C0 1D 88 12 22 00 
75306,="15:44:28.414",0xB333A28,1,Rx,0x120,Standard Frame,data frame,6,CAN,x| 02 43 0C A4 60 02 
75307,="15:44:28.416",0xB333B54,1,Rx,0x122,Standard Frame,data frame,8,CAN,x| B0 00 00 02 12 00 00 00 
75308,="15:44:28.416",0xB333ED8,1,Rx,0x13F,Standard Frame,data frame,8,CAN,x| 00 12 C0 00 00 00 00 00 
75309,="15:44:28.424",0xB336070,1,Rx,0x124,Standard Frame,data frame,8,CAN,x| 68 12 C0 1D 88 12 23 00 
75310,="15:44:28.424",0xB336138,1,Rx,0x120,Standard Frame,data frame,6,CAN,x| 02 43 0C A4 61 03 
75311,="15:44:28.426",0xB336264,1,Rx,0x122,Standard Frame,data frame,8,CAN,x| B0 00 00 03 12 00 00 00 
75312,="15:44:28.436",0xB338974,1,Rx,0x124,Standard Frame,data frame,8,CAN,x| 68 12 C0 1D 88 12 20 00 
75313,="15:44:28.436",0xB338A3C,1,Rx,0x120,Standard Frame,data frame,6,CAN,x| 02 43 0E A4 62 00 
75314,="15:44:28.436",0xB338B68,1,Rx,0x122,Standard Frame,data frame,8,CAN,x| B0 00 00 00 12 00 00 00 
75315,="15:44:28.436",0xB338FB4,1,Rx,0x13F,Standard Frame,data frame,8,CAN,x| 00 12 C0 00 00 00 00 00 
75316,="15:44:28.444",0xB33AE90,1,Rx,0x124,Standard Frame,data frame,8,CAN,x| 68 12 C0 1D 88 0B 21 00 
75317,="15:44:28.444",0xB33AF58,1,Rx,0x120,Standard Frame,data frame,6,CAN,x| 02 43 0E A4 62 01 
75318,="15:44:28.446",0xB33B020,1,Rx,0x122,Standard Frame,data frame,8,CAN,x| B0 00 00 01 0B 00 00 00 
75319,="15:44:28.446",0xB33B534,1,Rx,0x314,Standard Frame,data frame,8,CAN,x| 00 00 00 00 00 00 91 01 
75320,="15:44:28.446",0xB33B660,1,Rx,0x500,Standard Frame,data frame,8,CAN,x| 75 03 3F 3F 3F 3F 3F 3F 
75321,="15:44:28.446",0xB33B728,1,Rx,0x32E,Standard Frame,data frame,8,CAN,x| 00 00 00 03 64 00 00 00 
75322,="15:44:28.456",0xB33D85C,1,Rx,0x124,Standard Frame,data frame,8,CAN,x| 68 12 C0 1D 88 12 22 00 
75323,="15:44:28.456",0xB33D924,1,Rx,0x120,Standard Frame,data frame,6,CAN,x| 02 43 0E A4 64 02 
75324,="15:44:28.456",0xB33DA50,1,Rx,0x122,Standard Frame,data frame,8,CAN,x| B0 00 00 02 12 00 00 00 
75325,="15:44:28.456",0xB33DDD4,1,Rx,0x13F,Standard Frame,data frame,8,CAN,x| 00 12 C0 00 00 00 00 00 
75326,="15:44:28.464",0xB33FCB0,1,Rx,0x124,Standard Frame,data frame,8,CAN,x| 68 12 C0 1D 88 12 23 00 
75327,="15:44:28.464",0xB33FD78,1,Rx,0x120,Standard Frame,data frame,6,CAN,x| 02 43 0D A4 60 03 
75328,="15:44:28.466",0xB33FE40,1,Rx,0x122,Standard Frame,data frame,8,CAN,x| B0 00 00 03 12 00 00 00 
75329,="15:44:28.474",0xB3423C0,1,Rx,0x124,Standard Frame,data frame,8,CAN,x| 68 12 C0 1D 88 12 20 00 
75330,="15:44:28.476",0xB342488,1,Rx,0x120,Standard Frame,data frame,6,CAN,x| 02 43 0D A4 60 00 
75331,="15:44:28.476",0xB342550,1,Rx,0x122,Standard Frame,data frame,8,CAN,x| B0 00 00 00 12 00 00 00 
75332,="15:44:28.476",0xB34267C,1,Rx,0x310,Standard Frame,data frame,8,CAN,x| 01 3D 00 00 00 00 08 00 
75333,="15:44:28.476",0xB342744,1,Rx,0x318,Standard Frame,data frame,8,CAN,x| 01 41 FF 00 00 00 10 80 
75334,="15:44:28.476",0xB342AC8,1,Rx,0x13F,Standard Frame,data frame,8,CAN,x| 00 12 C0 00 00 00 00 00 
75335,="15:44:28.486",0xB344C60,1,Rx,0x124,Standard Frame,data frame,8,CAN,x| 68 12 C0 1D 88 12 21 00 
75336,="15:44:28.486",0xB344D28,1,Rx,0x120,Standard Frame,data frame,6,CAN,x| 02 43 12 A4 60 01 
75337,="15:44:28.486",0xB344E54,1,Rx,0x122,Standard Frame,data frame,8,CAN,x| B0 00 00 01 12 00 00 00 
75338,="15:44:28.494",0xB3471E0,1,Rx,0x124,Standard Frame,data frame,8,CAN,x| 68 12 C0 1D 88 0B 22 00 
75339,="15:44:28.494",0xB347244,1,Rx,0x120,Standard Frame,data frame,6,CAN,x| 02 43 12 A4 61 02 
75340,="15:44:28.496",0xB347370,1,Rx,0x122,Standard Frame,data frame,8,CAN,x| B0 00 00 02 0B 00 00 00 
75341,="15:44:28.496",0xB3476F4,1,Rx,0x13F,Standard Frame,data frame,8,CAN,x| 00 12 C0 00 00 00 00 00 
75342,="15:44:28.506",0xB349BAC,1,Rx,0x124,Standard Frame,data frame,8,CAN,x| 68 12 C0 1D 88 13 23 00 
75343,="15:44:28.506",0xB349C74,1,Rx,0x120,Standard Frame,data frame,6,CAN,x| 02 43 12 A4 62 03 
75344,="15:44:28.506",0xB349D3C,1,Rx,0x122,Standard Frame,data frame,8,CAN,x| B0 00 00 03 13 00 00 00 
75345,="15:44:28.514",0xB34BF9C,1,Rx,0x124,Standard Frame,data frame,8,CAN,x| 68 12 C0 1D 88 13 20 00 
75346,="15:44:28.516",0xB34C064,1,Rx,0x120,Standard Frame,data frame,6,CAN,x| 02 43 10 A4 5E 00 
75347,="15:44:28.516",0xB34C190,1,Rx,0x122,Standard Frame,data frame,8,CAN,x| B0 00 00 00 13 00 00 00 
75348,="15:44:28.516",0xB34C578,1,Rx,0x13F,Standard Frame,data frame,8,CAN,x| 00 12 C0 00 00 00 00 00 
75349,="15:44:28.524",0xB34E6AC,1,Rx,0x124,Standard Frame,data frame,8,CAN,x| 68 12 C0 1D 88 13 21 00 
75350,="15:44:28.526",0xB34E774,1,Rx,0x120,Standard Frame,data frame,6,CAN,x| 02 43 10 A4 5E 01 
75351,="15:44:28.526",0xB34E8A0,1,Rx,0x122,Standard Frame,data frame,8,CAN,x| B0 00 00 01 13 00 00 00 
75352,="15:44:28.536",0xB350FB0,1,Rx,0x124,Standard Frame,data frame,8,CAN,x| 68 12 C0 1D 88 13 22 00 
75353,="15:44:28.536",0xB351078,1,Rx,0x120,Standard Frame,data frame,6,CAN,x| 02 43 14 A4 5D 02 
75354,="15:44:28.536",0xB351140,1,Rx,0x122,Standard Frame,data frame,8,CAN,x| B0 00 00 02 13 00 00 00 
75355,="15:44:28.536",0xB3514C4,1,Rx,0x13F,Standard Frame,data frame,8,CAN,x| 00 12 C0 00 00 00 00 00 
75356,="15:44:28.544",0xB3534CC,1,Rx,0x124,Standard Frame,data frame,8,CAN,x| 68 12 C0 1D 88 0C 23 00 
75357,="15:44:28.546",0xB353594,1,Rx,0x120,Standard Frame,data frame,6,CAN,x| 02 43 14 A4 5F 03 
75358,="15:44:28.546",0xB35365C,1,Rx,0x122,Standard Frame,data frame,8,CAN,x| B0 00 00 03 0C 00 00 00 
75359,="15:44:28.546",0xB353C9C,1,Rx,0x314,Standard Frame,data frame,8,CAN,x| 00 00 00 00 00 00 A1 01 
75360,="15:44:28.548",0xB353DC8,1,Rx,0x32E,Standard Frame,data frame,8,CAN,x| 00 00 00 00 64 00 00 00 
75361,="15:44:28.556",0xB355E98,1,Rx,0x124,Standard Frame,data frame,8,CAN,x| 68 12 C0 1D 88 13 20 00 
75362,="15:44:28.556",0xB355F60,1,Rx,0x120,Standard Frame,data frame,6,CAN,x| 02 43 14 A4 5F 00 
75363,="15:44:28.556",0xB35608C,1,Rx,0x122,Standard Frame,data frame,8,CAN,x| B0 00 00 00 13 00 00 00 
75364,="15:44:28.558",0xB3564D8,1,Rx,0x13F,Standard Frame,data frame,8,CAN,x| 00 12 C0 00 00 00 00 00 
75365,="15:44:28.564",0xB3582EC,1,Rx,0x124,Standard Frame,data frame,8,CAN,x| 68 12 C0 1D 88 13 21 00 
75366,="15:44:28.566",0xB3583B4,1,Rx,0x120,Standard Frame,data frame,6,CAN,x| 02 43 14 A4 5E 01 
75367,="15:44:28.566",0xB35847C,1,Rx,0x122,Standard Frame,data frame,8,CAN,x| B0 00 00 01 13 00 00 00 
75368,="15:44:28.576",0xB35A9FC,1,Rx,0x124,Standard Frame,data frame,8,CAN,x| 68 12 C0 1D 88 13 22 00 
75369,="15:44:28.576",0xB35AA60,1,Rx,0x120,Standard Frame,data frame,6,CAN,x| 02 43 14 A4 5D 02 
75370,="15:44:28.576",0xB35AB8C,1,Rx,0x122,Standard Frame,data frame,8,CAN,x| B0 00 00 02 13 00 00 00 
75371,="15:44:28.576",0xB35AC54,1,Rx,0x310,Standard Frame,data frame,8,CAN,x| 01 3D 00 00 00 00 08 00 
75372,="15:44:28.576",0xB35AD80,1,Rx,0x318,Standard Frame,data frame,8,CAN,x| 01 41 FF 00 00 00 10 80 
75373,="15:44:28.576",0xB35B03C,1,Rx,0x13F,Standard Frame,data frame,8,CAN,x| 00 12 C0 00 00 00 00 00 
75374,="15:44:28.586",0xB35D29C,1,Rx,0x124,Standard Frame,data frame,8,CAN,x| 68 12 C0 1D 88 13 23 00 
75375,="15:44:28.586",0xB35D364,1,Rx,0x120,Standard Frame,data frame,6,CAN,x| 02 43 17 A4 5C 03 
75376,="15:44:28.586",0xB35D490,1,Rx,0x122,Standard Frame,data frame,8,CAN,x| B0 00 00 03 13 00 00 00 
75377,="15:44:28.594",0xB35F7B8,1,Rx,0x124,Standard Frame,data frame,8,CAN,x| 68 12 C0 1D 88 09 20 00 
75378,="15:44:28.594",0xB35F880,1,Rx,0x120,Standard Frame,data frame,6,CAN,x| 02 43 17 A4 5F 00 
75379,="15:44:28.596",0xB35F9AC,1,Rx,0x122,Standard Frame,data frame,8,CAN,x| B0 00 00 00 09 00 00 00 
75380,="15:44:28.596",0xB35FD94,1,Rx,0x13F,Standard Frame,data frame,8,CAN,x| 00 12 C0 00 00 00 00 00 
75381,="15:44:28.606",0xB362184,1,Rx,0x124,Standard Frame,data frame,8,CAN,x| 68 12 C0 1D 88 13 21 00 
75382,="15:44:28.606",0xB36224C,1,Rx,0x120,Standard Frame,data frame,6,CAN,x| 02 43 17 A4 5F 01 
75383,="15:44:28.606",0xB362378,1,Rx,0x122,Standard Frame,data frame,8,CAN,x| B0 00 00 01 13 00 00 00 
75384,="15:44:28.614",0xB3645D8,1,Rx,0x124,Standard Frame,data frame,8,CAN,x| 68 12 C0 1D 88 13 22 00 
75385,="15:44:28.616",0xB3646A0,1,Rx,0x120,Standard Frame,data frame,6,CAN,x| 02 43 16 A4 5E 02 
75386,="15:44:28.616",0xB3647CC,1,Rx,0x122,Standard Frame,data frame,8,CAN,x| B0 00 00 02 13 00 00 00 
75387,="15:44:28.616",0xB364B50,1,Rx,0x13F,Standard Frame,data frame,8,CAN,x| 00 12 C0 00 00 00 00 00 
75388,="15:44:28.624",0xB366CE8,1,Rx,0x124,Standard Frame,data frame,8,CAN,x| 68 12 C0 1D 88 13 23 00 
75389,="15:44:28.626",0xB366DB0,1,Rx,0x120,Standard Frame,data frame,6,CAN,x| 02 43 16 A4 5D 03 
75390,="15:44:28.626",0xB366E78,1,Rx,0x122,Standard Frame,data frame,8,CAN,x| B0 00 00 03 13 00 00 00 
75391,="15:44:28.636",0xB3695EC,1,Rx,0x124,Standard Frame,data frame,8,CAN,x| 68 12 C0 1D 88 13 20 00 
75392,="15:44:28.636",0xB3696B4,1,Rx,0x120,Standard Frame,data frame,6,CAN,x| 02 43 1A A4 5D 00 
75393,="15:44:28.636",0xB36977C,1,Rx,0x122,Standard Frame,data frame,8,CAN,x| B0 00 00 00 13 00 00 00 
75394,="15:44:28.636",0xB369C2C,1,Rx,0x13F,Standard Frame,data frame,8,CAN,x| 00 12 C0 00 00 00 00 00 
75395,="15:44:28.644",0xB36BB08,1,Rx,0x124,Standard Frame,data frame,8,CAN,x| 68 12 C0 1D 88 0B 21 00 
75396,="15:44:28.646",0xB36BBD0,1,Rx,0x120,Standard Frame,data frame,6,CAN,x| 02 43 1A A4 5F 01 
75397,="15:44:28.646",0xB36BC98,1,Rx,0x122,Standard Frame,data frame,8,CAN,x| B0 00 00 01 0B 00 00 00 
75398,="15:44:28.646",0xB36C1AC,1,Rx,0x314,Standard Frame,data frame,8,CAN,x| 00 00 00 00 00 00 B9 01 
75399,="15:44:28.646",0xB36C2D8,1,Rx,0x500,Standard Frame,data frame,8,CAN,x| 75 01 00 3F 3F 3F 3F 3F 
75400,="15:44:28.648",0xB36C3A0,1,Rx,0x32E,Standard Frame,data frame,8,CAN,x| 00 00 00 01 64 00 00 00 
75401,="15:44:28.656",0xB36E4D4,1,Rx,0x124,Standard Frame,data frame,8,CAN,x| 68 12 C0 1D 88 14 22 00 
75402,="15:44:28.656",0xB36E59C,1,Rx,0x120,Standard Frame,data frame,6,CAN,x| 02 43 1A A4 5F 02 
75403,="15:44:28.656",0xB36E664,1,Rx,0x122,Standard Frame,data frame,8,CAN,x| B0 00 00 02 14 00 00 00 
75404,="15:44:28.658",0xB36EA4C,1,Rx,0x13F,Standard Frame,data frame,8,CAN,x| 00 12 C0 00 00 00 00 00 
75405,="15:44:28.664",0xB3708C4,1,Rx,0x124,Standard Frame,data frame,8,CAN,x| 68 12 C0 1D 88 14 23 00 
75406,="15:44:28.666",0xB37098C,1,Rx,0x120,Standard Frame,data frame,6,CAN,x| 02 43 18 A4 5E 03 
75407,="15:44:28.666",0xB370AB8,1,Rx,0x122,Standard Frame,data frame,8,CAN,x| B0 00 00 03 14 00 00 00 
75408,="15:44:28.674",0xB373038,1,Rx,0x124,Standard Frame,data frame,8,CAN,x| 68 12 C0 1D 88 14 20 00 
75409,="15:44:28.676",0xB37309C,1,Rx,0x120,Standard Frame,data frame,6,CAN,x| 02 43 18 A4 5D 00 
75410,="15:44:28.676",0xB3731C8,1,Rx,0x122,Standard Frame,data frame,8,CAN,x| B0 00 00 00 14 00 00 00 
75411,="15:44:28.676",0xB373290,1,Rx,0x310,Standard Frame,data frame,8,CAN,x| 01 3D 00 00 00 00 08 00 
75412,="15:44:28.676",0xB3733BC,1,Rx,0x318,Standard Frame,data frame,8,CAN,x| 01 41 FF 00 00 00 10 80 
75413,="15:44:28.676",0xB3737A4,1,Rx,0x13F,Standard Frame,data frame,8,CAN,x| 00 12 C0 00 00 00 00 00 
75414,="15:44:28.686",0xB3758D8,1,Rx,0x124,Standard Frame,data frame,8,CAN,x| 68 12 C0 1D 88 14 21 00 
75415,="15:44:28.686",0xB3759A0,1,Rx,0x120,Standard Frame,data frame,6,CAN,x| 02 43 1B A4 5C 01 
75416,="15:44:28.686",0xB375ACC,1,Rx,0x122,Standard Frame,data frame,8,CAN,x| B0 00 00 01 14 00 00 00 
75417,="15:44:28.694",0xB377DF4,1,Rx,0x124,Standard Frame,data frame,8,CAN,x| 68 12 C0 1D 88 0E 22 00 
75418,="15:44:28.696",0xB377EBC,1,Rx,0x120,Standard Frame,data frame,6,CAN,x| 02 43 1C A4 60 02 
75419,="15:44:28.696",0xB377FE8,1,Rx,0x122,Standard Frame,data frame,8,CAN,x| B0 00 00 02 0E 00 00 00 
75420,="15:44:28.696",0xB378308,1,Rx,0x13F,Standard Frame,data frame,8,CAN,x| 00 12 C0 00 00 00 00 00 
75421,="15:44:28.706",0xB37A7C0,1,Rx,0x124,Standard Frame,data frame,8,CAN,x| 68 12 C0 1D 88 14 23 00 
75422,="15:44:28.706",0xB37A888,1,Rx,0x120,Standard Frame,data frame,6,CAN,x| 02 43 1C A4 60 03 
75423,="15:44:28.706",0xB37A9B4,1,Rx,0x122,Standard Frame,data frame,8,CAN,x| B0 00 00 03 14 00 00 00 
75424,="15:44:28.714",0xB37CC14,1,Rx,0x124,Standard Frame,data frame,8,CAN,x| 68 12 C0 1D 88 14 20 00 
75425,="15:44:28.716",0xB37CCDC,1,Rx,0x120,Standard Frame,data frame,6,CAN,x| 02 43 18 A4 5E 00 
75426,="15:44:28.716",0xB37CDA4,1,Rx,0x122,Standard Frame,data frame,8,CAN,x| B0 00 00 00 14 00 00 00 
75427,="15:44:28.716",0xB37D1F0,1,Rx,0x13F,Standard Frame,data frame,8,CAN,x| 00 12 C0 00 00 00 00 00 
75428,="15:44:28.724",0xB37F324,1,Rx,0x124,Standard Frame,data frame,8,CAN,x| 68 12 C0 1D 88 14 21 00 
75429,="15:44:28.726",0xB37F3EC,1,Rx,0x120,Standard Frame,data frame,6,CAN,x| 02 43 18 A4 5D 01 
75430,="15:44:28.726",0xB37F4B4,1,Rx,0x122,Standard Frame,data frame,8,CAN,x| B0 00 00 01 14 00 00 00 
75431,="15:44:28.736",0xB381C28,1,Rx,0x124,Standard Frame,data frame,8,CAN,x| 68 12 C0 1D 88 14 22 00 
75432,="15:44:28.736",0xB381CF0,1,Rx,0x120,Standard Frame,data frame,6,CAN,x| 02 43 1A A4 5C 02 
75433,="15:44:28.736",0xB381DB8,1,Rx,0x122,Standard Frame,data frame,8,CAN,x| B0 00 00 02 14 00 00 00 
75434,="15:44:28.736",0xB38213C,1,Rx,0x13F,Standard Frame,data frame,8,CAN,x| 00 12 C0 00 00 00 00 00 
75435,="15:44:28.744",0xB384144,1,Rx,0x124,Standard Frame,data frame,8,CAN,x| 68 12 C0 1D 88 0B 23 00 
75436,="15:44:28.746",0xB38420C,1,Rx,0x120,Standard Frame,data frame,6,CAN,x| 02 43 1B A4 5F 03 
75437,="15:44:28.746",0xB3842D4,1,Rx,0x122,Standard Frame,data frame,8,CAN,x| B0 00 00 03 0B 00 00 00 
75438,="15:44:28.748",0xB384914,1,Rx,0x314,Standard Frame,data frame,8,CAN,x| 00 00 00 00 00 00 C0 01 
75439,="15:44:28.748",0xB384A40,1,Rx,0x32E,Standard Frame,data frame,8,CAN,x| 00 00 00 02 64 00 00 00 
75440,="15:44:28.756",0xB386B10,1,Rx,0x124,Standard Frame,data frame,8,CAN,x| 68 12 C0 1D 88 14 20 00 
75441,="15:44:28.756",0xB386BD8,1,Rx,0x120,Standard Frame,data frame,6,CAN,x| 02 43 1B A4 60 00 
75442,="15:44:28.756",0xB386CA0,1,Rx,0x122,Standard Frame,data frame,8,CAN,x| B0 00 00 00 14 00 00 00 
75443,="15:44:28.758",0xB387150,1,Rx,0x13F,Standard Frame,data frame,8,CAN,x| 00 12 C0 00 00 00 00 00 
